#include "model.hpp" 
alignas(8) const unsigned char g_model[] = {
  0x1c, 0x00, 0x00, 0x00, 0x54, 0x46, 0x4c, 0x33, 0x14, 0x00, 0x20, 0x00,
  0x1c, 0x00, 0x18, 0x00, 0x14, 0x00, 0x10, 0x00, 0x0c, 0x00, 0x00, 0x00,
  0x08, 0x00, 0x04, 0x00, 0x14, 0x00, 0x00, 0x00, 0x1c, 0x00, 0x00, 0x00,
  0x88, 0x00, 0x00, 0x00, 0xe0, 0x00, 0x00, 0x00, 0xd4, 0x1a, 0x00, 0x00,
  0xe4, 0x1a, 0x00, 0x00, 0x34, 0x63, 0x00, 0x00, 0x03, 0x00, 0x00, 0x00,
  0x01, 0x00, 0x00, 0x00, 0x04, 0x00, 0x00, 0x00, 0x3a, 0xdb, 0xff, 0xff,
  0x0c, 0x00, 0x00, 0x00, 0x1c, 0x00, 0x00, 0x00, 0x3c, 0x00, 0x00, 0x00,
  0x0f, 0x00, 0x00, 0x00, 0x73, 0x65, 0x72, 0x76, 0x69, 0x6e, 0x67, 0x5f,
  0x64, 0x65, 0x66, 0x61, 0x75, 0x6c, 0x74, 0x00, 0x01, 0x00, 0x00, 0x00,
  0x04, 0x00, 0x00, 0x00, 0x94, 0xff, 0xff, 0xff, 0x54, 0x00, 0x00, 0x00,
  0x04, 0x00, 0x00, 0x00, 0x09, 0x00, 0x00, 0x00, 0x64, 0x65, 0x6e, 0x73,
  0x65, 0x5f, 0x32, 0x34, 0x33, 0x00, 0x00, 0x00, 0x01, 0x00, 0x00, 0x00,
  0x04, 0x00, 0x00, 0x00, 0x5e, 0xe4, 0xff, 0xff, 0x04, 0x00, 0x00, 0x00,
  0x09, 0x00, 0x00, 0x00, 0x69, 0x6e, 0x70, 0x75, 0x74, 0x5f, 0x31, 0x34,
  0x30, 0x00, 0x00, 0x00, 0x02, 0x00, 0x00, 0x00, 0x34, 0x00, 0x00, 0x00,
  0x04, 0x00, 0x00, 0x00, 0xdc, 0xff, 0xff, 0xff, 0x57, 0x00, 0x00, 0x00,
  0x04, 0x00, 0x00, 0x00, 0x13, 0x00, 0x00, 0x00, 0x43, 0x4f, 0x4e, 0x56,
  0x45, 0x52, 0x53, 0x49, 0x4f, 0x4e, 0x5f, 0x4d, 0x45, 0x54, 0x41, 0x44,
  0x41, 0x54, 0x41, 0x00, 0x08, 0x00, 0x0c, 0x00, 0x08, 0x00, 0x04, 0x00,
  0x08, 0x00, 0x00, 0x00, 0x56, 0x00, 0x00, 0x00, 0x04, 0x00, 0x00, 0x00,
  0x13, 0x00, 0x00, 0x00, 0x6d, 0x69, 0x6e, 0x5f, 0x72, 0x75, 0x6e, 0x74,
  0x69, 0x6d, 0x65, 0x5f, 0x76, 0x65, 0x72, 0x73, 0x69, 0x6f, 0x6e, 0x00,
  0x58, 0x00, 0x00, 0x00, 0xf0, 0x19, 0x00, 0x00, 0xe8, 0x19, 0x00, 0x00,
  0xd4, 0x19, 0x00, 0x00, 0xb8, 0x19, 0x00, 0x00, 0xa4, 0x19, 0x00, 0x00,
  0x88, 0x19, 0x00, 0x00, 0x6c, 0x19, 0x00, 0x00, 0x58, 0x19, 0x00, 0x00,
  0x3c, 0x19, 0x00, 0x00, 0x20, 0x19, 0x00, 0x00, 0x0c, 0x19, 0x00, 0x00,
  0xf0, 0x18, 0x00, 0x00, 0xd4, 0x18, 0x00, 0x00, 0xb8, 0x18, 0x00, 0x00,
  0x9c, 0x18, 0x00, 0x00, 0x88, 0x18, 0x00, 0x00, 0x74, 0x18, 0x00, 0x00,
  0x6c, 0x18, 0x00, 0x00, 0x64, 0x18, 0x00, 0x00, 0x50, 0x18, 0x00, 0x00,
  0x3c, 0x18, 0x00, 0x00, 0x34, 0x18, 0x00, 0x00, 0x1c, 0x18, 0x00, 0x00,
  0x08, 0x18, 0x00, 0x00, 0xe8, 0x17, 0x00, 0x00, 0xe0, 0x17, 0x00, 0x00,
  0xd8, 0x17, 0x00, 0x00, 0xd0, 0x17, 0x00, 0x00, 0xbc, 0x17, 0x00, 0x00,
  0xa4, 0x17, 0x00, 0x00, 0x84, 0x17, 0x00, 0x00, 0x0c, 0x16, 0x00, 0x00,
  0xb4, 0x15, 0x00, 0x00, 0x24, 0x11, 0x00, 0x00, 0x14, 0x03, 0x00, 0x00,
  0x24, 0x02, 0x00, 0x00, 0x1c, 0x02, 0x00, 0x00, 0x14, 0x02, 0x00, 0x00,
  0x0c, 0x02, 0x00, 0x00, 0x04, 0x02, 0x00, 0x00, 0xfc, 0x01, 0x00, 0x00,
  0xf4, 0x01, 0x00, 0x00, 0xec, 0x01, 0x00, 0x00, 0xe4, 0x01, 0x00, 0x00,
  0xdc, 0x01, 0x00, 0x00, 0xd4, 0x01, 0x00, 0x00, 0xcc, 0x01, 0x00, 0x00,
  0xc4, 0x01, 0x00, 0x00, 0xbc, 0x01, 0x00, 0x00, 0xb4, 0x01, 0x00, 0x00,
  0xac, 0x01, 0x00, 0x00, 0xa4, 0x01, 0x00, 0x00, 0x9c, 0x01, 0x00, 0x00,
  0x94, 0x01, 0x00, 0x00, 0x8c, 0x01, 0x00, 0x00, 0x84, 0x01, 0x00, 0x00,
  0x7c, 0x01, 0x00, 0x00, 0x74, 0x01, 0x00, 0x00, 0x6c, 0x01, 0x00, 0x00,
  0x64, 0x01, 0x00, 0x00, 0x5c, 0x01, 0x00, 0x00, 0x54, 0x01, 0x00, 0x00,
  0x4c, 0x01, 0x00, 0x00, 0x44, 0x01, 0x00, 0x00, 0x3c, 0x01, 0x00, 0x00,
  0x34, 0x01, 0x00, 0x00, 0x2c, 0x01, 0x00, 0x00, 0x24, 0x01, 0x00, 0x00,
  0x1c, 0x01, 0x00, 0x00, 0x14, 0x01, 0x00, 0x00, 0x0c, 0x01, 0x00, 0x00,
  0x04, 0x01, 0x00, 0x00, 0xfc, 0x00, 0x00, 0x00, 0xf4, 0x00, 0x00, 0x00,
  0xec, 0x00, 0x00, 0x00, 0xe4, 0x00, 0x00, 0x00, 0xdc, 0x00, 0x00, 0x00,
  0xd4, 0x00, 0x00, 0x00, 0xcc, 0x00, 0x00, 0x00, 0xc4, 0x00, 0x00, 0x00,
  0xbc, 0x00, 0x00, 0x00, 0xb4, 0x00, 0x00, 0x00, 0xac, 0x00, 0x00, 0x00,
  0xa4, 0x00, 0x00, 0x00, 0x9c, 0x00, 0x00, 0x00, 0x94, 0x00, 0x00, 0x00,
  0x74, 0x00, 0x00, 0x00, 0x04, 0x00, 0x00, 0x00, 0x36, 0xe6, 0xff, 0xff,
  0x04, 0x00, 0x00, 0x00, 0x60, 0x00, 0x00, 0x00, 0x0c, 0x00, 0x00, 0x00,
  0x08, 0x00, 0x0e, 0x00, 0x08, 0x00, 0x04, 0x00, 0x08, 0x00, 0x00, 0x00,
  0x14, 0x00, 0x00, 0x00, 0x30, 0x00, 0x00, 0x00, 0x00, 0x00, 0x0a, 0x00,
  0x0c, 0x00, 0x08, 0x00, 0x00, 0x00, 0x07, 0x00, 0x0a, 0x00, 0x00, 0x00,
  0x00, 0x00, 0x00, 0x01, 0x04, 0x00, 0x00, 0x00, 0x01, 0x00, 0x00, 0x00,
  0xeb, 0x03, 0x00, 0x00, 0x00, 0x00, 0x0a, 0x00, 0x10, 0x00, 0x0c, 0x00,
  0x08, 0x00, 0x04, 0x00, 0x0a, 0x00, 0x00, 0x00, 0x02, 0x00, 0x00, 0x00,
  0x02, 0x00, 0x00, 0x00, 0x04, 0x00, 0x00, 0x00, 0x05, 0x00, 0x00, 0x00,
  0x32, 0x2e, 0x39, 0x2e, 0x31, 0x00, 0x00, 0x00, 0xa2, 0xe6, 0xff, 0xff,
  0x04, 0x00, 0x00, 0x00, 0x10, 0x00, 0x00, 0x00, 0x32, 0x2e, 0x35, 0x2e,
  0x30, 0x00, 0x00, 0x00, 0x00, 0x00, 0x00, 0x00, 0x00, 0x00, 0x00, 0x00,
  0x6c, 0xa0, 0xff, 0xff, 0x70, 0xa0, 0xff, 0xff, 0x74, 0xa0, 0xff, 0xff,
  0x78, 0xa0, 0xff, 0xff, 0x7c, 0xa0, 0xff, 0xff, 0x80, 0xa0, 0xff, 0xff,
  0x84, 0xa0, 0xff, 0xff, 0x88, 0xa0, 0xff, 0xff, 0x8c, 0xa0, 0xff, 0xff,
  0x90, 0xa0, 0xff, 0xff, 0x94, 0xa0, 0xff, 0xff, 0x98, 0xa0, 0xff, 0xff,
  0x9c, 0xa0, 0xff, 0xff, 0xa0, 0xa0, 0xff, 0xff, 0xa4, 0xa0, 0xff, 0xff,
  0xa8, 0xa0, 0xff, 0xff, 0xac, 0xa0, 0xff, 0xff, 0xb0, 0xa0, 0xff, 0xff,
  0xb4, 0xa0, 0xff, 0xff, 0xb8, 0xa0, 0xff, 0xff, 0xbc, 0xa0, 0xff, 0xff,
  0xc0, 0xa0, 0xff, 0xff, 0xc4, 0xa0, 0xff, 0xff, 0xc8, 0xa0, 0xff, 0xff,
  0xcc, 0xa0, 0xff, 0xff, 0xd0, 0xa0, 0xff, 0xff, 0xd4, 0xa0, 0xff, 0xff,
  0xd8, 0xa0, 0xff, 0xff, 0xdc, 0xa0, 0xff, 0xff, 0xe0, 0xa0, 0xff, 0xff,
  0xe4, 0xa0, 0xff, 0xff, 0xe8, 0xa0, 0xff, 0xff, 0xec, 0xa0, 0xff, 0xff,
  0xf0, 0xa0, 0xff, 0xff, 0xf4, 0xa0, 0xff, 0xff, 0xf8, 0xa0, 0xff, 0xff,
  0xfc, 0xa0, 0xff, 0xff, 0x00, 0xa1, 0xff, 0xff, 0x04, 0xa1, 0xff, 0xff,
  0x08, 0xa1, 0xff, 0xff, 0x0c, 0xa1, 0xff, 0xff, 0x10, 0xa1, 0xff, 0xff,
  0x14, 0xa1, 0xff, 0xff, 0x18, 0xa1, 0xff, 0xff, 0x1c, 0xa1, 0xff, 0xff,
  0x20, 0xa1, 0xff, 0xff, 0x24, 0xa1, 0xff, 0xff, 0x28, 0xa1, 0xff, 0xff,
  0x2c, 0xa1, 0xff, 0xff, 0x30, 0xa1, 0xff, 0xff, 0x86, 0xe7, 0xff, 0xff,
  0x04, 0x00, 0x00, 0x00, 0xe0, 0x00, 0x00, 0x00, 0x5d, 0xd4, 0xdd, 0x13,
  0x01, 0x1c, 0x69, 0x79, 0x20, 0xf9, 0xfe, 0x01, 0x03, 0x92, 0xf6, 0xa5,
  0x7b, 0xaa, 0x66, 0xab, 0x27, 0x56, 0xc7, 0x9a, 0xd5, 0x37, 0x48, 0x77,
  0xca, 0x0f, 0xd4, 0xf4, 0x4c, 0x6e, 0xae, 0xf6, 0x75, 0x41, 0x67, 0xa2,
  0xa7, 0x70, 0x03, 0xb1, 0x06, 0x59, 0x9f, 0x4f, 0x77, 0x91, 0xa0, 0x61,
  0xf9, 0x33, 0xbb, 0x73, 0x5f, 0x3e, 0x64, 0x79, 0x87, 0xc6, 0xf0, 0x64,
  0xb1, 0xff, 0xeb, 0xa1, 0x64, 0x0d, 0x00, 0x8d, 0x08, 0x7a, 0xee, 0x96,
  0x7d, 0xd9, 0x44, 0xde, 0x96, 0x3d, 0x50, 0x79, 0x75, 0x76, 0xe1, 0x14,
  0xb2, 0xb0, 0x5c, 0x0c, 0x9e, 0xcd, 0x78, 0x7c, 0x19, 0x1a, 0xf2, 0x50,
  0x04, 0x6b, 0x8f, 0x62, 0x34, 0xe0, 0x35, 0xfb, 0x36, 0x55, 0xe9, 0x97,
  0xe0, 0x6c, 0xe8, 0x27, 0x19, 0xb5, 0xeb, 0x3b, 0xbf, 0x50, 0x41, 0x20,
  0xf9, 0x4c, 0x0d, 0x25, 0x6e, 0x86, 0x72, 0xf1, 0x70, 0x06, 0xc7, 0x29,
  0xe0, 0xc8, 0x8d, 0xb9, 0x97, 0x93, 0x61, 0x02, 0xee, 0xd7, 0xa9, 0xea,
  0x28, 0xfc, 0xcd, 0xc3, 0x9f, 0x6d, 0xde, 0xdc, 0x88, 0x33, 0xb4, 0xe3,
  0x18, 0xb4, 0xc0, 0x9e, 0x36, 0xa7, 0x62, 0xe8, 0x54, 0xbb, 0x56, 0x02,
  0xc3, 0xe1, 0x2f, 0xad, 0xce, 0xcc, 0xfa, 0xfd, 0x23, 0xbf, 0x0e, 0xa6,
  0xc5, 0xbb, 0x5d, 0x09, 0x90, 0x7d, 0xf9, 0x4e, 0x7d, 0xce, 0x84, 0xfd,
  0xd1, 0xe4, 0x96, 0xc5, 0xec, 0xde, 0x85, 0x9a, 0x5e, 0xf4, 0xee, 0xe8,
  0x0c, 0x49, 0x8c, 0x6f, 0xc9, 0x8e, 0x79, 0x70, 0x25, 0x81, 0xfa, 0xd9,
  0xd0, 0x84, 0x91, 0xf9, 0x72, 0xe8, 0xff, 0xff, 0x04, 0x00, 0x00, 0x00,
  0x00, 0x0e, 0x00, 0x00, 0x1c, 0x62, 0x32, 0xc8, 0x29, 0x5c, 0x40, 0xc4,
  0x73, 0x8f, 0x0a, 0x3b, 0x88, 0x48, 0xe2, 0x4f, 0x14, 0xe5, 0x92, 0x2c,
  0xd1, 0x21, 0x1f, 0x25, 0x0b, 0x8b, 0x35, 0x2b, 0x6d, 0x61, 0xf0, 0xd4,
  0x18, 0x82, 0x59, 0xfa, 0x4a, 0xa7, 0x53, 0xcf, 0x1a, 0xe0, 0xe7, 0x83,
  0x08, 0x5b, 0x25, 0x6c, 0x99, 0xe4, 0x94, 0x63, 0xff, 0x60, 0x68, 0x12,
  0x5a, 0xce, 0x30, 0xf9, 0x69, 0xbd, 0x66, 0xed, 0x84, 0xb0, 0x76, 0xe3,
  0x1e, 0x37, 0xe2, 0xe7, 0x35, 0xe2, 0x06, 0xd1, 0xe6, 0x2b, 0xce, 0x60,
  0x51, 0xac, 0x4e, 0xc1, 0x35, 0xc1, 0x65, 0xe3, 0x5b, 0x03, 0x85, 0x73,
  0x4c, 0x50, 0xb9, 0x96, 0x40, 0x6d, 0x60, 0x43, 0xdc, 0xd2, 0x3b, 0xd1,
  0xdc, 0xb1, 0x49, 0x68, 0x92, 0x72, 0xad, 0x96, 0xee, 0xb6, 0xed, 0x79,
  0x0b, 0x17, 0x40, 0x6d, 0x2a, 0x08, 0xe3, 0xb3, 0x74, 0x08, 0xa4, 0x03,
  0xed, 0x2f, 0xc7, 0xdf, 0xa6, 0x2e, 0xcd, 0xf2, 0x98, 0x8d, 0x58, 0xb4,
  0x2b, 0xad, 0x3d, 0xcd, 0x09, 0xb1, 0xe5, 0x90, 0x65, 0x04, 0xf0, 0x94,
  0x32, 0x3b, 0xaf, 0xff, 0x1f, 0xa8, 0x89, 0x63, 0xfc, 0x17, 0x9b, 0x31,
  0xda, 0x3b, 0x76, 0xaf, 0xa2, 0xd9, 0x72, 0xc5, 0x3b, 0x12, 0x28, 0xf2,
  0xee, 0xcc, 0x6d, 0xbe, 0xc9, 0x79, 0xa2, 0x4c, 0x4d, 0x79, 0x8f, 0xc0,
  0x4e, 0x82, 0xb4, 0x24, 0xc5, 0x4c, 0x93, 0x39, 0xee, 0xd3, 0x91, 0x03,
  0x3d, 0xe8, 0x56, 0x06, 0x5d, 0x01, 0xc7, 0xca, 0x0b, 0xbe, 0xd9, 0x2a,
  0xa3, 0xe6, 0xba, 0x7e, 0xc5, 0x9e, 0x66, 0x64, 0x73, 0x33, 0x11, 0x37,
  0x61, 0x4c, 0x42, 0xf8, 0xd0, 0xab, 0x5a, 0xd5, 0xe8, 0xc4, 0xef, 0x31,
  0xfb, 0x2c, 0x99, 0x8b, 0x97, 0xfd, 0x3c, 0x9e, 0x29, 0x3d, 0xc3, 0x25,
  0xc1, 0x5d, 0xf0, 0x7c, 0x75, 0x01, 0xbb, 0x6c, 0xcc, 0xad, 0x0b, 0x6a,
  0xa6, 0x75, 0x31, 0x86, 0xf6, 0xee, 0x4a, 0xd9, 0x06, 0xd8, 0x6f, 0x05,
  0x8f, 0x58, 0x55, 0x29, 0x78, 0x3b, 0x38, 0xae, 0xa1, 0x3f, 0x40, 0x2d,
  0xac, 0x64, 0x00, 0x7e, 0x8f, 0x66, 0x0f, 0xd8, 0xbb, 0xef, 0x95, 0x0e,
  0x08, 0x0a, 0x32, 0xca, 0x00, 0x5a, 0xee, 0x84, 0x78, 0xdf, 0x76, 0x2b,
  0x86, 0x6e, 0xca, 0xf6, 0xbe, 0xd1, 0x54, 0xb0, 0x20, 0x4e, 0xdf, 0xba,
  0x12, 0x85, 0x50, 0xe3, 0x97, 0x8f, 0x76, 0x59, 0x02, 0xb3, 0x8a, 0x79,
  0x27, 0x7e, 0xf6, 0x8f, 0x39, 0xf8, 0xff, 0x68, 0x49, 0x68, 0x2c, 0x42,
  0x59, 0x02, 0x4e, 0xc3, 0x8c, 0x35, 0xe7, 0xdf, 0x72, 0x3e, 0xdf, 0x14,
  0x17, 0x22, 0xc6, 0x04, 0x66, 0xef, 0x5b, 0x8f, 0x3e, 0x78, 0x8a, 0x02,
  0x26, 0x82, 0xf1, 0xb3, 0xde, 0x91, 0x69, 0xdf, 0x35, 0xfb, 0xd7, 0x36,
  0x4c, 0xe6, 0xa5, 0xdd, 0x49, 0x81, 0xe1, 0xb8, 0x2b, 0x2d, 0xca, 0xd0,
  0xf3, 0xd9, 0xc8, 0x5a, 0x1f, 0xe9, 0x44, 0x99, 0x41, 0x02, 0x57, 0x39,
  0x43, 0xe9, 0xfe, 0x86, 0x31, 0x10, 0x5a, 0xa8, 0x65, 0x47, 0x9b, 0xf9,
  0xd2, 0xce, 0xd7, 0x06, 0xe9, 0x33, 0x2a, 0x69, 0x61, 0x90, 0xd3, 0x43,
  0x49, 0x8b, 0xa1, 0x3e, 0x16, 0x6e, 0x67, 0xc4, 0xb8, 0xd0, 0x05, 0xbd,
  0x08, 0xc3, 0xec, 0x54, 0x55, 0xbf, 0xe2, 0x1d, 0x13, 0x1c, 0x09, 0xbb,
  0x54, 0x3d, 0xef, 0x9c, 0xec, 0xa3, 0x26, 0xcc, 0x6c, 0xd5, 0x41, 0xb8,
  0x31, 0xd6, 0x3e, 0x07, 0x90, 0x8a, 0x07, 0xc7, 0xa1, 0x55, 0x70, 0x49,
  0xc7, 0xbb, 0x30, 0x43, 0x8c, 0xce, 0x4a, 0x74, 0x72, 0xe7, 0xd5, 0xfc,
  0xe3, 0x24, 0xba, 0x92, 0xec, 0x27, 0x8c, 0x13, 0xec, 0x1c, 0xf4, 0xa6,
  0xb8, 0xa4, 0x8a, 0x46, 0xb8, 0xc8, 0x51, 0x6c, 0x59, 0xc7, 0x18, 0xf2,
  0x5b, 0x5a, 0x37, 0xd3, 0xb9, 0x24, 0xd7, 0x35, 0x25, 0xee, 0xf3, 0x87,
  0xac, 0xa8, 0xb3, 0xcd, 0xad, 0x25, 0xd5, 0xfe, 0x19, 0x48, 0x04, 0x47,
  0xd0, 0x5f, 0x73, 0xb1, 0x15, 0xaa, 0x6b, 0x49, 0x12, 0x1a, 0x0d, 0x62,
  0x3f, 0x6c, 0x67, 0x56, 0x12, 0x3c, 0x1c, 0xd2, 0x31, 0x18, 0x6a, 0xbe,
  0x61, 0x27, 0x4b, 0xea, 0xad, 0xa7, 0x7e, 0xac, 0x23, 0x70, 0x31, 0x5e,
  0x3e, 0xb8, 0xba, 0x8c, 0x41, 0x7e, 0x2a, 0xaf, 0x40, 0x7e, 0x3f, 0x29,
  0x2b, 0x39, 0x08, 0xae, 0x2c, 0xe9, 0xe5, 0xa9, 0x01, 0x44, 0xf6, 0xa6,
  0x1d, 0xb8, 0x98, 0x7b, 0x02, 0x92, 0x4d, 0xb3, 0xbe, 0x07, 0xe1, 0xd8,
  0x83, 0xef, 0x42, 0x19, 0xba, 0xf5, 0xd8, 0x65, 0x40, 0x33, 0xb1, 0x1d,
  0x98, 0x03, 0xf5, 0xa8, 0x2b, 0x71, 0xee, 0xe9, 0x4a, 0x0b, 0x34, 0x03,
  0x0c, 0xe6, 0x2d, 0xbf, 0x6c, 0x3f, 0x4d, 0x1c, 0x65, 0x41, 0x13, 0xb6,
  0x77, 0xbb, 0xd4, 0x53, 0xa9, 0x4b, 0x86, 0x42, 0x2b, 0x6d, 0x3d, 0x27,
  0x8b, 0x28, 0xde, 0x94, 0x98, 0x38, 0xd7, 0xf2, 0x0c, 0x1b, 0x94, 0xc0,
  0x16, 0x1e, 0x06, 0x36, 0x48, 0xa0, 0xb5, 0x79, 0xae, 0xdb, 0x49, 0xd3,
  0x59, 0x86, 0x75, 0xa0, 0xf3, 0xd0, 0x10, 0x22, 0x93, 0xf6, 0xe6, 0xed,
  0xc2, 0xaf, 0xd5, 0x1d, 0xf6, 0x2d, 0x99, 0x6c, 0xa7, 0x99, 0xdc, 0xc9,
  0xec, 0xb6, 0x3d, 0xad, 0x94, 0x0a, 0x41, 0x99, 0x1d, 0x22, 0x23, 0x62,
  0x77, 0xa2, 0x03, 0xda, 0x54, 0x7a, 0x46, 0x4d, 0xa6, 0xfe, 0x29, 0x5e,
  0xc9, 0x97, 0x35, 0x74, 0xf2, 0xb3, 0xe0, 0x05, 0x76, 0x71, 0xa5, 0x06,
  0x3d, 0x3c, 0xd1, 0x8e, 0xda, 0xab, 0x72, 0xdc, 0x73, 0xf3, 0x62, 0x87,
  0xef, 0xb1, 0x72, 0x87, 0x0a, 0x29, 0x10, 0x53, 0xd3, 0xce, 0x48, 0xf1,
  0x59, 0xfb, 0xeb, 0x38, 0x14, 0x38, 0x4e, 0x73, 0x27, 0x03, 0xbf, 0x5d,
  0xcd, 0x26, 0xe4, 0xf3, 0xe8, 0xcc, 0xeb, 0xbe, 0x12, 0x93, 0x22, 0x50,
  0x27, 0x56, 0x65, 0x9f, 0x4b, 0x1a, 0x30, 0x6d, 0xd8, 0x89, 0x11, 0xee,
  0xb9, 0x59, 0xad, 0xe0, 0x27, 0x97, 0x63, 0x35, 0x93, 0x4a, 0x09, 0x8a,
  0x0e, 0x8a, 0xdf, 0x55, 0xb9, 0x63, 0xb9, 0xfa, 0x12, 0xd5, 0x48, 0x7a,
  0x82, 0xe0, 0x82, 0x9e, 0x75, 0xc5, 0x21, 0x8e, 0xf5, 0x94, 0xe3, 0xa9,
  0xd0, 0x48, 0xaa, 0x78, 0xb4, 0xe5, 0xec, 0x55, 0x44, 0xa0, 0x71, 0x9b,
  0xce, 0x28, 0x88, 0xc8, 0xb1, 0x96, 0x0b, 0x60, 0x30, 0x81, 0xf8, 0xf0,
  0xc9, 0xde, 0xdb, 0x7b, 0x20, 0xa2, 0xe6, 0xb0, 0x20, 0x42, 0x66, 0x32,
  0xf6, 0xc3, 0x36, 0xad, 0x8c, 0x77, 0xd4, 0xed, 0x0e, 0x59, 0x4a, 0x66,
  0xce, 0x62, 0x95, 0x6e, 0x75, 0x1d, 0x54, 0x62, 0xd2, 0x6b, 0x79, 0x6f,
  0xd7, 0x2f, 0xf0, 0x98, 0xa2, 0x97, 0x5e, 0xc1, 0x99, 0x92, 0x4a, 0x09,
  0xe0, 0x8e, 0xad, 0x03, 0xa2, 0xff, 0xd0, 0x19, 0x9e, 0x2c, 0x72, 0x7a,
  0x39, 0x84, 0x70, 0x23, 0xcb, 0x95, 0x65, 0xad, 0x92, 0xd9, 0x7c, 0x9e,
  0x3c, 0x24, 0xf2, 0x83, 0x9c, 0xa7, 0xd2, 0x49, 0xe3, 0xfd, 0x14, 0xf6,
  0x85, 0x88, 0x9b, 0xf6, 0xb2, 0xf3, 0x25, 0xe5, 0x3c, 0xbf, 0xa6, 0xb3,
  0x8b, 0x8f, 0xce, 0x07, 0xc7, 0x79, 0xbf, 0xf1, 0x23, 0x60, 0x84, 0xfc,
  0xd5, 0xc0, 0xd5, 0xa0, 0x28, 0xc8, 0x9d, 0xe3, 0x0e, 0x17, 0x71, 0xd0,
  0xcd, 0x2a, 0xd4, 0xd0, 0xc9, 0xdd, 0x05, 0x1b, 0x53, 0x5c, 0x28, 0x72,
  0xe4, 0x5b, 0x11, 0xd1, 0x03, 0x1e, 0xc4, 0x90, 0x3c, 0x62, 0x6d, 0xa9,
  0xb6, 0x82, 0x61, 0x59, 0x17, 0x64, 0x1a, 0xf8, 0xf7, 0x69, 0x94, 0x51,
  0xab, 0xa3, 0xc0, 0xa2, 0x8e, 0xcd, 0xd6, 0x27, 0x02, 0xa3, 0x02, 0xef,
  0xeb, 0xc5, 0x79, 0x15, 0x92, 0x8d, 0x1e, 0x22, 0xf3, 0x9b, 0xff, 0xcc,
  0x85, 0xec, 0xf1, 0x7a, 0xe3, 0x18, 0x1d, 0x8a, 0xbc, 0xb8, 0xba, 0x1e,
  0x88, 0x64, 0xba, 0x52, 0xc3, 0x0d, 0xdc, 0x77, 0x15, 0x3c, 0x7e, 0x4f,
  0xc2, 0x43, 0x8e, 0x62, 0x05, 0x56, 0xef, 0x54, 0x4a, 0xba, 0x3f, 0x84,
  0xfb, 0xd2, 0xdd, 0xe9, 0x9b, 0x0e, 0x70, 0x04, 0x5d, 0x2a, 0xb5, 0xa8,
  0xe5, 0xb3, 0x56, 0x1f, 0xcf, 0xba, 0x15, 0xe6, 0xf8, 0x94, 0xd1, 0x5b,
  0x57, 0x79, 0x7c, 0xc4, 0x36, 0xa2, 0xa6, 0xbd, 0xfe, 0xae, 0xa3, 0x8f,
  0x75, 0x91, 0x93, 0x55, 0x83, 0xf5, 0xbc, 0xce, 0x18, 0xf0, 0xcd, 0x4d,
  0xe8, 0x66, 0xc4, 0x21, 0xe1, 0x93, 0x0e, 0x0c, 0xd2, 0xac, 0x5f, 0x86,
  0x15, 0x0b, 0xca, 0xd4, 0x41, 0xf1, 0x05, 0x1d, 0x6b, 0xa9, 0x47, 0x98,
  0x89, 0xfb, 0x21, 0x16, 0x05, 0xa0, 0xd8, 0xe2, 0x91, 0x9b, 0xae, 0x4b,
  0xba, 0x0f, 0xaa, 0xac, 0x46, 0xc8, 0xc8, 0x5c, 0x67, 0x3a, 0x71, 0xbb,
  0x3e, 0x00, 0xe6, 0xc1, 0xae, 0x91, 0xc9, 0xcd, 0x2c, 0xee, 0x8f, 0xa3,
  0xe3, 0x86, 0xfe, 0xf5, 0x9c, 0xb2, 0x91, 0x6f, 0x5b, 0x8e, 0xf6, 0x46,
  0x9c, 0xf0, 0x75, 0xd0, 0xcc, 0x75, 0x75, 0x8f, 0x90, 0x42, 0x30, 0x4b,
  0x3d, 0x8c, 0xaf, 0x3f, 0x7a, 0x71, 0xc9, 0x0e, 0x4b, 0x60, 0x22, 0xe9,
  0x9b, 0x1d, 0xbb, 0xcc, 0xa5, 0x4e, 0x73, 0x3c, 0x30, 0x16, 0x75, 0x42,
  0x2d, 0x10, 0x00, 0x66, 0x2c, 0xdd, 0x3a, 0x00, 0x5c, 0x74, 0x65, 0x06,
  0xad, 0x24, 0xf7, 0x9f, 0xba, 0x91, 0x30, 0xed, 0xbf, 0x9a, 0x62, 0x0f,
  0x62, 0x5d, 0xc6, 0x85, 0xa9, 0xf1, 0x6d, 0x03, 0x1a, 0x41, 0xb8, 0xc2,
  0x02, 0xe2, 0x19, 0x9a, 0xee, 0xd3, 0x54, 0x1a, 0xf2, 0xa2, 0x35, 0x21,
  0x02, 0x1e, 0x2b, 0xfe, 0xc9, 0x56, 0x53, 0x22, 0x1a, 0xc3, 0x9a, 0x11,
  0x79, 0x77, 0x9d, 0xe4, 0xc4, 0xad, 0x5d, 0x47, 0xcd, 0xed, 0x37, 0x30,
  0xeb, 0x23, 0x35, 0xc3, 0xf0, 0xc3, 0xd2, 0x09, 0xd6, 0x6e, 0xd0, 0x9a,
  0xc2, 0xd3, 0x0b, 0xc1, 0xe3, 0x30, 0x8e, 0xa1, 0x4f, 0x1b, 0x37, 0x34,
  0xe7, 0x81, 0x53, 0x49, 0xe4, 0x11, 0x7a, 0xbd, 0x7c, 0xe5, 0x78, 0x6d,
  0xd9, 0x0c, 0x30, 0xe9, 0xb0, 0xd3, 0x0b, 0x44, 0x4b, 0xce, 0x96, 0xec,
  0xfd, 0xa2, 0x31, 0x61, 0xe8, 0xb9, 0x9f, 0xb7, 0xc0, 0x4e, 0x8e, 0x86,
  0xf3, 0xc2, 0xb0, 0x14, 0xb3, 0x8b, 0xea, 0xd9, 0xee, 0xe0, 0xe9, 0xd3,
  0x38, 0xe7, 0xbc, 0x3d, 0xd2, 0x24, 0xf5, 0x4e, 0x31, 0x09, 0xf5, 0xdb,
  0xe0, 0xa1, 0xbc, 0xd1, 0x45, 0x0a, 0xd8, 0x90, 0x4d, 0x6e, 0xfb, 0x28,
  0xd6, 0x9a, 0x4b, 0xee, 0x4e, 0x16, 0x6b, 0x15, 0x93, 0x2b, 0x8d, 0x7b,
  0xc8, 0x50, 0x34, 0xda, 0xfc, 0xa0, 0x11, 0x3b, 0x02, 0xb1, 0x25, 0xec,
  0xe5, 0x00, 0x8e, 0x8b, 0xbb, 0xb0, 0x99, 0x7a, 0x5f, 0x79, 0x19, 0x68,
  0xae, 0x7b, 0x5f, 0xcc, 0xe5, 0x33, 0x9c, 0xc7, 0x77, 0x46, 0x17, 0xf0,
  0x65, 0xf2, 0x98, 0xaf, 0x70, 0xbd, 0xde, 0x62, 0x73, 0x03, 0x8c, 0xf0,
  0x09, 0x49, 0x7a, 0x62, 0xa8, 0x33, 0x4d, 0x63, 0x0f, 0xbb, 0x8d, 0x2d,
  0xf0, 0x9b, 0xac, 0x79, 0x42, 0x87, 0xae, 0x99, 0xc8, 0xaf, 0x25, 0x42,
  0x5e, 0x0c, 0x26, 0x4d, 0x57, 0x0a, 0x8b, 0x40, 0xac, 0x50, 0xcf, 0xbd,
  0x67, 0xe4, 0x5c, 0xe7, 0x1f, 0xce, 0x89, 0x89, 0x7f, 0xe2, 0x32, 0xb8,
  0xb9, 0x98, 0x09, 0x49, 0xfc, 0x85, 0x07, 0xfc, 0xc4, 0xd9, 0x98, 0x30,
  0x94, 0x5e, 0xe8, 0x93, 0xaa, 0x0f, 0xf3, 0x83, 0xd1, 0x3a, 0xdf, 0xf2,
  0x20, 0x6b, 0x0a, 0x09, 0x47, 0xf0, 0x8f, 0xad, 0x85, 0xec, 0x14, 0x20,
  0x05, 0x0c, 0x0f, 0x90, 0x13, 0xa8, 0x64, 0xe6, 0x2d, 0xa6, 0x46, 0x9f,
  0xcb, 0xc4, 0x03, 0xe7, 0xa7, 0x07, 0x6f, 0x71, 0xc3, 0xa1, 0x28, 0x1d,
  0x0f, 0xc3, 0x77, 0x07, 0xf1, 0x03, 0xc0, 0xed, 0xdb, 0x57, 0x62, 0x13,
  0x24, 0x92, 0x97, 0x77, 0x6b, 0x38, 0xb9, 0xca, 0x1e, 0x42, 0x4c, 0x6d,
  0x1f, 0xea, 0xa8, 0x63, 0x36, 0x5c, 0xfc, 0xd1, 0x4f, 0x7e, 0xc7, 0x89,
  0x9a, 0x05, 0xd8, 0xd5, 0x65, 0xfe, 0x9d, 0xf6, 0xf3, 0x75, 0xd3, 0x7e,
  0x29, 0x2d, 0x45, 0xb9, 0x2c, 0xb2, 0xc4, 0x03, 0x74, 0xaf, 0xea, 0x69,
  0x4c, 0xeb, 0x6b, 0x23, 0x2a, 0x5e, 0x9d, 0x22, 0xb6, 0x2b, 0xc1, 0x30,
  0x94, 0x93, 0xfa, 0x6f, 0xac, 0x93, 0x43, 0x64, 0x72, 0xc2, 0x63, 0x90,
  0xa1, 0xc4, 0x52, 0x7a, 0xe3, 0x6c, 0xe1, 0x6a, 0x7e, 0xc1, 0x83, 0xcd,
  0xfa, 0x12, 0x2b, 0x9c, 0xbe, 0x04, 0x3a, 0x3e, 0x61, 0xfe, 0x16, 0xcd,
  0x48, 0x5a, 0x3e, 0x10, 0x2e, 0xe3, 0x65, 0x88, 0xee, 0x10, 0x27, 0x42,
  0x8a, 0xad, 0xbb, 0x8f, 0x28, 0x5c, 0xfd, 0xc4, 0x7e, 0xb8, 0x5e, 0xde,
  0x4a, 0x41, 0xa6, 0x78, 0x1e, 0x75, 0x77, 0x16, 0xa6, 0x69, 0x54, 0xbe,
  0xdc, 0x87, 0xc1, 0x86, 0xb8, 0xd0, 0x8b, 0x62, 0xeb, 0xc5, 0x40, 0x7e,
  0x43, 0xd9, 0x96, 0xc0, 0xe4, 0x9d, 0x41, 0xe8, 0x54, 0x27, 0xbf, 0x1f,
  0x28, 0x25, 0xdc, 0xaf, 0xf5, 0xb1, 0x08, 0xca, 0x7e, 0xa2, 0x96, 0x1d,
  0x72, 0x55, 0x2f, 0xf5, 0x30, 0xcb, 0x48, 0x4c, 0xbd, 0xe2, 0x8c, 0xef,
  0xa8, 0x8e, 0xc2, 0x29, 0xf8, 0x66, 0x8b, 0x0b, 0x10, 0x6e, 0xc8, 0x31,
  0xa8, 0x21, 0xe9, 0x9a, 0x53, 0x3b, 0x58, 0x2e, 0xc9, 0x2a, 0xe5, 0x79,
  0xcf, 0xdf, 0xa9, 0x9b, 0xc1, 0xa5, 0xf6, 0xed, 0xec, 0x09, 0x12, 0x3a,
  0xbd, 0x69, 0xf0, 0x88, 0xec, 0x99, 0xd4, 0xdf, 0xfc, 0xab, 0x6e, 0xd2,
  0x6e, 0x11, 0x08, 0x4b, 0x66, 0x20, 0xda, 0x44, 0x19, 0x0c, 0xfd, 0x82,
  0xd5, 0x60, 0xe3, 0x86, 0x03, 0x21, 0x06, 0xb5, 0xbe, 0xa7, 0x43, 0xc1,
  0x4c, 0xb1, 0xab, 0x19, 0x4f, 0x25, 0x50, 0x2a, 0x2b, 0xa0, 0x7e, 0x6f,
  0x0c, 0x78, 0xa5, 0x2d, 0xb9, 0xf7, 0x5a, 0x65, 0x16, 0x57, 0x8f, 0x1a,
  0x93, 0x18, 0xc4, 0xe1, 0x9d, 0x2a, 0xa6, 0xdc, 0x1a, 0xfc, 0x0d, 0x5c,
  0x69, 0x71, 0xd7, 0x0e, 0xf9, 0x0a, 0x6b, 0x92, 0x1b, 0xed, 0x25, 0x37,
  0xcc, 0x68, 0xa9, 0xbf, 0xc3, 0xb5, 0x09, 0x20, 0x4f, 0x28, 0x4b, 0xd8,
  0xb0, 0x77, 0xcd, 0x44, 0xc4, 0x21, 0xb2, 0xa9, 0x1a, 0x6e, 0x78, 0xe5,
  0x60, 0xac, 0x1b, 0x5b, 0x5d, 0x86, 0x39, 0x8e, 0x54, 0x66, 0x18, 0x44,
  0x45, 0x6a, 0x7e, 0xe4, 0x32, 0xdf, 0x01, 0x79, 0xcb, 0x36, 0xe5, 0x3e,
  0x37, 0x01, 0xa4, 0xce, 0x28, 0x98, 0xde, 0x85, 0x32, 0xd9, 0x12, 0x48,
  0x3b, 0x72, 0x9b, 0xc7, 0xe1, 0xca, 0x0b, 0x62, 0x54, 0x0d, 0x93, 0xc7,
  0xa7, 0x27, 0x2a, 0x4d, 0xec, 0x0a, 0xe3, 0x32, 0xe5, 0xde, 0xff, 0x05,
  0xef, 0xd2, 0x5f, 0xc3, 0x07, 0xc8, 0x88, 0x47, 0x3a, 0x0f, 0x7e, 0xa3,
  0xc6, 0x74, 0xb7, 0x29, 0xc9, 0x65, 0x1a, 0x16, 0xe2, 0xcf, 0x1d, 0x1e,
  0x45, 0xda, 0x83, 0x89, 0xd3, 0x63, 0x55, 0x90, 0x97, 0x7e, 0xd9, 0x08,
  0x72, 0x33, 0x61, 0x9c, 0x96, 0xba, 0xaf, 0x3d, 0x6b, 0xf9, 0xe3, 0x4e,
  0x57, 0xc3, 0x46, 0xd7, 0x36, 0x0b, 0x2f, 0x1b, 0x70, 0xb1, 0xaa, 0xab,
  0x8d, 0xe4, 0xac, 0xf0, 0x23, 0x63, 0x07, 0xde, 0xcd, 0x8d, 0x22, 0x12,
  0x98, 0xbb, 0xdf, 0x8d, 0xce, 0xe0, 0x66, 0xcd, 0x61, 0xca, 0xb6, 0x6a,
  0x22, 0x2f, 0x69, 0x72, 0x6a, 0x0e, 0x09, 0x3c, 0xb3, 0x23, 0x66, 0xac,
  0xec, 0x70, 0xec, 0x0d, 0x62, 0x4e, 0x44, 0xb5, 0x39, 0x5e, 0x7d, 0x2b,
  0xc5, 0xf9, 0xb7, 0xa0, 0xee, 0x3f, 0xfe, 0x4b, 0x05, 0x07, 0x3e, 0x9c,
  0x1d, 0x9f, 0x55, 0x8f, 0xdc, 0x13, 0x28, 0x4e, 0xaa, 0xba, 0xa0, 0x56,
  0xa4, 0x57, 0x39, 0x1d, 0x41, 0xe3, 0xd1, 0xd8, 0x81, 0x47, 0xbd, 0x78,
  0xf1, 0x69, 0xd2, 0x04, 0xf4, 0x5b, 0xbf, 0xd5, 0x5e, 0x6c, 0x29, 0xc8,
  0x8e, 0x89, 0x92, 0xd0, 0xb7, 0xbf, 0x60, 0x28, 0xd7, 0x3d, 0xc8, 0x97,
  0xc8, 0x9a, 0xb4, 0xd3, 0x93, 0x1e, 0xac, 0x95, 0xb4, 0x26, 0x04, 0x46,
  0x2d, 0x61, 0xec, 0x4c, 0x00, 0x6c, 0x20, 0xfd, 0xd7, 0xb2, 0xde, 0x9b,
  0x11, 0x75, 0x82, 0x32, 0x0d, 0x8d, 0x1b, 0x36, 0x7f, 0x91, 0x87, 0x6d,
  0xbe, 0x28, 0x18, 0x36, 0x9e, 0xf0, 0x4f, 0x41, 0xd3, 0xb8, 0xf6, 0x2e,
  0x8b, 0x29, 0x23, 0x3d, 0xc8, 0x12, 0x7b, 0x77, 0xd8, 0x4c, 0x05, 0x92,
  0xfe, 0xe5, 0xa8, 0x66, 0x96, 0xb7, 0x2e, 0x16, 0xd7, 0x4a, 0x78, 0x48,
  0x18, 0x68, 0x44, 0x7b, 0x44, 0x3d, 0x49, 0x4d, 0x96, 0x44, 0x20, 0xb9,
  0xb7, 0x22, 0x36, 0x00, 0x25, 0xa3, 0x13, 0x36, 0x3f, 0x9e, 0xeb, 0xfe,
  0x9c, 0xc9, 0x33, 0x26, 0x0e, 0xe0, 0xb5, 0xa5, 0x72, 0x92, 0xbe, 0xec,
  0xbb, 0xc6, 0x9b, 0xe4, 0x0e, 0x5e, 0xe6, 0x4c, 0xc1, 0x6c, 0xd5, 0x02,
  0x97, 0xc8, 0x49, 0xa4, 0xac, 0x47, 0x64, 0xa5, 0xe3, 0xa2, 0x2d, 0x7e,
  0xaa, 0x00, 0x97, 0x83, 0x52, 0x8c, 0x01, 0x78, 0x25, 0xf1, 0xe8, 0x4c,
  0x52, 0xdf, 0xe5, 0x38, 0x13, 0xf8, 0xd6, 0x28, 0x62, 0x45, 0x75, 0x0b,
  0x93, 0x39, 0x83, 0x3e, 0xdc, 0x36, 0x77, 0x59, 0x43, 0x35, 0xc6, 0x86,
  0xf2, 0xc7, 0x9f, 0x0d, 0x7d, 0xf0, 0x3e, 0x50, 0x29, 0x8b, 0xee, 0x61,
  0x00, 0x3b, 0xb2, 0x42, 0x10, 0x6f, 0xb1, 0xfe, 0x85, 0xee, 0x85, 0x46,
  0x4f, 0xb5, 0xe6, 0xd7, 0xb9, 0xe0, 0xec, 0x7c, 0xde, 0x60, 0xd6, 0xcb,
  0x63, 0x27, 0x88, 0xab, 0xd1, 0x9a, 0x98, 0x8c, 0x6d, 0x02, 0x36, 0x61,
  0xc4, 0x65, 0xcf, 0xb0, 0x56, 0x10, 0xc0, 0xce, 0x65, 0x98, 0xd4, 0x07,
  0x17, 0xc1, 0x0b, 0x9a, 0xbf, 0x9d, 0xd1, 0x12, 0x54, 0x25, 0xd3, 0xca,
  0xec, 0xf5, 0x57, 0x96, 0xaf, 0x93, 0x28, 0xb4, 0x0c, 0x95, 0x12, 0x6a,
  0x53, 0x12, 0xc0, 0x34, 0x23, 0xed, 0xaa, 0xcf, 0xad, 0x3c, 0xd6, 0xde,
  0xfa, 0x56, 0x55, 0xd8, 0xae, 0xf0, 0xe8, 0x38, 0x7f, 0x61, 0xd9, 0x3f,
  0x24, 0x39, 0x15, 0xf7, 0x2e, 0x5e, 0x59, 0x42, 0x21, 0x82, 0x62, 0xff,
  0xba, 0xd4, 0x96, 0xea, 0x40, 0x25, 0x01, 0xc9, 0x62, 0x00, 0x19, 0xb9,
  0xb8, 0x0d, 0xd0, 0x8d, 0x9b, 0xaa, 0x07, 0x51, 0x78, 0xaf, 0x62, 0xec,
  0x7a, 0xe2, 0xc3, 0x2b, 0x00, 0x6d, 0x71, 0xda, 0x82, 0xd4, 0xde, 0x7d,
  0x1f, 0xb1, 0x1f, 0xb7, 0xf7, 0x56, 0x3d, 0x11, 0xb2, 0xe2, 0xb2, 0x40,
  0x49, 0xbc, 0x55, 0x28, 0xeb, 0x63, 0xbf, 0x5d, 0xd8, 0xa8, 0x61, 0x45,
  0x84, 0x96, 0x9e, 0x5b, 0x54, 0x53, 0xab, 0xd8, 0x84, 0x3a, 0xd5, 0x4d,
  0x4a, 0xca, 0x54, 0x00, 0xc1, 0xaf, 0xa9, 0x37, 0xd6, 0x82, 0xff, 0x7c,
  0x36, 0x64, 0x1d, 0x29, 0x0d, 0x8f, 0xe6, 0x8c, 0xb4, 0xc7, 0x84, 0x69,
  0xa6, 0xf7, 0x90, 0xb7, 0x88, 0x34, 0xe4, 0xd2, 0x13, 0x93, 0x4e, 0xec,
  0xda, 0x84, 0xa1, 0xd7, 0x18, 0xc6, 0xc8, 0x5e, 0x2b, 0xb8, 0xb2, 0xc6,
  0xf6, 0x00, 0x2a, 0x4f, 0xfb, 0x68, 0x2d, 0x65, 0xd6, 0x40, 0x9f, 0x71,
  0x7a, 0x1a, 0xae, 0x0f, 0xa9, 0x75, 0x59, 0x0d, 0x0c, 0x3e, 0x21, 0xf1,
  0x57, 0xb8, 0xca, 0x42, 0xca, 0x1b, 0x3d, 0x0e, 0x69, 0xd0, 0xe3, 0xfd,
  0xf3, 0x64, 0xb4, 0x5c, 0xc8, 0xe0, 0xf3, 0xbc, 0x57, 0x9c, 0x4f, 0x73,
  0x2b, 0xc1, 0x92, 0xed, 0x7f, 0x28, 0x8d, 0x58, 0x66, 0x50, 0xae, 0x84,
  0xb2, 0xe1, 0x7e, 0x08, 0xe8, 0xb5, 0x92, 0xee, 0xc4, 0x54, 0xe8, 0xae,
  0x78, 0x44, 0x53, 0xb2, 0x66, 0xcc, 0xd2, 0xce, 0xf4, 0xc4, 0x54, 0x6a,
  0x31, 0x9d, 0x37, 0x59, 0x5f, 0xa0, 0xf5, 0x61, 0x2a, 0xd5, 0xa6, 0x73,
  0xad, 0x4a, 0x1c, 0xe4, 0x4d, 0x1b, 0x4e, 0x8f, 0x7e, 0x0c, 0xdd, 0xcb,
  0xf8, 0xc6, 0x08, 0x5b, 0x86, 0xbd, 0x7d, 0xfe, 0xbf, 0x11, 0x37, 0x14,
  0x65, 0x40, 0x72, 0xc4, 0xff, 0xde, 0x1c, 0xbf, 0xc1, 0x94, 0x58, 0xdd,
  0xf1, 0x83, 0x4f, 0x96, 0xea, 0x9e, 0xdf, 0x33, 0xfc, 0x57, 0x65, 0xea,
  0xd6, 0x60, 0x2b, 0x27, 0x88, 0x58, 0x3a, 0xdb, 0x84, 0x33, 0x60, 0xae,
  0xf7, 0x0c, 0x24, 0xca, 0xa8, 0x7a, 0x70, 0x65, 0x91, 0x72, 0xb2, 0x0f,
  0xb7, 0x0a, 0x46, 0xd5, 0xb2, 0xd3, 0x99, 0x91, 0x15, 0x7f, 0x79, 0x1a,
  0x83, 0x09, 0x59, 0x8f, 0xd8, 0x0a, 0x75, 0x8e, 0xb8, 0xd4, 0x46, 0x10,
  0xad, 0xe3, 0x4e, 0x1d, 0x4d, 0x84, 0x42, 0x15, 0x79, 0xf6, 0x13, 0x4a,
  0x28, 0xf9, 0xe4, 0xb8, 0x3a, 0x30, 0x40, 0x18, 0x47, 0xa7, 0x73, 0x96,
  0x75, 0xde, 0xe4, 0xf0, 0x75, 0xb2, 0x45, 0x85, 0x6a, 0x5e, 0xd6, 0xb4,
  0x28, 0x03, 0xdf, 0xc5, 0x15, 0x90, 0x95, 0x5e, 0x1f, 0x72, 0x34, 0x3a,
  0x15, 0x41, 0x7a, 0xe5, 0x51, 0xb2, 0x0d, 0xf9, 0x29, 0x2f, 0xdb, 0x68,
  0xa0, 0xf7, 0x6e, 0xe3, 0x7b, 0x4f, 0xae, 0xd1, 0x99, 0x5c, 0x04, 0xae,
  0xda, 0x24, 0x5c, 0x53, 0x8e, 0x24, 0x96, 0x88, 0x60, 0x7b, 0x66, 0x37,
  0x7e, 0x1e, 0xc8, 0x87, 0x59, 0x14, 0x4d, 0x06, 0x05, 0x2f, 0x4d, 0x20,
  0xb0, 0xe0, 0x79, 0x2d, 0xbb, 0x24, 0xf4, 0xaf, 0x7e, 0xab, 0x2d, 0x45,
  0xc0, 0xb3, 0x03, 0x50, 0x97, 0xde, 0xc0, 0x7c, 0x9f, 0x03, 0xd5, 0x26,
  0xb3, 0x04, 0xc2, 0xc9, 0x06, 0x98, 0x71, 0xc4, 0x0c, 0xab, 0x36, 0x3b,
  0x1e, 0xb2, 0xa5, 0x39, 0xc2, 0x1b, 0x47, 0x67, 0x07, 0xa2, 0xe9, 0x27,
  0xd5, 0x5e, 0x49, 0x4e, 0x21, 0xd1, 0x2c, 0xba, 0x98, 0x06, 0xc8, 0x74,
  0xa2, 0xc2, 0xd8, 0x00, 0x67, 0xef, 0xb9, 0x40, 0x07, 0x52, 0xbb, 0xaf,
  0x28, 0xf2, 0xec, 0x54, 0x77, 0xf8, 0x4c, 0xef, 0xdb, 0x08, 0xc6, 0x6f,
  0xdf, 0x3c, 0xa6, 0x55, 0xf6, 0x06, 0x81, 0xf6, 0x8b, 0x0d, 0xaa, 0xd2,
  0x2b, 0xb3, 0x2c, 0x26, 0x41, 0x9e, 0x84, 0x29, 0x68, 0x47, 0xf4, 0xee,
  0xd5, 0x29, 0xcc, 0xed, 0xc3, 0x97, 0x9a, 0x9d, 0x8a, 0x09, 0x61, 0xeb,
  0x12, 0x7a, 0xfe, 0x6c, 0xaf, 0xee, 0xa3, 0xd1, 0xe7, 0x36, 0xca, 0x17,
  0x83, 0xdd, 0x94, 0xf2, 0x18, 0xf4, 0xe1, 0x95, 0x20, 0xab, 0x1d, 0xa2,
  0x2e, 0xdb, 0xcd, 0xaa, 0x03, 0xaf, 0x4c, 0x44, 0x13, 0xc0, 0x98, 0xf4,
  0x7d, 0x90, 0xce, 0xcf, 0x30, 0xd6, 0x6e, 0xe1, 0xc6, 0xda, 0xc6, 0x51,
  0x08, 0xeb, 0xf3, 0x16, 0xc0, 0x12, 0x31, 0x29, 0x8e, 0xf9, 0x47, 0x32,
  0x57, 0xd5, 0x01, 0x73, 0x70, 0x4e, 0x4f, 0x94, 0x5f, 0x1e, 0xe1, 0xb3,
  0x69, 0x9c, 0xf1, 0x57, 0x1f, 0x59, 0x5a, 0x6d, 0x11, 0xb3, 0xf1, 0x91,
  0x34, 0xa4, 0x6f, 0xa5, 0x89, 0x42, 0x46, 0x6b, 0x3c, 0x86, 0x16, 0xa3,
  0x5d, 0x82, 0x06, 0x23, 0xfc, 0xde, 0x37, 0x10, 0x8b, 0xbf, 0x63, 0x1b,
  0xa5, 0x09, 0x35, 0x6c, 0x59, 0x3f, 0xe0, 0xfc, 0xce, 0xad, 0x9c, 0x3a,
  0xa6, 0x57, 0xc3, 0xb7, 0x96, 0x12, 0xa4, 0x05, 0xe3, 0xf3, 0x30, 0x13,
  0xf6, 0x37, 0xed, 0x59, 0x64, 0x16, 0x82, 0x01, 0xc5, 0x5d, 0x79, 0x1b,
  0x1a, 0xa9, 0x5f, 0xa6, 0x0f, 0x9e, 0x95, 0x19, 0xba, 0xe3, 0x51, 0x55,
  0x71, 0x5f, 0x9a, 0xea, 0x9e, 0xad, 0x9c, 0xd3, 0xac, 0x1f, 0xd3, 0x8d,
  0x0f, 0xc5, 0x52, 0xca, 0x0c, 0x17, 0x21, 0x13, 0xba, 0x33, 0xe1, 0xe7,
  0xb1, 0x65, 0x6f, 0xdc, 0xdc, 0xf5, 0x78, 0xaa, 0xdf, 0xca, 0xe7, 0xf8,
  0xa8, 0xbe, 0x28, 0x8a, 0x00, 0x1c, 0xb8, 0x3a, 0x91, 0xaa, 0xe8, 0xf6,
  0x88, 0xdc, 0x83, 0x93, 0xaa, 0x29, 0x86, 0x96, 0x8b, 0xe5, 0x50, 0x0f,
  0x10, 0x59, 0xf0, 0x94, 0x17, 0xcd, 0x76, 0x21, 0x96, 0x08, 0xfc, 0x9d,
  0x1e, 0x85, 0xf3, 0x0b, 0x17, 0x7c, 0x53, 0xc4, 0x84, 0xec, 0xb6, 0x60,
  0xb3, 0x6d, 0xb1, 0xa8, 0xa7, 0x7f, 0x5d, 0x30, 0x7a, 0xa3, 0xe5, 0x16,
  0x40, 0x1b, 0x0f, 0x99, 0xd3, 0x48, 0xbb, 0xda, 0x65, 0x19, 0xca, 0xa9,
  0x3b, 0x57, 0xcb, 0x4e, 0x08, 0x76, 0x1d, 0x72, 0xb9, 0x3f, 0xa4, 0xdb,
  0xbc, 0x5e, 0xab, 0x6c, 0x28, 0x0c, 0x1b, 0x79, 0xd6, 0xe0, 0x85, 0x13,
  0xf2, 0x2e, 0xa6, 0xf6, 0xca, 0x8f, 0x72, 0x28, 0x40, 0x1d, 0xe9, 0x6e,
  0x94, 0xc8, 0xf7, 0x6e, 0x0c, 0x62, 0xa7, 0x86, 0x8a, 0xe7, 0x8f, 0x86,
  0x1f, 0xca, 0x20, 0xbd, 0x8d, 0x4d, 0x41, 0x0d, 0xfe, 0x0f, 0xc8, 0xec,
  0x79, 0x8f, 0xa9, 0x68, 0xd2, 0x55, 0x56, 0xf9, 0x52, 0xfb, 0x9b, 0x73,
  0x0e, 0x87, 0xa0, 0x99, 0x71, 0x92, 0x4a, 0x2a, 0xa6, 0x76, 0x94, 0x24,
  0xb9, 0xe4, 0xa2, 0x68, 0xce, 0x07, 0x04, 0x48, 0xfb, 0x09, 0x12, 0xfd,
  0xa7, 0x1c, 0x35, 0x2a, 0xe8, 0x11, 0xc4, 0xa1, 0xe9, 0xe2, 0xb7, 0xa8,
  0xf7, 0x51, 0xec, 0x29, 0xd5, 0x09, 0x9d, 0x13, 0x22, 0x49, 0xab, 0x9b,
  0xee, 0xf3, 0xf2, 0x90, 0x19, 0x0a, 0xc0, 0x38, 0x54, 0x37, 0x6a, 0x01,
  0x34, 0xc5, 0x51, 0x73, 0x37, 0x2f, 0x2a, 0x2a, 0xf4, 0x46, 0xdb, 0xa8,
  0x3e, 0x10, 0xe8, 0x3c, 0x09, 0x36, 0xe0, 0x44, 0x2b, 0x7c, 0x62, 0x53,
  0x06, 0xe6, 0x3c, 0xf9, 0x20, 0x21, 0xd0, 0xe0, 0x2f, 0xeb, 0xe8, 0x60,
  0x01, 0x0d, 0x6d, 0xeb, 0x51, 0x96, 0xaa, 0x45, 0x6f, 0x25, 0xe0, 0x69,
  0x74, 0x3e, 0xf3, 0xaf, 0x2e, 0x3b, 0x8f, 0xf6, 0xad, 0xcc, 0x1b, 0x83,
  0x3c, 0x8b, 0x36, 0x6e, 0x8e, 0x02, 0xea, 0x4e, 0xb8, 0x85, 0xa2, 0x32,
  0x36, 0x7a, 0x24, 0xe2, 0xf1, 0x28, 0x26, 0xd5, 0x2c, 0xb9, 0x56, 0xb0,
  0xbd, 0xba, 0xf4, 0x2a, 0x83, 0x92, 0xb5, 0xaa, 0x9d, 0x79, 0xa1, 0x4d,
  0x88, 0x62, 0x34, 0x36, 0xf7, 0xcc, 0x01, 0xd8, 0x8c, 0xaa, 0xa4, 0xc1,
  0xc0, 0x94, 0xcf, 0x06, 0xf8, 0xb6, 0xfd, 0xca, 0x70, 0x3e, 0x35, 0x9f,
  0x14, 0x94, 0x81, 0x9e, 0xd7, 0xb6, 0x53, 0x47, 0x66, 0xb1, 0xcd, 0x10,
  0xca, 0x4b, 0x30, 0x39, 0xd9, 0x69, 0xb2, 0x5d, 0x02, 0x11, 0x39, 0xbe,
  0x38, 0x0b, 0x73, 0xf8, 0x89, 0x9b, 0x67, 0xfd, 0x82, 0xf3, 0x1e, 0x14,
  0x81, 0x32, 0x4e, 0x02, 0x8a, 0xf7, 0xda, 0x71, 0xb8, 0x92, 0x86, 0x93,
  0x8d, 0xa6, 0x2c, 0xa1, 0xc6, 0xf5, 0x35, 0x74, 0x30, 0xd8, 0x52, 0xcb,
  0xd7, 0x95, 0x75, 0x74, 0x3e, 0x88, 0xec, 0x05, 0xe7, 0xeb, 0x12, 0x96,
  0x3f, 0x6c, 0xad, 0x5d, 0x89, 0x5e, 0x24, 0xeb, 0xb8, 0xc3, 0xfa, 0x65,
  0x98, 0xf1, 0xe1, 0x88, 0x8c, 0xda, 0xdb, 0x4b, 0x7a, 0x99, 0x13, 0x91,
  0xa8, 0x05, 0xa0, 0xc9, 0x76, 0x67, 0x2b, 0x64, 0xfa, 0x4a, 0xd0, 0x00,
  0xb4, 0xde, 0x2f, 0x63, 0x28, 0xde, 0xcd, 0xbb, 0x6b, 0xf2, 0xc9, 0x4a,
  0x7e, 0xf6, 0xff, 0xff, 0x04, 0x00, 0x00, 0x00, 0x80, 0x04, 0x00, 0x00,
  0x12, 0x92, 0x9f, 0x8a, 0x2d, 0xfe, 0xa1, 0xe4, 0x39, 0xcb, 0xaf, 0xe9,
  0x3a, 0xb7, 0xdd, 0x62, 0x10, 0xe9, 0xf9, 0xa9, 0xa0, 0x35, 0x3e, 0xc8,
  0xb5, 0x66, 0x3e, 0xc7, 0xc9, 0x82, 0x09, 0x11, 0x4f, 0x14, 0x3d, 0x21,
  0xdd, 0x25, 0x92, 0x9c, 0x62, 0xd8, 0x89, 0xca, 0x0a, 0x0d, 0x5b, 0x79,
  0x96, 0xfd, 0xe2, 0xc3, 0x35, 0x10, 0xec, 0x6c, 0x7b, 0xe9, 0xbb, 0xa3,
  0x88, 0xc2, 0x67, 0xb5, 0xfd, 0x30, 0x70, 0x8d, 0x04, 0x89, 0x89, 0xc4,
  0x0a, 0xd7, 0x07, 0x47, 0xb5, 0x38, 0xa4, 0xa0, 0x86, 0x86, 0x2b, 0x51,
  0x60, 0xe0, 0x9b, 0x31, 0x2b, 0xaa, 0x57, 0x27, 0xc7, 0x76, 0xd0, 0x59,
  0xf2, 0x9d, 0x62, 0x97, 0x92, 0x8a, 0x56, 0x5b, 0x2e, 0x2b, 0xcc, 0x4f,
  0xcf, 0xe9, 0x91, 0x83, 0xd2, 0x3f, 0xba, 0x08, 0x61, 0xc8, 0x13, 0x34,
  0xb2, 0x05, 0x24, 0xeb, 0xff, 0x01, 0x12, 0x37, 0x15, 0x5a, 0x83, 0x2f,
  0x8d, 0x09, 0x87, 0x7a, 0x94, 0x43, 0xcb, 0x47, 0x7c, 0xa4, 0x86, 0x15,
  0xca, 0x90, 0x5f, 0x5f, 0x6a, 0xf3, 0x27, 0xe0, 0xd1, 0xe5, 0x27, 0x7c,
  0xa1, 0xe3, 0xb5, 0xee, 0x5a, 0x5a, 0xe9, 0x7d, 0x23, 0xae, 0x08, 0xcb,
  0x6b, 0xd9, 0x48, 0xae, 0x0e, 0x41, 0xac, 0x44, 0x45, 0xe0, 0x9d, 0xb3,
  0x85, 0xd9, 0xb4, 0x33, 0x3f, 0x7f, 0x20, 0x98, 0x52, 0x1b, 0xc8, 0x46,
  0x69, 0xd1, 0x55, 0xb0, 0xc1, 0x04, 0xb0, 0x58, 0x00, 0x4e, 0x8c, 0xd8,
  0x3c, 0xb5, 0x34, 0x33, 0x01, 0xc8, 0x2a, 0xbd, 0x79, 0x12, 0xf6, 0x7a,
  0x99, 0x4c, 0x96, 0x9a, 0x96, 0x0d, 0xab, 0x68, 0xd6, 0xff, 0x55, 0xb7,
  0x13, 0xbe, 0x90, 0x10, 0x36, 0xf9, 0x0c, 0x56, 0x63, 0xa5, 0x63, 0x13,
  0x15, 0x60, 0xb0, 0x12, 0x55, 0x52, 0x87, 0x50, 0xca, 0x45, 0x67, 0xa7,
  0xf3, 0xf5, 0x51, 0x17, 0x45, 0xb8, 0xe5, 0xc9, 0xc9, 0xdb, 0x64, 0x8d,
  0x17, 0x60, 0x8d, 0x7e, 0xbb, 0x67, 0x2d, 0xa0, 0x1b, 0x6b, 0xf4, 0x55,
  0x6f, 0xc6, 0xf7, 0xf2, 0x95, 0x1e, 0x10, 0x12, 0xa8, 0x52, 0x58, 0xb0,
  0x32, 0x14, 0x8a, 0xda, 0x93, 0xc9, 0xc5, 0x4e, 0x41, 0xb7, 0xbd, 0x41,
  0xb9, 0x8c, 0x1f, 0x90, 0x4a, 0x55, 0x13, 0xff, 0x2a, 0x5e, 0x75, 0x5c,
  0x53, 0x54, 0x79, 0xaf, 0x9b, 0xbd, 0x90, 0xd7, 0x62, 0xa7, 0xbe, 0x65,
  0xa9, 0x09, 0xff, 0x85, 0xeb, 0x90, 0xbb, 0x93, 0x40, 0x5e, 0x05, 0x08,
  0x37, 0x18, 0x45, 0x98, 0xba, 0xa0, 0x71, 0x51, 0xa1, 0x0d, 0x82, 0x1d,
  0x36, 0x5e, 0x9b, 0x52, 0xb1, 0x20, 0xf8, 0x40, 0x2d, 0xcc, 0x9c, 0x14,
  0xa5, 0xf9, 0x5a, 0x97, 0x46, 0xbd, 0x53, 0xdc, 0xf6, 0x86, 0x85, 0x8c,
  0x25, 0xa2, 0xf6, 0xf4, 0xb0, 0xd2, 0x98, 0x32, 0x5f, 0x58, 0x32, 0x68,
  0xad, 0xf8, 0x1f, 0x99, 0xaa, 0x27, 0xf4, 0xb0, 0xd7, 0x4e, 0xaa, 0xb9,
  0x85, 0x30, 0x2a, 0xd8, 0x89, 0x68, 0xba, 0x83, 0x94, 0xc5, 0xcf, 0x5c,
  0x45, 0xfa, 0x85, 0xa5, 0xc7, 0x2e, 0x8c, 0x5f, 0x0e, 0xf7, 0x38, 0xd3,
  0x84, 0xb9, 0x9d, 0xcb, 0x37, 0x4e, 0x6b, 0xb3, 0x41, 0xfc, 0x0a, 0x1d,
  0x58, 0x94, 0x15, 0x6c, 0x59, 0xe5, 0x97, 0xf1, 0x5c, 0x6d, 0x4a, 0x36,
  0xf5, 0xa0, 0x8c, 0xcf, 0x7d, 0xa6, 0x9c, 0x0b, 0xa7, 0xd8, 0x53, 0x2d,
  0x6f, 0x39, 0x72, 0xbf, 0x74, 0x55, 0x59, 0x0b, 0x50, 0x25, 0x4a, 0x1e,
  0x95, 0x0a, 0x12, 0xf1, 0x71, 0x82, 0x1e, 0xbf, 0xc6, 0x22, 0xb5, 0x1f,
  0xcc, 0x2c, 0x08, 0xdf, 0x73, 0x24, 0xcf, 0x7b, 0x7a, 0xcc, 0x96, 0xa8,
  0x16, 0x99, 0x04, 0xb0, 0xb6, 0xfc, 0x47, 0xe2, 0x59, 0x1b, 0x72, 0x23,
  0xc9, 0x97, 0xdb, 0x34, 0xaa, 0x30, 0x6a, 0x34, 0x09, 0x15, 0xbc, 0xb5,
  0xbd, 0x52, 0x0f, 0xa1, 0xb6, 0xdc, 0x65, 0xfb, 0xf3, 0x5c, 0x4c, 0xdd,
  0x13, 0x1c, 0xc5, 0x29, 0xf6, 0xe4, 0x20, 0x72, 0x14, 0xb4, 0x01, 0x85,
  0xe2, 0x47, 0x24, 0xdf, 0x70, 0xd7, 0x6a, 0x0c, 0xc9, 0xf7, 0xbf, 0x89,
  0x8c, 0x6b, 0xdc, 0x9d, 0x5a, 0x75, 0x7b, 0x76, 0x00, 0x65, 0xa0, 0x4b,
  0xb3, 0x55, 0xf9, 0x4b, 0x31, 0x31, 0xc1, 0x2a, 0xa4, 0x5e, 0x07, 0x39,
  0xb3, 0x1b, 0x18, 0x7a, 0xe8, 0xf1, 0xd7, 0x7c, 0xe6, 0x4a, 0x96, 0x50,
  0xf9, 0xbe, 0x56, 0x5e, 0xba, 0x34, 0xfa, 0x08, 0xdd, 0x5d, 0x19, 0x74,
  0x77, 0x4f, 0xdc, 0x78, 0xf5, 0x5a, 0x0f, 0x3a, 0x6c, 0xfe, 0xcd, 0x49,
  0xaa, 0x99, 0x8a, 0xb7, 0x3f, 0x05, 0x4d, 0x4a, 0x27, 0x78, 0x9e, 0x74,
  0x78, 0xe3, 0x96, 0x88, 0xc2, 0xac, 0x5e, 0x48, 0x17, 0xb1, 0x64, 0xc2,
  0xb8, 0x46, 0xd7, 0x21, 0xa7, 0x47, 0xd1, 0x64, 0xbb, 0xaa, 0x93, 0x25,
  0xcd, 0xaa, 0x43, 0x72, 0x36, 0x5d, 0x47, 0x9f, 0x1f, 0x86, 0x6c, 0x0f,
  0x9c, 0xf0, 0x94, 0x32, 0x05, 0x18, 0xe0, 0xcc, 0xab, 0x5c, 0xa1, 0x9c,
  0x5b, 0xf0, 0x7f, 0x07, 0x4b, 0xe0, 0x2e, 0x1c, 0x54, 0x47, 0x84, 0xfb,
  0x24, 0x34, 0x6e, 0xf4, 0xad, 0x89, 0x41, 0x34, 0xc6, 0x6e, 0x05, 0xce,
  0x42, 0xd7, 0xe7, 0xa8, 0xfe, 0xc8, 0x87, 0xfb, 0x5f, 0x8f, 0x0e, 0x39,
  0xdd, 0x4a, 0x38, 0xea, 0x81, 0xba, 0x57, 0xed, 0x11, 0xfc, 0x8e, 0xec,
  0x27, 0x61, 0xae, 0xd8, 0xa3, 0xa7, 0xd4, 0xf2, 0xe3, 0x6c, 0x9b, 0x1c,
  0x1b, 0xc2, 0xf6, 0xa3, 0xb6, 0x8c, 0x1d, 0x38, 0xc0, 0xbf, 0x2c, 0xbe,
  0xf7, 0xb7, 0xfa, 0x3a, 0x28, 0x7a, 0x57, 0x6f, 0x85, 0xce, 0x88, 0xc7,
  0x62, 0xc6, 0x3d, 0x7b, 0xa2, 0x60, 0xd1, 0x3a, 0x4a, 0x37, 0x1a, 0xb5,
  0x78, 0x42, 0x00, 0x47, 0xb4, 0xb2, 0x27, 0x33, 0x97, 0x85, 0xf0, 0xcd,
  0x22, 0x06, 0xa5, 0xe1, 0xdf, 0x05, 0xc6, 0x91, 0x8b, 0x5b, 0xc2, 0xd3,
  0x3e, 0x4e, 0x83, 0xf1, 0x93, 0xde, 0xe1, 0x13, 0x4d, 0x7a, 0x37, 0x10,
  0xee, 0x71, 0x75, 0x87, 0xde, 0xbd, 0x4b, 0x16, 0x51, 0x97, 0xd9, 0x5a,
  0xf8, 0x90, 0xdb, 0xac, 0x79, 0x39, 0x3d, 0xa9, 0x0e, 0x4b, 0x1f, 0x16,
  0x60, 0x92, 0x65, 0x0d, 0x30, 0xe0, 0x05, 0x05, 0xf4, 0xd9, 0x17, 0xd1,
  0xd5, 0x54, 0x53, 0x72, 0x5e, 0x08, 0xc8, 0x7a, 0x6d, 0xda, 0x09, 0xfb,
  0x51, 0xee, 0xbe, 0xb1, 0x77, 0x20, 0x67, 0x15, 0x37, 0x69, 0x9c, 0xb5,
  0x1f, 0x57, 0x0d, 0xb9, 0xa5, 0x18, 0x86, 0xe4, 0x28, 0xcd, 0xc3, 0x7b,
  0xc9, 0xa3, 0xe6, 0x16, 0xe8, 0x37, 0x8e, 0x8c, 0xdd, 0x1e, 0x6b, 0x45,
  0xb0, 0xf1, 0xf8, 0xc0, 0xd1, 0x63, 0xd5, 0x12, 0x4f, 0x26, 0xa2, 0x5a,
  0xa7, 0xdb, 0x28, 0xec, 0x46, 0x40, 0xde, 0x68, 0xb3, 0x8d, 0xea, 0xa5,
  0xc2, 0xc4, 0xaa, 0xe7, 0x91, 0x8b, 0xc2, 0x05, 0x4b, 0x94, 0x6e, 0xd5,
  0x26, 0x48, 0x02, 0x22, 0xb7, 0x94, 0xac, 0x3f, 0x1f, 0x70, 0xb2, 0x39,
  0x7c, 0x58, 0x4b, 0xe2, 0xea, 0xcd, 0xce, 0x8f, 0x8c, 0x60, 0x89, 0x36,
  0xe9, 0xe7, 0x8b, 0x82, 0x4e, 0x96, 0x46, 0x0b, 0xd3, 0x15, 0xbb, 0x10,
  0x18, 0x36, 0x32, 0x1e, 0x78, 0x92, 0xcb, 0xb2, 0x9a, 0xab, 0x53, 0x11,
  0x92, 0xbf, 0x7d, 0x49, 0x67, 0x2f, 0xb2, 0x2a, 0x8e, 0xd6, 0x68, 0x7f,
  0x18, 0x92, 0xf5, 0xd7, 0x09, 0xbc, 0x3f, 0x3c, 0x50, 0x36, 0xf0, 0xe5,
  0x96, 0xc2, 0xac, 0x41, 0x79, 0x49, 0x9d, 0x20, 0x76, 0xcb, 0xe6, 0xb1,
  0xff, 0xe7, 0x37, 0x0d, 0x93, 0x4e, 0xdc, 0x5e, 0xeb, 0x0e, 0x14, 0x6f,
  0x0a, 0x97, 0x20, 0xde, 0x4e, 0x99, 0x97, 0x2a, 0x39, 0x53, 0x4d, 0x57,
  0xc7, 0x29, 0x6e, 0x2b, 0x9c, 0xc9, 0xb7, 0x6e, 0x90, 0x13, 0xd0, 0x87,
  0x8d, 0x48, 0x1c, 0x4e, 0xef, 0x6e, 0x55, 0xfa, 0x63, 0x51, 0x37, 0x5b,
  0x0d, 0x22, 0x4c, 0x1e, 0x6f, 0x2f, 0x6f, 0xb4, 0xe8, 0xa5, 0x47, 0x1e,
  0x24, 0xf9, 0xab, 0xe8, 0x6b, 0xfb, 0x58, 0x71, 0x5f, 0xb3, 0x09, 0x6b,
  0xb6, 0xfd, 0x6d, 0x9c, 0xfd, 0xc7, 0xf0, 0x04, 0xc8, 0xe8, 0xd4, 0x4d,
  0x9b, 0x18, 0x01, 0xe6, 0xc2, 0x86, 0xe1, 0x36, 0xb9, 0xce, 0x63, 0x7b,
  0xa9, 0x54, 0xdc, 0xcb, 0xe3, 0xb8, 0x43, 0xe1, 0xb6, 0x89, 0x04, 0x47,
  0x5b, 0x7a, 0xcc, 0x45, 0x71, 0x0b, 0xec, 0xf8, 0x0c, 0x21, 0xef, 0x92,
  0x6f, 0x09, 0x4d, 0x7d, 0x34, 0xec, 0x3f, 0x96, 0x52, 0x21, 0x22, 0xde,
  0x4e, 0xf6, 0x18, 0x0c, 0x43, 0x1f, 0xf7, 0x68, 0x0d, 0x4e, 0x92, 0xe1,
  0x0a, 0xfb, 0xff, 0xff, 0x04, 0x00, 0x00, 0x00, 0x48, 0x00, 0x00, 0x00,
  0x00, 0x00, 0x00, 0x00, 0x00, 0x00, 0x00, 0x00, 0x00, 0x00, 0x00, 0x00,
  0x00, 0x00, 0x00, 0x00, 0x00, 0x00, 0x00, 0x00, 0x00, 0x00, 0x00, 0x00,
  0x00, 0x00, 0x00, 0x00, 0x00, 0x00, 0x00, 0x00, 0x00, 0x00, 0x00, 0x00,
  0x00, 0x00, 0x00, 0x00, 0x00, 0x00, 0x00, 0x00, 0x00, 0x00, 0x00, 0x00,
  0x00, 0x00, 0x00, 0x00, 0x00, 0x00, 0x00, 0x00, 0x00, 0x00, 0x00, 0x00,
  0x00, 0x00, 0x00, 0x00, 0x00, 0x00, 0x00, 0x00, 0x00, 0x00, 0x00, 0x00,
  0x5e, 0xfb, 0xff, 0xff, 0x04, 0x00, 0x00, 0x00, 0x68, 0x01, 0x00, 0x00,
  0xf1, 0x9b, 0x88, 0x9b, 0xbe, 0xfc, 0x28, 0x1b, 0x9e, 0x21, 0x81, 0x48,
  0xe7, 0x4a, 0x58, 0xc7, 0x3d, 0x5f, 0x84, 0xa4, 0xd6, 0x78, 0xfe, 0x6d,
  0xc8, 0x3d, 0xcb, 0xb9, 0x66, 0x4e, 0x1b, 0xe0, 0x7e, 0xb3, 0x5b, 0x48,
  0x30, 0x81, 0xe4, 0xbf, 0xbc, 0x81, 0xb0, 0x61, 0xf5, 0x1d, 0x21, 0xbf,
  0x67, 0x61, 0x7d, 0x7a, 0x72, 0xc1, 0x52, 0x8f, 0x02, 0xd7, 0x82, 0x5d,
  0x49, 0x2d, 0x13, 0x3d, 0xc9, 0x54, 0xe6, 0x7f, 0xae, 0xef, 0x46, 0xfd,
  0x4d, 0x32, 0x46, 0x18, 0xb1, 0x7d, 0x79, 0x14, 0x97, 0x8c, 0x16, 0x3e,
  0xba, 0xcf, 0x68, 0x5f, 0xfa, 0x06, 0xcf, 0x23, 0xf7, 0x7f, 0xeb, 0x13,
  0x86, 0xf3, 0xd9, 0x58, 0x53, 0xe5, 0x95, 0x11, 0x8b, 0x49, 0x06, 0xb6,
  0x0a, 0x90, 0x02, 0xd8, 0x02, 0xae, 0x09, 0x78, 0x7f, 0x2c, 0xef, 0xa8,
  0x7d, 0xbf, 0xc3, 0x7f, 0x50, 0xc5, 0x13, 0x4e, 0x7a, 0x8a, 0x28, 0xda,
  0xee, 0x9f, 0x34, 0xdc, 0x30, 0x26, 0x1c, 0xd9, 0xd2, 0x41, 0x7f, 0x35,
  0x7d, 0x59, 0xb9, 0x9f, 0xe3, 0xa3, 0x28, 0xec, 0xa8, 0xd0, 0x9b, 0xca,
  0x03, 0x15, 0x04, 0xdb, 0x9b, 0x9c, 0x2f, 0x0e, 0x0a, 0x2d, 0xd7, 0x8e,
  0x00, 0x7f, 0x86, 0x59, 0xb7, 0x25, 0xfa, 0x0e, 0x92, 0xcb, 0xa7, 0x7f,
  0x90, 0xcb, 0x67, 0x98, 0x15, 0xd2, 0x81, 0x04, 0xb3, 0x29, 0x1c, 0x3a,
  0x94, 0x9d, 0x42, 0xee, 0x5f, 0x03, 0x88, 0x22, 0x7f, 0xf0, 0x47, 0x97,
  0x36, 0x70, 0x2f, 0xb3, 0x82, 0x83, 0x02, 0xe6, 0x58, 0xc4, 0x99, 0xd8,
  0xdd, 0x21, 0x57, 0xc3, 0x1c, 0x82, 0xc8, 0xda, 0x1b, 0xc3, 0x7f, 0xa3,
  0x2e, 0xe3, 0x9c, 0x88, 0x09, 0xe3, 0xd5, 0x3d, 0x5f, 0x9f, 0x0e, 0xba,
  0x5f, 0x9d, 0x8c, 0x22, 0xbe, 0x66, 0x89, 0x42, 0x21, 0x41, 0x98, 0xa4,
  0x78, 0x81, 0x55, 0xfb, 0x18, 0x04, 0x74, 0x1c, 0xdf, 0x93, 0xdb, 0xdb,
  0x81, 0x05, 0xee, 0x67, 0x67, 0xf0, 0xdf, 0xc4, 0x27, 0x3a, 0x03, 0xeb,
  0x52, 0x34, 0x53, 0xd9, 0x35, 0x15, 0x34, 0x9c, 0x7f, 0x50, 0xee, 0x2b,
  0xac, 0x68, 0x8d, 0x6f, 0x09, 0x79, 0x41, 0xde, 0xe3, 0x03, 0x58, 0x9b,
  0xe7, 0xd0, 0xa3, 0x7a, 0x62, 0xb3, 0xf4, 0xad, 0xa1, 0x68, 0x53, 0x40,
  0x30, 0xc8, 0x86, 0xd0, 0xef, 0xbc, 0x7d, 0x81, 0x7f, 0x3c, 0xfc, 0xbf,
  0xfd, 0x8c, 0x79, 0x52, 0xe1, 0x92, 0x7e, 0x7f, 0xa9, 0xe4, 0x84, 0xd5,
  0x04, 0x3e, 0xab, 0x20, 0xa7, 0x5b, 0x88, 0xc6, 0xf6, 0x33, 0xf9, 0xe1,
  0x2a, 0xc2, 0xc5, 0x0b, 0x0b, 0x81, 0x96, 0xfe, 0x41, 0x7a, 0x0b, 0x56,
  0xd2, 0xfc, 0xff, 0xff, 0x04, 0x00, 0x00, 0x00, 0x10, 0x00, 0x00, 0x00,
  0x0d, 0xc4, 0x71, 0x8b, 0x81, 0xe2, 0x7f, 0x7f, 0xff, 0x7f, 0x25, 0xe4,
  0xcf, 0x73, 0x2a, 0xab, 0xee, 0xfc, 0xff, 0xff, 0x04, 0x00, 0x00, 0x00,
  0x08, 0x00, 0x00, 0x00, 0x7f, 0x17, 0xa7, 0x30, 0x61, 0x7f, 0x81, 0x81,
  0x02, 0xfd, 0xff, 0xff, 0x04, 0x00, 0x00, 0x00, 0x04, 0x00, 0x00, 0x00,
  0x81, 0x7f, 0x81, 0x81, 0xc0, 0xb6, 0xff, 0xff, 0xc4, 0xb6, 0xff, 0xff,
  0xc8, 0xb6, 0xff, 0xff, 0x1e, 0xfd, 0xff, 0xff, 0x04, 0x00, 0x00, 0x00,
  0x10, 0x00, 0x00, 0x00, 0x00, 0x00, 0x00, 0x00, 0x00, 0x00, 0x00, 0x00,
  0x00, 0x00, 0x00, 0x00, 0x00, 0x00, 0x00, 0x00, 0x3a, 0xfd, 0xff, 0xff,
  0x04, 0x00, 0x00, 0x00, 0x04, 0x00, 0x00, 0x00, 0x7f, 0x81, 0x7f, 0x7f,
  0x4a, 0xfd, 0xff, 0xff, 0x04, 0x00, 0x00, 0x00, 0x05, 0x00, 0x00, 0x00,
  0x81, 0x52, 0x41, 0x8d, 0x2a, 0x00, 0x00, 0x00, 0x0c, 0xb7, 0xff, 0xff,
  0x62, 0xfd, 0xff, 0xff, 0x04, 0x00, 0x00, 0x00, 0x01, 0x00, 0x00, 0x00,
  0x00, 0x00, 0x00, 0x00, 0x72, 0xfd, 0xff, 0xff, 0x04, 0x00, 0x00, 0x00,
  0x01, 0x00, 0x00, 0x00, 0x7f, 0x00, 0x00, 0x00, 0x30, 0xb7, 0xff, 0xff,
  0x34, 0xb7, 0xff, 0xff, 0x8a, 0xfd, 0xff, 0xff, 0x04, 0x00, 0x00, 0x00,
  0x04, 0x00, 0x00, 0x00, 0x00, 0x00, 0x00, 0x00, 0x9a, 0xfd, 0xff, 0xff,
  0x04, 0x00, 0x00, 0x00, 0x04, 0x00, 0x00, 0x00, 0x6d, 0xdf, 0x81, 0xb0,
  0xaa, 0xfd, 0xff, 0xff, 0x04, 0x00, 0x00, 0x00, 0x0c, 0x00, 0x00, 0x00,
  0xff, 0xff, 0xff, 0xff, 0x0c, 0x00, 0x00, 0x00, 0x12, 0x00, 0x00, 0x00,
  0xc2, 0xfd, 0xff, 0xff, 0x04, 0x00, 0x00, 0x00, 0x0c, 0x00, 0x00, 0x00,
  0xff, 0xff, 0xff, 0xff, 0x18, 0x00, 0x00, 0x00, 0x04, 0x00, 0x00, 0x00,
  0xda, 0xfd, 0xff, 0xff, 0x04, 0x00, 0x00, 0x00, 0x0c, 0x00, 0x00, 0x00,
  0xff, 0xff, 0xff, 0xff, 0x2f, 0x00, 0x00, 0x00, 0x04, 0x00, 0x00, 0x00,
  0xf2, 0xfd, 0xff, 0xff, 0x04, 0x00, 0x00, 0x00, 0x0c, 0x00, 0x00, 0x00,
  0xff, 0xff, 0xff, 0xff, 0x5e, 0x00, 0x00, 0x00, 0x04, 0x00, 0x00, 0x00,
  0x0a, 0xfe, 0xff, 0xff, 0x04, 0x00, 0x00, 0x00, 0x04, 0x00, 0x00, 0x00,
  0x02, 0x00, 0x00, 0x00, 0x1a, 0xfe, 0xff, 0xff, 0x04, 0x00, 0x00, 0x00,
  0x0c, 0x00, 0x00, 0x00, 0xff, 0xff, 0xff, 0xff, 0xbc, 0x00, 0x00, 0x00,
  0x04, 0x00, 0x00, 0x00, 0x32, 0xfe, 0xff, 0xff, 0x04, 0x00, 0x00, 0x00,
  0x0c, 0x00, 0x00, 0x00, 0xff, 0xff, 0xff, 0xff, 0x77, 0x01, 0x00, 0x00,
  0x04, 0x00, 0x00, 0x00, 0x4a, 0xfe, 0xff, 0xff, 0x04, 0x00, 0x00, 0x00,
  0x04, 0x00, 0x00, 0x00, 0xfd, 0xff, 0xff, 0xff, 0x5a, 0xfe, 0xff, 0xff,
  0x04, 0x00, 0x00, 0x00, 0x0c, 0x00, 0x00, 0x00, 0xff, 0xff, 0xff, 0xff,
  0xee, 0x02, 0x00, 0x00, 0x01, 0x00, 0x00, 0x00, 0x72, 0xfe, 0xff, 0xff,
  0x04, 0x00, 0x00, 0x00, 0x0c, 0x00, 0x00, 0x00, 0xff, 0xff, 0xff, 0xff,
  0xdc, 0x05, 0x00, 0x00, 0x01, 0x00, 0x00, 0x00, 0x8a, 0xfe, 0xff, 0xff,
  0x04, 0x00, 0x00, 0x00, 0x04, 0x00, 0x00, 0x00, 0x01, 0x00, 0x00, 0x00,
  0x9a, 0xfe, 0xff, 0xff, 0x04, 0x00, 0x00, 0x00, 0x0c, 0x00, 0x00, 0x00,
  0xff, 0xff, 0xff, 0xff, 0xb8, 0x0b, 0x00, 0x00, 0x01, 0x00, 0x00, 0x00,
  0xb2, 0xfe, 0xff, 0xff, 0x04, 0x00, 0x00, 0x00, 0x04, 0x00, 0x00, 0x00,
  0x01, 0x00, 0x00, 0x00, 0x70, 0xb8, 0xff, 0xff, 0x74, 0xb8, 0xff, 0xff,
  0x0f, 0x00, 0x00, 0x00, 0x4d, 0x4c, 0x49, 0x52, 0x20, 0x43, 0x6f, 0x6e,
  0x76, 0x65, 0x72, 0x74, 0x65, 0x64, 0x2e, 0x00, 0x01, 0x00, 0x00, 0x00,
  0x14, 0x00, 0x00, 0x00, 0x00, 0x00, 0x0e, 0x00, 0x18, 0x00, 0x14, 0x00,
  0x10, 0x00, 0x0c, 0x00, 0x08, 0x00, 0x04, 0x00, 0x0e, 0x00, 0x00, 0x00,
  0x14, 0x00, 0x00, 0x00, 0x1c, 0x00, 0x00, 0x00, 0x98, 0x0a, 0x00, 0x00,
  0x9c, 0x0a, 0x00, 0x00, 0xa0, 0x0a, 0x00, 0x00, 0x04, 0x00, 0x00, 0x00,
  0x6d, 0x61, 0x69, 0x6e, 0x00, 0x00, 0x00, 0x00, 0x32, 0x00, 0x00, 0x00,
  0x50, 0x0a, 0x00, 0x00, 0xf0, 0x09, 0x00, 0x00, 0xb8, 0x09, 0x00, 0x00,
  0x6c, 0x09, 0x00, 0x00, 0x44, 0x09, 0x00, 0x00, 0x0c, 0x09, 0x00, 0x00,
  0xd8, 0x08, 0x00, 0x00, 0xb4, 0x08, 0x00, 0x00, 0x80, 0x08, 0x00, 0x00,
  0x4c, 0x08, 0x00, 0x00, 0x18, 0x08, 0x00, 0x00, 0xe4, 0x07, 0x00, 0x00,
  0xb4, 0x07, 0x00, 0x00, 0x70, 0x07, 0x00, 0x00, 0x48, 0x07, 0x00, 0x00,
  0x18, 0x07, 0x00, 0x00, 0xd4, 0x06, 0x00, 0x00, 0xac, 0x06, 0x00, 0x00,
  0x74, 0x06, 0x00, 0x00, 0x4c, 0x06, 0x00, 0x00, 0x14, 0x06, 0x00, 0x00,
  0xe0, 0x05, 0x00, 0x00, 0xbc, 0x05, 0x00, 0x00, 0x88, 0x05, 0x00, 0x00,
  0x54, 0x05, 0x00, 0x00, 0x20, 0x05, 0x00, 0x00, 0xe8, 0x04, 0x00, 0x00,
  0xb8, 0x04, 0x00, 0x00, 0x6c, 0x04, 0x00, 0x00, 0x44, 0x04, 0x00, 0x00,
  0x14, 0x04, 0x00, 0x00, 0xd0, 0x03, 0x00, 0x00, 0xa8, 0x03, 0x00, 0x00,
  0x78, 0x03, 0x00, 0x00, 0x28, 0x03, 0x00, 0x00, 0x00, 0x03, 0x00, 0x00,
  0xd0, 0x02, 0x00, 0x00, 0x8c, 0x02, 0x00, 0x00, 0x64, 0x02, 0x00, 0x00,
  0x34, 0x02, 0x00, 0x00, 0xdc, 0x01, 0x00, 0x00, 0xb4, 0x01, 0x00, 0x00,
  0x84, 0x01, 0x00, 0x00, 0x44, 0x01, 0x00, 0x00, 0x1c, 0x01, 0x00, 0x00,
  0xe8, 0x00, 0x00, 0x00, 0xb0, 0x00, 0x00, 0x00, 0x78, 0x00, 0x00, 0x00,
  0x40, 0x00, 0x00, 0x00, 0x04, 0x00, 0x00, 0x00, 0xe2, 0xf6, 0xff, 0xff,
  0x1c, 0x00, 0x00, 0x00, 0x00, 0x00, 0x00, 0x09, 0x1c, 0x00, 0x00, 0x00,
  0x20, 0x00, 0x00, 0x00, 0x0d, 0x00, 0x00, 0x00, 0x00, 0x00, 0x06, 0x00,
  0x08, 0x00, 0x04, 0x00, 0x06, 0x00, 0x00, 0x00, 0x00, 0x00, 0x80, 0x3f,
  0x01, 0x00, 0x00, 0x00, 0x54, 0x00, 0x00, 0x00, 0x01, 0x00, 0x00, 0x00,
  0x53, 0x00, 0x00, 0x00, 0x1a, 0xf7, 0xff, 0xff, 0x14, 0x00, 0x00, 0x00,
  0x00, 0x00, 0x00, 0x08, 0x10, 0x00, 0x00, 0x00, 0x14, 0x00, 0x00, 0x00,
  0x0c, 0x00, 0x00, 0x00, 0xe4, 0xb9, 0xff, 0xff, 0x01, 0x00, 0x00, 0x00,
  0x53, 0x00, 0x00, 0x00, 0x03, 0x00, 0x00, 0x00, 0x52, 0x00, 0x00, 0x00,
  0x22, 0x00, 0x00, 0x00, 0xff, 0xff, 0xff, 0xff, 0x4e, 0xf7, 0xff, 0xff,
  0x14, 0x00, 0x00, 0x00, 0x00, 0x00, 0x00, 0x08, 0x10, 0x00, 0x00, 0x00,
  0x14, 0x00, 0x00, 0x00, 0x0c, 0x00, 0x00, 0x00, 0x18, 0xba, 0xff, 0xff,
  0x01, 0x00, 0x00, 0x00, 0x52, 0x00, 0x00, 0x00, 0x03, 0x00, 0x00, 0x00,
  0x51, 0x00, 0x00, 0x00, 0x21, 0x00, 0x00, 0x00, 0xff, 0xff, 0xff, 0xff,
  0x82, 0xf7, 0xff, 0xff, 0x14, 0x00, 0x00, 0x00, 0x00, 0x00, 0x00, 0x08,
  0x10, 0x00, 0x00, 0x00, 0x14, 0x00, 0x00, 0x00, 0x0c, 0x00, 0x00, 0x00,
  0x4c, 0xba, 0xff, 0xff, 0x01, 0x00, 0x00, 0x00, 0x51, 0x00, 0x00, 0x00,
  0x03, 0x00, 0x00, 0x00, 0x50, 0x00, 0x00, 0x00, 0x20, 0x00, 0x00, 0x00,
  0xff, 0xff, 0xff, 0xff, 0xb6, 0xf7, 0xff, 0xff, 0x14, 0x00, 0x00, 0x00,
  0x00, 0x00, 0x00, 0x1b, 0x10, 0x00, 0x00, 0x00, 0x14, 0x00, 0x00, 0x00,
  0x0b, 0x00, 0x00, 0x00, 0x80, 0xba, 0xff, 0xff, 0x01, 0x00, 0x00, 0x00,
  0x50, 0x00, 0x00, 0x00, 0x02, 0x00, 0x00, 0x00, 0x4f, 0x00, 0x00, 0x00,
  0x01, 0x00, 0x00, 0x00, 0x16, 0xf8, 0xff, 0xff, 0x0c, 0x00, 0x00, 0x00,
  0x10, 0x00, 0x00, 0x00, 0x02, 0x00, 0x00, 0x00, 0x01, 0x00, 0x00, 0x00,
  0x4f, 0x00, 0x00, 0x00, 0x02, 0x00, 0x00, 0x00, 0x4e, 0x00, 0x00, 0x00,
  0x0d, 0x00, 0x00, 0x00, 0x0a, 0xf8, 0xff, 0xff, 0x14, 0x00, 0x00, 0x00,
  0x00, 0x00, 0x00, 0x01, 0x18, 0x00, 0x00, 0x00, 0x1c, 0x00, 0x00, 0x00,
  0x09, 0x00, 0x00, 0x00, 0x12, 0xfd, 0xff, 0xff, 0x01, 0x00, 0x00, 0x00,
  0x02, 0x00, 0x00, 0x00, 0x01, 0x00, 0x00, 0x00, 0x4e, 0x00, 0x00, 0x00,
  0x03, 0x00, 0x00, 0x00, 0x4d, 0x00, 0x00, 0x00, 0x1e, 0x00, 0x00, 0x00,
  0x1f, 0x00, 0x00, 0x00, 0xea, 0xf7, 0xff, 0xff, 0x10, 0x00, 0x00, 0x00,
  0x00, 0x00, 0x00, 0x34, 0x0c, 0x00, 0x00, 0x00, 0x10, 0x00, 0x00, 0x00,
  0x0c, 0xbb, 0xff, 0xff, 0x01, 0x00, 0x00, 0x00, 0x4d, 0x00, 0x00, 0x00,
  0x02, 0x00, 0x00, 0x00, 0x4c, 0x00, 0x00, 0x00, 0x06, 0x00, 0x00, 0x00,
  0xa2, 0xf8, 0xff, 0xff, 0x0c, 0x00, 0x00, 0x00, 0x10, 0x00, 0x00, 0x00,
  0x02, 0x00, 0x00, 0x00, 0x01, 0x00, 0x00, 0x00, 0x4c, 0x00, 0x00, 0x00,
  0x02, 0x00, 0x00, 0x00, 0x4b, 0x00, 0x00, 0x00, 0x0c, 0x00, 0x00, 0x00,
  0x96, 0xf8, 0xff, 0xff, 0x24, 0x00, 0x00, 0x00, 0x00, 0x00, 0x00, 0x02,
  0x30, 0x00, 0x00, 0x00, 0x34, 0x00, 0x00, 0x00, 0x01, 0x00, 0x00, 0x00,
  0x00, 0x00, 0x0e, 0x00, 0x14, 0x00, 0x00, 0x00, 0x10, 0x00, 0x0c, 0x00,
  0x08, 0x00, 0x07, 0x00, 0x0e, 0x00, 0x00, 0x00, 0x00, 0x00, 0x00, 0x01,
  0x01, 0x00, 0x00, 0x00, 0x02, 0x00, 0x00, 0x00, 0x02, 0x00, 0x00, 0x00,
  0x01, 0x00, 0x00, 0x00, 0x4b, 0x00, 0x00, 0x00, 0x03, 0x00, 0x00, 0x00,
  0x4a, 0x00, 0x00, 0x00, 0x1d, 0x00, 0x00, 0x00, 0x1a, 0x00, 0x00, 0x00,
  0x8e, 0xf8, 0xff, 0xff, 0x10, 0x00, 0x00, 0x00, 0x00, 0x00, 0x00, 0x34,
  0x0c, 0x00, 0x00, 0x00, 0x10, 0x00, 0x00, 0x00, 0xb0, 0xbb, 0xff, 0xff,
  0x01, 0x00, 0x00, 0x00, 0x4a, 0x00, 0x00, 0x00, 0x02, 0x00, 0x00, 0x00,
  0x49, 0x00, 0x00, 0x00, 0x01, 0x00, 0x00, 0x00, 0x46, 0xf9, 0xff, 0xff,
  0x0c, 0x00, 0x00, 0x00, 0x10, 0x00, 0x00, 0x00, 0x02, 0x00, 0x00, 0x00,
  0x01, 0x00, 0x00, 0x00, 0x49, 0x00, 0x00, 0x00, 0x02, 0x00, 0x00, 0x00,
  0x48, 0x00, 0x00, 0x00, 0x0b, 0x00, 0x00, 0x00, 0x3a, 0xf9, 0xff, 0xff,
  0x14, 0x00, 0x00, 0x00, 0x00, 0x00, 0x00, 0x02, 0x1c, 0x00, 0x00, 0x00,
  0x20, 0x00, 0x00, 0x00, 0x01, 0x00, 0x00, 0x00, 0x2c, 0xf9, 0xff, 0xff,
  0x01, 0x00, 0x00, 0x00, 0x02, 0x00, 0x00, 0x00, 0x02, 0x00, 0x00, 0x00,
  0x01, 0x00, 0x00, 0x00, 0x48, 0x00, 0x00, 0x00, 0x03, 0x00, 0x00, 0x00,
  0x47, 0x00, 0x00, 0x00, 0x1c, 0x00, 0x00, 0x00, 0x19, 0x00, 0x00, 0x00,
  0x1e, 0xf9, 0xff, 0xff, 0x10, 0x00, 0x00, 0x00, 0x00, 0x00, 0x00, 0x34,
  0x0c, 0x00, 0x00, 0x00, 0x10, 0x00, 0x00, 0x00, 0x40, 0xbc, 0xff, 0xff,
  0x01, 0x00, 0x00, 0x00, 0x47, 0x00, 0x00, 0x00, 0x02, 0x00, 0x00, 0x00,
  0x46, 0x00, 0x00, 0x00, 0x01, 0x00, 0x00, 0x00, 0xd6, 0xf9, 0xff, 0xff,
  0x0c, 0x00, 0x00, 0x00, 0x10, 0x00, 0x00, 0x00, 0x02, 0x00, 0x00, 0x00,
  0x01, 0x00, 0x00, 0x00, 0x46, 0x00, 0x00, 0x00, 0x02, 0x00, 0x00, 0x00,
  0x45, 0x00, 0x00, 0x00, 0x0a, 0x00, 0x00, 0x00, 0xca, 0xf9, 0xff, 0xff,
  0x24, 0x00, 0x00, 0x00, 0x00, 0x00, 0x00, 0x05, 0x30, 0x00, 0x00, 0x00,
  0x34, 0x00, 0x00, 0x00, 0x0a, 0x00, 0x00, 0x00, 0x00, 0x00, 0x0e, 0x00,
  0x14, 0x00, 0x00, 0x00, 0x10, 0x00, 0x0c, 0x00, 0x08, 0x00, 0x04, 0x00,
  0x0e, 0x00, 0x00, 0x00, 0x02, 0x00, 0x00, 0x00, 0x01, 0x00, 0x00, 0x00,
  0x02, 0x00, 0x00, 0x00, 0x01, 0x00, 0x00, 0x00, 0x01, 0x00, 0x00, 0x00,
  0x45, 0x00, 0x00, 0x00, 0x01, 0x00, 0x00, 0x00, 0x44, 0x00, 0x00, 0x00,
  0xba, 0xf9, 0xff, 0xff, 0x10, 0x00, 0x00, 0x00, 0x00, 0x00, 0x00, 0x34,
  0x0c, 0x00, 0x00, 0x00, 0x10, 0x00, 0x00, 0x00, 0xdc, 0xbc, 0xff, 0xff,
  0x01, 0x00, 0x00, 0x00, 0x44, 0x00, 0x00, 0x00, 0x02, 0x00, 0x00, 0x00,
  0x43, 0x00, 0x00, 0x00, 0x09, 0x00, 0x00, 0x00, 0x72, 0xfa, 0xff, 0xff,
  0x0c, 0x00, 0x00, 0x00, 0x10, 0x00, 0x00, 0x00, 0x02, 0x00, 0x00, 0x00,
  0x01, 0x00, 0x00, 0x00, 0x43, 0x00, 0x00, 0x00, 0x02, 0x00, 0x00, 0x00,
  0x42, 0x00, 0x00, 0x00, 0x08, 0x00, 0x00, 0x00, 0x66, 0xfa, 0xff, 0xff,
  0x14, 0x00, 0x00, 0x00, 0x00, 0x00, 0x00, 0x02, 0x1c, 0x00, 0x00, 0x00,
  0x20, 0x00, 0x00, 0x00, 0x01, 0x00, 0x00, 0x00, 0x58, 0xfa, 0xff, 0xff,
  0x01, 0x00, 0x00, 0x00, 0x02, 0x00, 0x00, 0x00, 0x02, 0x00, 0x00, 0x00,
  0x01, 0x00, 0x00, 0x00, 0x42, 0x00, 0x00, 0x00, 0x03, 0x00, 0x00, 0x00,
  0x41, 0x00, 0x00, 0x00, 0x1b, 0x00, 0x00, 0x00, 0x18, 0x00, 0x00, 0x00,
  0x4a, 0xfa, 0xff, 0xff, 0x10, 0x00, 0x00, 0x00, 0x00, 0x00, 0x00, 0x34,
  0x0c, 0x00, 0x00, 0x00, 0x10, 0x00, 0x00, 0x00, 0x6c, 0xbd, 0xff, 0xff,
  0x01, 0x00, 0x00, 0x00, 0x41, 0x00, 0x00, 0x00, 0x02, 0x00, 0x00, 0x00,
  0x40, 0x00, 0x00, 0x00, 0x01, 0x00, 0x00, 0x00, 0x02, 0xfb, 0xff, 0xff,
  0x0c, 0x00, 0x00, 0x00, 0x10, 0x00, 0x00, 0x00, 0x02, 0x00, 0x00, 0x00,
  0x01, 0x00, 0x00, 0x00, 0x40, 0x00, 0x00, 0x00, 0x02, 0x00, 0x00, 0x00,
  0x3f, 0x00, 0x00, 0x00, 0x07, 0x00, 0x00, 0x00, 0xf6, 0xfa, 0xff, 0xff,
  0x20, 0x00, 0x00, 0x00, 0x00, 0x00, 0x00, 0x01, 0x24, 0x00, 0x00, 0x00,
  0x28, 0x00, 0x00, 0x00, 0x09, 0x00, 0x00, 0x00, 0x00, 0x00, 0x0a, 0x00,
  0x0c, 0x00, 0x00, 0x00, 0x08, 0x00, 0x04, 0x00, 0x0a, 0x00, 0x00, 0x00,
  0x01, 0x00, 0x00, 0x00, 0x02, 0x00, 0x00, 0x00, 0x01, 0x00, 0x00, 0x00,
  0x3f, 0x00, 0x00, 0x00, 0x03, 0x00, 0x00, 0x00, 0x3e, 0x00, 0x00, 0x00,
  0x16, 0x00, 0x00, 0x00, 0x17, 0x00, 0x00, 0x00, 0xe2, 0xfa, 0xff, 0xff,
  0x10, 0x00, 0x00, 0x00, 0x00, 0x00, 0x00, 0x34, 0x0c, 0x00, 0x00, 0x00,
  0x10, 0x00, 0x00, 0x00, 0x04, 0xbe, 0xff, 0xff, 0x01, 0x00, 0x00, 0x00,
  0x3e, 0x00, 0x00, 0x00, 0x02, 0x00, 0x00, 0x00, 0x3d, 0x00, 0x00, 0x00,
  0x06, 0x00, 0x00, 0x00, 0x6a, 0xfb, 0xff, 0xff, 0x14, 0x00, 0x00, 0x00,
  0x00, 0x00, 0x00, 0x0b, 0x14, 0x00, 0x00, 0x00, 0x18, 0x00, 0x00, 0x00,
  0x05, 0x00, 0x00, 0x00, 0xd6, 0xfb, 0xff, 0xff, 0x00, 0x00, 0x00, 0x01,
  0x01, 0x00, 0x00, 0x00, 0x3d, 0x00, 0x00, 0x00, 0x02, 0x00, 0x00, 0x00,
  0x3a, 0x00, 0x00, 0x00, 0x3c, 0x00, 0x00, 0x00, 0x9e, 0xfb, 0xff, 0xff,
  0x14, 0x00, 0x00, 0x00, 0x00, 0x00, 0x00, 0x1c, 0x10, 0x00, 0x00, 0x00,
  0x14, 0x00, 0x00, 0x00, 0x08, 0x00, 0x00, 0x00, 0x68, 0xbe, 0xff, 0xff,
  0x01, 0x00, 0x00, 0x00, 0x3c, 0x00, 0x00, 0x00, 0x02, 0x00, 0x00, 0x00,
  0x13, 0x00, 0x00, 0x00, 0x3b, 0x00, 0x00, 0x00, 0xce, 0xfb, 0xff, 0xff,
  0x14, 0x00, 0x00, 0x00, 0x00, 0x00, 0x00, 0x15, 0x10, 0x00, 0x00, 0x00,
  0x14, 0x00, 0x00, 0x00, 0x07, 0x00, 0x00, 0x00, 0x98, 0xbe, 0xff, 0xff,
  0x01, 0x00, 0x00, 0x00, 0x3b, 0x00, 0x00, 0x00, 0x02, 0x00, 0x00, 0x00,
  0x35, 0x00, 0x00, 0x00, 0x39, 0x00, 0x00, 0x00, 0xfe, 0xfb, 0xff, 0xff,
  0x14, 0x00, 0x00, 0x00, 0x00, 0x00, 0x00, 0x15, 0x10, 0x00, 0x00, 0x00,
  0x14, 0x00, 0x00, 0x00, 0x07, 0x00, 0x00, 0x00, 0xc8, 0xbe, 0xff, 0xff,
  0x01, 0x00, 0x00, 0x00, 0x3a, 0x00, 0x00, 0x00, 0x02, 0x00, 0x00, 0x00,
  0x34, 0x00, 0x00, 0x00, 0x39, 0x00, 0x00, 0x00, 0x5e, 0xfc, 0xff, 0xff,
  0x0c, 0x00, 0x00, 0x00, 0x10, 0x00, 0x00, 0x00, 0x06, 0x00, 0x00, 0x00,
  0x01, 0x00, 0x00, 0x00, 0x39, 0x00, 0x00, 0x00, 0x01, 0x00, 0x00, 0x00,
  0x38, 0x00, 0x00, 0x00, 0x4e, 0xfc, 0xff, 0xff, 0x14, 0x00, 0x00, 0x00,
  0x00, 0x00, 0x00, 0x0b, 0x10, 0x00, 0x00, 0x00, 0x14, 0x00, 0x00, 0x00,
  0x05, 0x00, 0x00, 0x00, 0x18, 0xbf, 0xff, 0xff, 0x01, 0x00, 0x00, 0x00,
  0x38, 0x00, 0x00, 0x00, 0x02, 0x00, 0x00, 0x00, 0x37, 0x00, 0x00, 0x00,
  0x12, 0x00, 0x00, 0x00, 0x7e, 0xfc, 0xff, 0xff, 0x14, 0x00, 0x00, 0x00,
  0x00, 0x00, 0x00, 0x1b, 0x14, 0x00, 0x00, 0x00, 0x18, 0x00, 0x00, 0x00,
  0x03, 0x00, 0x00, 0x00, 0xea, 0xfc, 0xff, 0xff, 0x00, 0x00, 0x00, 0x01,
  0x01, 0x00, 0x00, 0x00, 0x37, 0x00, 0x00, 0x00, 0x02, 0x00, 0x00, 0x00,
  0x36, 0x00, 0x00, 0x00, 0x03, 0x00, 0x00, 0x00, 0xe2, 0xfc, 0xff, 0xff,
  0x0c, 0x00, 0x00, 0x00, 0x10, 0x00, 0x00, 0x00, 0x04, 0x00, 0x00, 0x00,
  0x01, 0x00, 0x00, 0x00, 0x36, 0x00, 0x00, 0x00, 0x02, 0x00, 0x00, 0x00,
  0x34, 0x00, 0x00, 0x00, 0x35, 0x00, 0x00, 0x00, 0xd6, 0xfc, 0xff, 0xff,
  0x14, 0x00, 0x00, 0x00, 0x00, 0x00, 0x00, 0x1b, 0x14, 0x00, 0x00, 0x00,
  0x18, 0x00, 0x00, 0x00, 0x03, 0x00, 0x00, 0x00, 0x42, 0xfd, 0xff, 0xff,
  0x00, 0x00, 0x00, 0x01, 0x01, 0x00, 0x00, 0x00, 0x35, 0x00, 0x00, 0x00,
  0x02, 0x00, 0x00, 0x00, 0x34, 0x00, 0x00, 0x00, 0x03, 0x00, 0x00, 0x00,
  0x3a, 0xfd, 0xff, 0xff, 0x0c, 0x00, 0x00, 0x00, 0x10, 0x00, 0x00, 0x00,
  0x02, 0x00, 0x00, 0x00, 0x01, 0x00, 0x00, 0x00, 0x34, 0x00, 0x00, 0x00,
  0x02, 0x00, 0x00, 0x00, 0x33, 0x00, 0x00, 0x00, 0x05, 0x00, 0x00, 0x00,
  0x2e, 0xfd, 0xff, 0xff, 0x14, 0x00, 0x00, 0x00, 0x00, 0x00, 0x00, 0x02,
  0x1c, 0x00, 0x00, 0x00, 0x20, 0x00, 0x00, 0x00, 0x01, 0x00, 0x00, 0x00,
  0x20, 0xfd, 0xff, 0xff, 0x01, 0x00, 0x00, 0x00, 0x02, 0x00, 0x00, 0x00,
  0x02, 0x00, 0x00, 0x00, 0x01, 0x00, 0x00, 0x00, 0x33, 0x00, 0x00, 0x00,
  0x03, 0x00, 0x00, 0x00, 0x32, 0x00, 0x00, 0x00, 0x15, 0x00, 0x00, 0x00,
  0x11, 0x00, 0x00, 0x00, 0x12, 0xfd, 0xff, 0xff, 0x10, 0x00, 0x00, 0x00,
  0x00, 0x00, 0x00, 0x34, 0x0c, 0x00, 0x00, 0x00, 0x10, 0x00, 0x00, 0x00,
  0x34, 0xc0, 0xff, 0xff, 0x01, 0x00, 0x00, 0x00, 0x32, 0x00, 0x00, 0x00,
  0x02, 0x00, 0x00, 0x00, 0x31, 0x00, 0x00, 0x00, 0x01, 0x00, 0x00, 0x00,
  0xca, 0xfd, 0xff, 0xff, 0x0c, 0x00, 0x00, 0x00, 0x10, 0x00, 0x00, 0x00,
  0x02, 0x00, 0x00, 0x00, 0x01, 0x00, 0x00, 0x00, 0x31, 0x00, 0x00, 0x00,
  0x02, 0x00, 0x00, 0x00, 0x30, 0x00, 0x00, 0x00, 0x04, 0x00, 0x00, 0x00,
  0xbe, 0xfd, 0xff, 0xff, 0x14, 0x00, 0x00, 0x00, 0x00, 0x00, 0x00, 0x02,
  0x1c, 0x00, 0x00, 0x00, 0x20, 0x00, 0x00, 0x00, 0x01, 0x00, 0x00, 0x00,
  0xb0, 0xfd, 0xff, 0xff, 0x01, 0x00, 0x00, 0x00, 0x02, 0x00, 0x00, 0x00,
  0x02, 0x00, 0x00, 0x00, 0x01, 0x00, 0x00, 0x00, 0x30, 0x00, 0x00, 0x00,
  0x03, 0x00, 0x00, 0x00, 0x2f, 0x00, 0x00, 0x00, 0x14, 0x00, 0x00, 0x00,
  0x10, 0x00, 0x00, 0x00, 0xa2, 0xfd, 0xff, 0xff, 0x10, 0x00, 0x00, 0x00,
  0x00, 0x00, 0x00, 0x34, 0x0c, 0x00, 0x00, 0x00, 0x10, 0x00, 0x00, 0x00,
  0xc4, 0xc0, 0xff, 0xff, 0x01, 0x00, 0x00, 0x00, 0x2f, 0x00, 0x00, 0x00,
  0x02, 0x00, 0x00, 0x00, 0x2e, 0x00, 0x00, 0x00, 0x01, 0x00, 0x00, 0x00,
  0x2a, 0xfe, 0xff, 0xff, 0x14, 0x00, 0x00, 0x00, 0x00, 0x00, 0x00, 0x0b,
  0x10, 0x00, 0x00, 0x00, 0x14, 0x00, 0x00, 0x00, 0x05, 0x00, 0x00, 0x00,
  0xf4, 0xc0, 0xff, 0xff, 0x01, 0x00, 0x00, 0x00, 0x2e, 0x00, 0x00, 0x00,
  0x02, 0x00, 0x00, 0x00, 0x2b, 0x00, 0x00, 0x00, 0x2d, 0x00, 0x00, 0x00,
  0x5a, 0xfe, 0xff, 0xff, 0x14, 0x00, 0x00, 0x00, 0x00, 0x00, 0x00, 0x1c,
  0x10, 0x00, 0x00, 0x00, 0x14, 0x00, 0x00, 0x00, 0x08, 0x00, 0x00, 0x00,
  0x24, 0xc1, 0xff, 0xff, 0x01, 0x00, 0x00, 0x00, 0x2d, 0x00, 0x00, 0x00,
  0x02, 0x00, 0x00, 0x00, 0x13, 0x00, 0x00, 0x00, 0x2c, 0x00, 0x00, 0x00,
  0x8a, 0xfe, 0xff, 0xff, 0x14, 0x00, 0x00, 0x00, 0x00, 0x00, 0x00, 0x15,
  0x10, 0x00, 0x00, 0x00, 0x14, 0x00, 0x00, 0x00, 0x07, 0x00, 0x00, 0x00,
  0x54, 0xc1, 0xff, 0xff, 0x01, 0x00, 0x00, 0x00, 0x2c, 0x00, 0x00, 0x00,
  0x02, 0x00, 0x00, 0x00, 0x26, 0x00, 0x00, 0x00, 0x2a, 0x00, 0x00, 0x00,
  0xba, 0xfe, 0xff, 0xff, 0x14, 0x00, 0x00, 0x00, 0x00, 0x00, 0x00, 0x15,
  0x10, 0x00, 0x00, 0x00, 0x14, 0x00, 0x00, 0x00, 0x07, 0x00, 0x00, 0x00,
  0x84, 0xc1, 0xff, 0xff, 0x01, 0x00, 0x00, 0x00, 0x2b, 0x00, 0x00, 0x00,
  0x02, 0x00, 0x00, 0x00, 0x25, 0x00, 0x00, 0x00, 0x2a, 0x00, 0x00, 0x00,
  0x1a, 0xff, 0xff, 0xff, 0x0c, 0x00, 0x00, 0x00, 0x10, 0x00, 0x00, 0x00,
  0x06, 0x00, 0x00, 0x00, 0x01, 0x00, 0x00, 0x00, 0x2a, 0x00, 0x00, 0x00,
  0x01, 0x00, 0x00, 0x00, 0x29, 0x00, 0x00, 0x00, 0x0a, 0xff, 0xff, 0xff,
  0x14, 0x00, 0x00, 0x00, 0x00, 0x00, 0x00, 0x0b, 0x10, 0x00, 0x00, 0x00,
  0x14, 0x00, 0x00, 0x00, 0x05, 0x00, 0x00, 0x00, 0xd4, 0xc1, 0xff, 0xff,
  0x01, 0x00, 0x00, 0x00, 0x29, 0x00, 0x00, 0x00, 0x02, 0x00, 0x00, 0x00,
  0x28, 0x00, 0x00, 0x00, 0x12, 0x00, 0x00, 0x00, 0x3a, 0xff, 0xff, 0xff,
  0x14, 0x00, 0x00, 0x00, 0x00, 0x00, 0x00, 0x1b, 0x14, 0x00, 0x00, 0x00,
  0x18, 0x00, 0x00, 0x00, 0x03, 0x00, 0x00, 0x00, 0xa6, 0xff, 0xff, 0xff,
  0x00, 0x00, 0x00, 0x01, 0x01, 0x00, 0x00, 0x00, 0x28, 0x00, 0x00, 0x00,
  0x02, 0x00, 0x00, 0x00, 0x27, 0x00, 0x00, 0x00, 0x03, 0x00, 0x00, 0x00,
  0x9e, 0xff, 0xff, 0xff, 0x0c, 0x00, 0x00, 0x00, 0x10, 0x00, 0x00, 0x00,
  0x04, 0x00, 0x00, 0x00, 0x01, 0x00, 0x00, 0x00, 0x27, 0x00, 0x00, 0x00,
  0x02, 0x00, 0x00, 0x00, 0x25, 0x00, 0x00, 0x00, 0x26, 0x00, 0x00, 0x00,
  0x92, 0xff, 0xff, 0xff, 0x1c, 0x00, 0x00, 0x00, 0x00, 0x00, 0x00, 0x1b,
  0x1c, 0x00, 0x00, 0x00, 0x20, 0x00, 0x00, 0x00, 0x03, 0x00, 0x00, 0x00,
  0x00, 0x00, 0x06, 0x00, 0x08, 0x00, 0x07, 0x00, 0x06, 0x00, 0x00, 0x00,
  0x00, 0x00, 0x00, 0x01, 0x01, 0x00, 0x00, 0x00, 0x26, 0x00, 0x00, 0x00,
  0x02, 0x00, 0x00, 0x00, 0x25, 0x00, 0x00, 0x00, 0x03, 0x00, 0x00, 0x00,
  0x00, 0x00, 0x0a, 0x00, 0x10, 0x00, 0x0c, 0x00, 0x08, 0x00, 0x04, 0x00,
  0x0a, 0x00, 0x00, 0x00, 0x0c, 0x00, 0x00, 0x00, 0x10, 0x00, 0x00, 0x00,
  0x02, 0x00, 0x00, 0x00, 0x01, 0x00, 0x00, 0x00, 0x25, 0x00, 0x00, 0x00,
  0x02, 0x00, 0x00, 0x00, 0x24, 0x00, 0x00, 0x00, 0x02, 0x00, 0x00, 0x00,
  0x00, 0x00, 0x0e, 0x00, 0x18, 0x00, 0x14, 0x00, 0x10, 0x00, 0x0c, 0x00,
  0x0b, 0x00, 0x04, 0x00, 0x0e, 0x00, 0x00, 0x00, 0x20, 0x00, 0x00, 0x00,
  0x00, 0x00, 0x00, 0x02, 0x28, 0x00, 0x00, 0x00, 0x2c, 0x00, 0x00, 0x00,
  0x01, 0x00, 0x00, 0x00, 0x0c, 0x00, 0x10, 0x00, 0x00, 0x00, 0x0c, 0x00,
  0x08, 0x00, 0x04, 0x00, 0x0c, 0x00, 0x00, 0x00, 0x01, 0x00, 0x00, 0x00,
  0x02, 0x00, 0x00, 0x00, 0x02, 0x00, 0x00, 0x00, 0x01, 0x00, 0x00, 0x00,
  0x24, 0x00, 0x00, 0x00, 0x03, 0x00, 0x00, 0x00, 0x23, 0x00, 0x00, 0x00,
  0x0e, 0x00, 0x00, 0x00, 0x0f, 0x00, 0x00, 0x00, 0x00, 0x00, 0x0e, 0x00,
  0x14, 0x00, 0x00, 0x00, 0x10, 0x00, 0x0c, 0x00, 0x0b, 0x00, 0x04, 0x00,
  0x0e, 0x00, 0x00, 0x00, 0x10, 0x00, 0x00, 0x00, 0x00, 0x00, 0x00, 0x34,
  0x0c, 0x00, 0x00, 0x00, 0x10, 0x00, 0x00, 0x00, 0x30, 0xc3, 0xff, 0xff,
  0x01, 0x00, 0x00, 0x00, 0x23, 0x00, 0x00, 0x00, 0x02, 0x00, 0x00, 0x00,
  0x00, 0x00, 0x00, 0x00, 0x01, 0x00, 0x00, 0x00, 0x01, 0x00, 0x00, 0x00,
  0x54, 0x00, 0x00, 0x00, 0x01, 0x00, 0x00, 0x00, 0x00, 0x00, 0x00, 0x00,
  0x55, 0x00, 0x00, 0x00, 0xfc, 0x3c, 0x00, 0x00, 0x88, 0x3c, 0x00, 0x00,
  0x20, 0x3c, 0x00, 0x00, 0xa8, 0x3b, 0x00, 0x00, 0x50, 0x3b, 0x00, 0x00,
  0xf8, 0x3a, 0x00, 0x00, 0xa0, 0x3a, 0x00, 0x00, 0x48, 0x3a, 0x00, 0x00,
  0xf0, 0x39, 0x00, 0x00, 0x94, 0x39, 0x00, 0x00, 0x38, 0x39, 0x00, 0x00,
  0xe0, 0x38, 0x00, 0x00, 0x88, 0x38, 0x00, 0x00, 0x30, 0x38, 0x00, 0x00,
  0x94, 0x37, 0x00, 0x00, 0xf0, 0x36, 0x00, 0x00, 0x4c, 0x36, 0x00, 0x00,
  0xa8, 0x35, 0x00, 0x00, 0x2c, 0x35, 0x00, 0x00, 0xa8, 0x34, 0x00, 0x00,
  0x18, 0x34, 0x00, 0x00, 0x8c, 0x33, 0x00, 0x00, 0xdc, 0x31, 0x00, 0x00,
  0x10, 0x31, 0x00, 0x00, 0x44, 0x30, 0x00, 0x00, 0x78, 0x2f, 0x00, 0x00,
  0xac, 0x2e, 0x00, 0x00, 0xfc, 0x2d, 0x00, 0x00, 0x30, 0x2c, 0x00, 0x00,
  0xbc, 0x2a, 0x00, 0x00, 0x74, 0x29, 0x00, 0x00, 0x38, 0x28, 0x00, 0x00,
  0xcc, 0x27, 0x00, 0x00, 0x60, 0x27, 0x00, 0x00, 0xf4, 0x26, 0x00, 0x00,
  0x58, 0x26, 0x00, 0x00, 0x64, 0x25, 0x00, 0x00, 0xcc, 0x24, 0x00, 0x00,
  0x30, 0x24, 0x00, 0x00, 0x84, 0x23, 0x00, 0x00, 0xe0, 0x22, 0x00, 0x00,
  0x44, 0x22, 0x00, 0x00, 0xa0, 0x21, 0x00, 0x00, 0xfc, 0x20, 0x00, 0x00,
  0x58, 0x20, 0x00, 0x00, 0xbc, 0x1f, 0x00, 0x00, 0x18, 0x1f, 0x00, 0x00,
  0x78, 0x1e, 0x00, 0x00, 0x84, 0x1d, 0x00, 0x00, 0xec, 0x1c, 0x00, 0x00,
  0x4c, 0x1c, 0x00, 0x00, 0x80, 0x1b, 0x00, 0x00, 0xe8, 0x1a, 0x00, 0x00,
  0x4c, 0x1a, 0x00, 0x00, 0xa0, 0x19, 0x00, 0x00, 0xfc, 0x18, 0x00, 0x00,
  0x60, 0x18, 0x00, 0x00, 0xbc, 0x17, 0x00, 0x00, 0x18, 0x17, 0x00, 0x00,
  0x74, 0x16, 0x00, 0x00, 0xd8, 0x15, 0x00, 0x00, 0x1c, 0x15, 0x00, 0x00,
  0x84, 0x14, 0x00, 0x00, 0xa8, 0x12, 0x00, 0x00, 0x20, 0x11, 0x00, 0x00,
  0x80, 0x10, 0x00, 0x00, 0x8c, 0x0f, 0x00, 0x00, 0xf4, 0x0e, 0x00, 0x00,
  0x54, 0x0e, 0x00, 0x00, 0xb8, 0x0d, 0x00, 0x00, 0x20, 0x0d, 0x00, 0x00,
  0x80, 0x0c, 0x00, 0x00, 0x8c, 0x0a, 0x00, 0x00, 0x24, 0x09, 0x00, 0x00,
  0x84, 0x08, 0x00, 0x00, 0xc8, 0x06, 0x00, 0x00, 0x40, 0x05, 0x00, 0x00,
  0xa8, 0x04, 0x00, 0x00, 0xcc, 0x03, 0x00, 0x00, 0xf4, 0x02, 0x00, 0x00,
  0x6c, 0x02, 0x00, 0x00, 0xc8, 0x01, 0x00, 0x00, 0x44, 0x01, 0x00, 0x00,
  0x80, 0x00, 0x00, 0x00, 0x04, 0x00, 0x00, 0x00, 0x6c, 0xc4, 0xff, 0xff,
  0x18, 0x00, 0x00, 0x00, 0x20, 0x00, 0x00, 0x00, 0x40, 0x00, 0x00, 0x00,
  0x55, 0x00, 0x00, 0x00, 0x00, 0x00, 0x00, 0x09, 0x54, 0x00, 0x00, 0x00,
  0x02, 0x00, 0x00, 0x00, 0xff, 0xff, 0xff, 0xff, 0x04, 0x00, 0x00, 0x00,
  0x54, 0xc4, 0xff, 0xff, 0x08, 0x00, 0x00, 0x00, 0x14, 0x00, 0x00, 0x00,
  0x01, 0x00, 0x00, 0x00, 0x80, 0xff, 0xff, 0xff, 0xff, 0xff, 0xff, 0xff,
  0x00, 0x00, 0x00, 0x00, 0x01, 0x00, 0x00, 0x00, 0x00, 0x00, 0x80, 0x3b,
  0x19, 0x00, 0x00, 0x00, 0x53, 0x74, 0x61, 0x74, 0x65, 0x66, 0x75, 0x6c,
  0x50, 0x61, 0x72, 0x74, 0x69, 0x74, 0x69, 0x6f, 0x6e, 0x65, 0x64, 0x43,
  0x61, 0x6c, 0x6c, 0x3a, 0x30, 0x00, 0x00, 0x00, 0x02, 0x00, 0x00, 0x00,
  0x01, 0x00, 0x00, 0x00, 0x04, 0x00, 0x00, 0x00, 0xe4, 0xc4, 0xff, 0xff,
  0x18, 0x00, 0x00, 0x00, 0x20, 0x00, 0x00, 0x00, 0x40, 0x00, 0x00, 0x00,
  0x54, 0x00, 0x00, 0x00, 0x00, 0x00, 0x00, 0x09, 0x9c, 0x00, 0x00, 0x00,
  0x02, 0x00, 0x00, 0x00, 0xff, 0xff, 0xff, 0xff, 0x04, 0x00, 0x00, 0x00,
  0xcc, 0xc4, 0xff, 0xff, 0x08, 0x00, 0x00, 0x00, 0x14, 0x00, 0x00, 0x00,
  0x01, 0x00, 0x00, 0x00, 0x29, 0x00, 0x00, 0x00, 0x00, 0x00, 0x00, 0x00,
  0x00, 0x00, 0x00, 0x00, 0x01, 0x00, 0x00, 0x00, 0x94, 0x15, 0x18, 0x3a,
  0x61, 0x00, 0x00, 0x00, 0x73, 0x65, 0x71, 0x75, 0x65, 0x6e, 0x74, 0x69,
  0x61, 0x6c, 0x5f, 0x31, 0x33, 0x39, 0x2f, 0x64, 0x65, 0x6e, 0x73, 0x65,
  0x5f, 0x32, 0x34, 0x32, 0x2f, 0x42, 0x69, 0x61, 0x73, 0x41, 0x64, 0x64,
  0x3b, 0x73, 0x65, 0x71, 0x75, 0x65, 0x6e, 0x74, 0x69, 0x61, 0x6c, 0x5f,
  0x31, 0x33, 0x39, 0x2f, 0x64, 0x65, 0x6e, 0x73, 0x65, 0x5f, 0x32, 0x34,
  0x33, 0x2f, 0x4d, 0x61, 0x74, 0x4d, 0x75, 0x6c, 0x3b, 0x73, 0x65, 0x71,
  0x75, 0x65, 0x6e, 0x74, 0x69, 0x61, 0x6c, 0x5f, 0x31, 0x33, 0x39, 0x2f,
  0x64, 0x65, 0x6e, 0x73, 0x65, 0x5f, 0x32, 0x34, 0x33, 0x2f, 0x42, 0x69,
  0x61, 0x73, 0x41, 0x64, 0x64, 0x00, 0x00, 0x00, 0x02, 0x00, 0x00, 0x00,
  0x01, 0x00, 0x00, 0x00, 0x04, 0x00, 0x00, 0x00, 0xa4, 0xc5, 0xff, 0xff,
  0x18, 0x00, 0x00, 0x00, 0x20, 0x00, 0x00, 0x00, 0x40, 0x00, 0x00, 0x00,
  0x53, 0x00, 0x00, 0x00, 0x00, 0x00, 0x00, 0x09, 0x5c, 0x00, 0x00, 0x00,
  0x02, 0x00, 0x00, 0x00, 0xff, 0xff, 0xff, 0xff, 0x38, 0x00, 0x00, 0x00,
  0x8c, 0xc5, 0xff, 0xff, 0x08, 0x00, 0x00, 0x00, 0x14, 0x00, 0x00, 0x00,
  0x01, 0x00, 0x00, 0x00, 0x03, 0x00, 0x00, 0x00, 0x00, 0x00, 0x00, 0x00,
  0x00, 0x00, 0x00, 0x00, 0x01, 0x00, 0x00, 0x00, 0x53, 0xe2, 0x2e, 0x3a,
  0x20, 0x00, 0x00, 0x00, 0x73, 0x65, 0x71, 0x75, 0x65, 0x6e, 0x74, 0x69,
  0x61, 0x6c, 0x5f, 0x31, 0x33, 0x39, 0x2f, 0x64, 0x65, 0x6e, 0x73, 0x65,
  0x5f, 0x32, 0x34, 0x32, 0x2f, 0x4d, 0x61, 0x74, 0x4d, 0x75, 0x6c, 0x31,
  0x00, 0x00, 0x00, 0x00, 0x02, 0x00, 0x00, 0x00, 0x01, 0x00, 0x00, 0x00,
  0x38, 0x00, 0x00, 0x00, 0x24, 0xc6, 0xff, 0xff, 0x18, 0x00, 0x00, 0x00,
  0x20, 0x00, 0x00, 0x00, 0x40, 0x00, 0x00, 0x00, 0x52, 0x00, 0x00, 0x00,
  0x00, 0x00, 0x00, 0x09, 0x7c, 0x00, 0x00, 0x00, 0x02, 0x00, 0x00, 0x00,
  0xff, 0xff, 0xff, 0xff, 0x40, 0x00, 0x00, 0x00, 0x0c, 0xc6, 0xff, 0xff,
  0x08, 0x00, 0x00, 0x00, 0x14, 0x00, 0x00, 0x00, 0x01, 0x00, 0x00, 0x00,
  0xf6, 0xff, 0xff, 0xff, 0xff, 0xff, 0xff, 0xff, 0x00, 0x00, 0x00, 0x00,
  0x01, 0x00, 0x00, 0x00, 0x0a, 0xdf, 0x1a, 0x3a, 0x40, 0x00, 0x00, 0x00,
  0x73, 0x65, 0x71, 0x75, 0x65, 0x6e, 0x74, 0x69, 0x61, 0x6c, 0x5f, 0x31,
  0x33, 0x39, 0x2f, 0x64, 0x65, 0x6e, 0x73, 0x65, 0x5f, 0x32, 0x34, 0x31,
  0x2f, 0x4d, 0x61, 0x74, 0x4d, 0x75, 0x6c, 0x3b, 0x73, 0x65, 0x71, 0x75,
  0x65, 0x6e, 0x74, 0x69, 0x61, 0x6c, 0x5f, 0x31, 0x33, 0x39, 0x2f, 0x64,
  0x65, 0x6e, 0x73, 0x65, 0x5f, 0x32, 0x34, 0x31, 0x2f, 0x42, 0x69, 0x61,
  0x73, 0x41, 0x64, 0x64, 0x00, 0x00, 0x00, 0x00, 0x02, 0x00, 0x00, 0x00,
  0x01, 0x00, 0x00, 0x00, 0x40, 0x00, 0x00, 0x00, 0xc4, 0xc6, 0xff, 0xff,
  0x18, 0x00, 0x00, 0x00, 0x20, 0x00, 0x00, 0x00, 0x3c, 0x00, 0x00, 0x00,
  0x51, 0x00, 0x00, 0x00, 0x00, 0x00, 0x00, 0x09, 0x60, 0x00, 0x00, 0x00,
  0x02, 0x00, 0x00, 0x00, 0xff, 0xff, 0xff, 0xff, 0x12, 0x00, 0x00, 0x00,
  0xac, 0xc6, 0xff, 0xff, 0x08, 0x00, 0x00, 0x00, 0x10, 0x00, 0x00, 0x00,
  0x01, 0x00, 0x00, 0x00, 0xff, 0xff, 0xff, 0xff, 0xff, 0xff, 0xff, 0xff,
  0x01, 0x00, 0x00, 0x00, 0x98, 0x57, 0x3b, 0x3a, 0x2a, 0x00, 0x00, 0x00,
  0x73, 0x65, 0x71, 0x75, 0x65, 0x6e, 0x74, 0x69, 0x61, 0x6c, 0x5f, 0x31,
  0x33, 0x39, 0x2f, 0x67, 0x6c, 0x6f, 0x62, 0x61, 0x6c, 0x5f, 0x6d, 0x61,
  0x78, 0x5f, 0x70, 0x6f, 0x6f, 0x6c, 0x69, 0x6e, 0x67, 0x31, 0x64, 0x5f,
  0x34, 0x34, 0x2f, 0x4d, 0x61, 0x78, 0x00, 0x00, 0x02, 0x00, 0x00, 0x00,
  0x01, 0x00, 0x00, 0x00, 0x12, 0x00, 0x00, 0x00, 0x48, 0xc7, 0xff, 0xff,
  0x18, 0x00, 0x00, 0x00, 0x24, 0x00, 0x00, 0x00, 0x44, 0x00, 0x00, 0x00,
  0x50, 0x00, 0x00, 0x00, 0x00, 0x00, 0x00, 0x09, 0xac, 0x00, 0x00, 0x00,
  0x03, 0x00, 0x00, 0x00, 0xff, 0xff, 0xff, 0xff, 0x0c, 0x00, 0x00, 0x00,
  0x12, 0x00, 0x00, 0x00, 0x34, 0xc7, 0xff, 0xff, 0x08, 0x00, 0x00, 0x00,
  0x14, 0x00, 0x00, 0x00, 0x01, 0x00, 0x00, 0x00, 0xff, 0xff, 0xff, 0xff,
  0xff, 0xff, 0xff, 0xff, 0x00, 0x00, 0x00, 0x00, 0x01, 0x00, 0x00, 0x00,
  0x98, 0x57, 0x3b, 0x3a, 0x6c, 0x00, 0x00, 0x00, 0x73, 0x65, 0x71, 0x75,
  0x65, 0x6e, 0x74, 0x69, 0x61, 0x6c, 0x5f, 0x31, 0x33, 0x39, 0x2f, 0x63,
  0x6f, 0x6e, 0x76, 0x31, 0x64, 0x5f, 0x31, 0x39, 0x33, 0x2f, 0x42, 0x69,
  0x61, 0x73, 0x41, 0x64, 0x64, 0x3b, 0x73, 0x65, 0x71, 0x75, 0x65, 0x6e,
  0x74, 0x69, 0x61, 0x6c, 0x5f, 0x31, 0x33, 0x39, 0x2f, 0x63, 0x6f, 0x6e,
  0x76, 0x31, 0x64, 0x5f, 0x31, 0x39, 0x33, 0x2f, 0x43, 0x6f, 0x6e, 0x76,
  0x31, 0x44, 0x2f, 0x53, 0x71, 0x75, 0x65, 0x65, 0x7a, 0x65, 0x3b, 0x73,
  0x65, 0x71, 0x75, 0x65, 0x6e, 0x74, 0x69, 0x61, 0x6c, 0x5f, 0x31, 0x33,
  0x39, 0x2f, 0x63, 0x6f, 0x6e, 0x76, 0x31, 0x64, 0x5f, 0x31, 0x39, 0x33,
  0x2f, 0x43, 0x6f, 0x6e, 0x76, 0x31, 0x44, 0x31, 0x00, 0x00, 0x00, 0x00,
  0x03, 0x00, 0x00, 0x00, 0x01, 0x00, 0x00, 0x00, 0x0c, 0x00, 0x00, 0x00,
  0x12, 0x00, 0x00, 0x00, 0x1c, 0xc8, 0xff, 0xff, 0x18, 0x00, 0x00, 0x00,
  0x28, 0x00, 0x00, 0x00, 0x48, 0x00, 0x00, 0x00, 0x4f, 0x00, 0x00, 0x00,
  0x00, 0x00, 0x00, 0x09, 0xac, 0x00, 0x00, 0x00, 0x04, 0x00, 0x00, 0x00,
  0xff, 0xff, 0xff, 0xff, 0x01, 0x00, 0x00, 0x00, 0x0c, 0x00, 0x00, 0x00,
  0x12, 0x00, 0x00, 0x00, 0x0c, 0xc8, 0xff, 0xff, 0x08, 0x00, 0x00, 0x00,
  0x14, 0x00, 0x00, 0x00, 0x01, 0x00, 0x00, 0x00, 0xff, 0xff, 0xff, 0xff,
  0xff, 0xff, 0xff, 0xff, 0x00, 0x00, 0x00, 0x00, 0x01, 0x00, 0x00, 0x00,
  0x98, 0x57, 0x3b, 0x3a, 0x6b, 0x00, 0x00, 0x00, 0x73, 0x65, 0x71, 0x75,
  0x65, 0x6e, 0x74, 0x69, 0x61, 0x6c, 0x5f, 0x31, 0x33, 0x39, 0x2f, 0x63,
  0x6f, 0x6e, 0x76, 0x31, 0x64, 0x5f, 0x31, 0x39, 0x33, 0x2f, 0x42, 0x69,
  0x61, 0x73, 0x41, 0x64, 0x64, 0x3b, 0x73, 0x65, 0x71, 0x75, 0x65, 0x6e,
  0x74, 0x69, 0x61, 0x6c, 0x5f, 0x31, 0x33, 0x39, 0x2f, 0x63, 0x6f, 0x6e,
  0x76, 0x31, 0x64, 0x5f, 0x31, 0x39, 0x33, 0x2f, 0x43, 0x6f, 0x6e, 0x76,
  0x31, 0x44, 0x2f, 0x53, 0x71, 0x75, 0x65, 0x65, 0x7a, 0x65, 0x3b, 0x73,
  0x65, 0x71, 0x75, 0x65, 0x6e, 0x74, 0x69, 0x61, 0x6c, 0x5f, 0x31, 0x33,
  0x39, 0x2f, 0x63, 0x6f, 0x6e, 0x76, 0x31, 0x64, 0x5f, 0x31, 0x39, 0x33,
  0x2f, 0x43, 0x6f, 0x6e, 0x76, 0x31, 0x44, 0x00, 0x04, 0x00, 0x00, 0x00,
  0x01, 0x00, 0x00, 0x00, 0x01, 0x00, 0x00, 0x00, 0x0c, 0x00, 0x00, 0x00,
  0x12, 0x00, 0x00, 0x00, 0xf4, 0xc8, 0xff, 0xff, 0x18, 0x00, 0x00, 0x00,
  0x28, 0x00, 0x00, 0x00, 0x44, 0x00, 0x00, 0x00, 0x4e, 0x00, 0x00, 0x00,
  0x00, 0x00, 0x00, 0x09, 0x68, 0x00, 0x00, 0x00, 0x04, 0x00, 0x00, 0x00,
  0xff, 0xff, 0xff, 0xff, 0x01, 0x00, 0x00, 0x00, 0x18, 0x00, 0x00, 0x00,
  0x04, 0x00, 0x00, 0x00, 0xe4, 0xc8, 0xff, 0xff, 0x08, 0x00, 0x00, 0x00,
  0x10, 0x00, 0x00, 0x00, 0x01, 0x00, 0x00, 0x00, 0x80, 0xff, 0xff, 0xff,
  0xff, 0xff, 0xff, 0xff, 0x01, 0x00, 0x00, 0x00, 0xac, 0x69, 0x3a, 0x3a,
  0x2b, 0x00, 0x00, 0x00, 0x73, 0x65, 0x71, 0x75, 0x65, 0x6e, 0x74, 0x69,
  0x61, 0x6c, 0x5f, 0x31, 0x33, 0x39, 0x2f, 0x63, 0x6f, 0x6e, 0x76, 0x31,
  0x64, 0x5f, 0x31, 0x39, 0x33, 0x2f, 0x43, 0x6f, 0x6e, 0x76, 0x31, 0x44,
  0x2f, 0x45, 0x78, 0x70, 0x61, 0x6e, 0x64, 0x44, 0x69, 0x6d, 0x73, 0x00,
  0x04, 0x00, 0x00, 0x00, 0x01, 0x00, 0x00, 0x00, 0x01, 0x00, 0x00, 0x00,
  0x18, 0x00, 0x00, 0x00, 0x04, 0x00, 0x00, 0x00, 0x88, 0xc9, 0xff, 0xff,
  0x18, 0x00, 0x00, 0x00, 0x24, 0x00, 0x00, 0x00, 0x44, 0x00, 0x00, 0x00,
  0x4d, 0x00, 0x00, 0x00, 0x00, 0x00, 0x00, 0x09, 0x5c, 0x01, 0x00, 0x00,
  0x03, 0x00, 0x00, 0x00, 0xff, 0xff, 0xff, 0xff, 0x18, 0x00, 0x00, 0x00,
  0x04, 0x00, 0x00, 0x00, 0x74, 0xc9, 0xff, 0xff, 0x08, 0x00, 0x00, 0x00,
  0x14, 0x00, 0x00, 0x00, 0x01, 0x00, 0x00, 0x00, 0x80, 0xff, 0xff, 0xff,
  0xff, 0xff, 0xff, 0xff, 0x00, 0x00, 0x00, 0x00, 0x01, 0x00, 0x00, 0x00,
  0xac, 0x69, 0x3a, 0x3a, 0x1c, 0x01, 0x00, 0x00, 0x73, 0x65, 0x71, 0x75,
  0x65, 0x6e, 0x74, 0x69, 0x61, 0x6c, 0x5f, 0x31, 0x33, 0x39, 0x2f, 0x72,
  0x65, 0x5f, 0x6c, 0x75, 0x5f, 0x31, 0x39, 0x39, 0x2f, 0x52, 0x65, 0x6c,
  0x75, 0x3b, 0x73, 0x65, 0x71, 0x75, 0x65, 0x6e, 0x74, 0x69, 0x61, 0x6c,
  0x5f, 0x31, 0x33, 0x39, 0x2f, 0x62, 0x61, 0x74, 0x63, 0x68, 0x5f, 0x6e,
  0x6f, 0x72, 0x6d, 0x61, 0x6c, 0x69, 0x7a, 0x61, 0x74, 0x69, 0x6f, 0x6e,
  0x5f, 0x31, 0x38, 0x36, 0x2f, 0x62, 0x61, 0x74, 0x63, 0x68, 0x6e, 0x6f,
  0x72, 0x6d, 0x2f, 0x61, 0x64, 0x64, 0x5f, 0x31, 0x3b, 0x73, 0x65, 0x71,
  0x75, 0x65, 0x6e, 0x74, 0x69, 0x61, 0x6c, 0x5f, 0x31, 0x33, 0x39, 0x2f,
  0x64, 0x65, 0x70, 0x74, 0x68, 0x77, 0x69, 0x73, 0x65, 0x5f, 0x63, 0x6f,
  0x6e, 0x76, 0x31, 0x64, 0x5f, 0x32, 0x36, 0x30, 0x2f, 0x53, 0x71, 0x75,
  0x65, 0x65, 0x7a, 0x65, 0x3b, 0x73, 0x65, 0x71, 0x75, 0x65, 0x6e, 0x74,
  0x69, 0x61, 0x6c, 0x5f, 0x31, 0x33, 0x39, 0x2f, 0x62, 0x61, 0x74, 0x63,
  0x68, 0x5f, 0x6e, 0x6f, 0x72, 0x6d, 0x61, 0x6c, 0x69, 0x7a, 0x61, 0x74,
  0x69, 0x6f, 0x6e, 0x5f, 0x31, 0x38, 0x36, 0x2f, 0x62, 0x61, 0x74, 0x63,
  0x68, 0x6e, 0x6f, 0x72, 0x6d, 0x2f, 0x6d, 0x75, 0x6c, 0x5f, 0x31, 0x3b,
  0x73, 0x65, 0x71, 0x75, 0x65, 0x6e, 0x74, 0x69, 0x61, 0x6c, 0x5f, 0x31,
  0x33, 0x39, 0x2f, 0x62, 0x61, 0x74, 0x63, 0x68, 0x5f, 0x6e, 0x6f, 0x72,
  0x6d, 0x61, 0x6c, 0x69, 0x7a, 0x61, 0x74, 0x69, 0x6f, 0x6e, 0x5f, 0x31,
  0x38, 0x34, 0x2f, 0x62, 0x61, 0x74, 0x63, 0x68, 0x6e, 0x6f, 0x72, 0x6d,
  0x2f, 0x52, 0x73, 0x71, 0x72, 0x74, 0x3b, 0x73, 0x65, 0x71, 0x75, 0x65,
  0x6e, 0x74, 0x69, 0x61, 0x6c, 0x5f, 0x31, 0x33, 0x39, 0x2f, 0x64, 0x65,
  0x70, 0x74, 0x68, 0x77, 0x69, 0x73, 0x65, 0x5f, 0x63, 0x6f, 0x6e, 0x76,
  0x31, 0x64, 0x5f, 0x32, 0x36, 0x30, 0x2f, 0x64, 0x65, 0x70, 0x74, 0x68,
  0x77, 0x69, 0x73, 0x65, 0x00, 0x00, 0x00, 0x00, 0x03, 0x00, 0x00, 0x00,
  0x01, 0x00, 0x00, 0x00, 0x18, 0x00, 0x00, 0x00, 0x04, 0x00, 0x00, 0x00,
  0x0c, 0xcb, 0xff, 0xff, 0x18, 0x00, 0x00, 0x00, 0x28, 0x00, 0x00, 0x00,
  0x48, 0x00, 0x00, 0x00, 0x4c, 0x00, 0x00, 0x00, 0x00, 0x00, 0x00, 0x09,
  0x8c, 0x01, 0x00, 0x00, 0x04, 0x00, 0x00, 0x00, 0xff, 0xff, 0xff, 0xff,
  0x01, 0x00, 0x00, 0x00, 0x18, 0x00, 0x00, 0x00, 0x04, 0x00, 0x00, 0x00,
  0xfc, 0xca, 0xff, 0xff, 0x08, 0x00, 0x00, 0x00, 0x14, 0x00, 0x00, 0x00,
  0x01, 0x00, 0x00, 0x00, 0x80, 0xff, 0xff, 0xff, 0xff, 0xff, 0xff, 0xff,
  0x00, 0x00, 0x00, 0x00, 0x01, 0x00, 0x00, 0x00, 0xac, 0x69, 0x3a, 0x3a,
  0x48, 0x01, 0x00, 0x00, 0x73, 0x65, 0x71, 0x75, 0x65, 0x6e, 0x74, 0x69,
  0x61, 0x6c, 0x5f, 0x31, 0x33, 0x39, 0x2f, 0x72, 0x65, 0x5f, 0x6c, 0x75,
  0x5f, 0x31, 0x39, 0x39, 0x2f, 0x52, 0x65, 0x6c, 0x75, 0x3b, 0x73, 0x65,
  0x71, 0x75, 0x65, 0x6e, 0x74, 0x69, 0x61, 0x6c, 0x5f, 0x31, 0x33, 0x39,
  0x2f, 0x62, 0x61, 0x74, 0x63, 0x68, 0x5f, 0x6e, 0x6f, 0x72, 0x6d, 0x61,
  0x6c, 0x69, 0x7a, 0x61, 0x74, 0x69, 0x6f, 0x6e, 0x5f, 0x31, 0x38, 0x36,
  0x2f, 0x62, 0x61, 0x74, 0x63, 0x68, 0x6e, 0x6f, 0x72, 0x6d, 0x2f, 0x61,
  0x64, 0x64, 0x5f, 0x31, 0x3b, 0x73, 0x65, 0x71, 0x75, 0x65, 0x6e, 0x74,
  0x69, 0x61, 0x6c, 0x5f, 0x31, 0x33, 0x39, 0x2f, 0x64, 0x65, 0x70, 0x74,
  0x68, 0x77, 0x69, 0x73, 0x65, 0x5f, 0x63, 0x6f, 0x6e, 0x76, 0x31, 0x64,
  0x5f, 0x32, 0x36, 0x30, 0x2f, 0x53, 0x71, 0x75, 0x65, 0x65, 0x7a, 0x65,
  0x3b, 0x73, 0x65, 0x71, 0x75, 0x65, 0x6e, 0x74, 0x69, 0x61, 0x6c, 0x5f,
  0x31, 0x33, 0x39, 0x2f, 0x62, 0x61, 0x74, 0x63, 0x68, 0x5f, 0x6e, 0x6f,
  0x72, 0x6d, 0x61, 0x6c, 0x69, 0x7a, 0x61, 0x74, 0x69, 0x6f, 0x6e, 0x5f,
  0x31, 0x38, 0x36, 0x2f, 0x62, 0x61, 0x74, 0x63, 0x68, 0x6e, 0x6f, 0x72,
  0x6d, 0x2f, 0x6d, 0x75, 0x6c, 0x5f, 0x31, 0x3b, 0x73, 0x65, 0x71, 0x75,
  0x65, 0x6e, 0x74, 0x69, 0x61, 0x6c, 0x5f, 0x31, 0x33, 0x39, 0x2f, 0x62,
  0x61, 0x74, 0x63, 0x68, 0x5f, 0x6e, 0x6f, 0x72, 0x6d, 0x61, 0x6c, 0x69,
  0x7a, 0x61, 0x74, 0x69, 0x6f, 0x6e, 0x5f, 0x31, 0x38, 0x34, 0x2f, 0x62,
  0x61, 0x74, 0x63, 0x68, 0x6e, 0x6f, 0x72, 0x6d, 0x2f, 0x52, 0x73, 0x71,
  0x72, 0x74, 0x3b, 0x73, 0x65, 0x71, 0x75, 0x65, 0x6e, 0x74, 0x69, 0x61,
  0x6c, 0x5f, 0x31, 0x33, 0x39, 0x2f, 0x64, 0x65, 0x70, 0x74, 0x68, 0x77,
  0x69, 0x73, 0x65, 0x5f, 0x63, 0x6f, 0x6e, 0x76, 0x31, 0x64, 0x5f, 0x32,
  0x36, 0x30, 0x2f, 0x64, 0x65, 0x70, 0x74, 0x68, 0x77, 0x69, 0x73, 0x65,
  0x3b, 0x73, 0x65, 0x71, 0x75, 0x65, 0x6e, 0x74, 0x69, 0x61, 0x6c, 0x5f,
  0x31, 0x33, 0x39, 0x2f, 0x64, 0x65, 0x70, 0x74, 0x68, 0x77, 0x69, 0x73,
  0x65, 0x5f, 0x63, 0x6f, 0x6e, 0x76, 0x31, 0x64, 0x5f, 0x32, 0x36, 0x30,
  0x2f, 0x42, 0x69, 0x61, 0x73, 0x41, 0x64, 0x64, 0x00, 0x00, 0x00, 0x00,
  0x04, 0x00, 0x00, 0x00, 0x01, 0x00, 0x00, 0x00, 0x01, 0x00, 0x00, 0x00,
  0x18, 0x00, 0x00, 0x00, 0x04, 0x00, 0x00, 0x00, 0xc4, 0xcc, 0xff, 0xff,
  0x18, 0x00, 0x00, 0x00, 0x28, 0x00, 0x00, 0x00, 0x48, 0x00, 0x00, 0x00,
  0x4b, 0x00, 0x00, 0x00, 0x00, 0x00, 0x00, 0x09, 0x70, 0x00, 0x00, 0x00,
  0x04, 0x00, 0x00, 0x00, 0xff, 0xff, 0xff, 0xff, 0x01, 0x00, 0x00, 0x00,
  0x2f, 0x00, 0x00, 0x00, 0x04, 0x00, 0x00, 0x00, 0xb4, 0xcc, 0xff, 0xff,
  0x08, 0x00, 0x00, 0x00, 0x14, 0x00, 0x00, 0x00, 0x01, 0x00, 0x00, 0x00,
  0x30, 0x00, 0x00, 0x00, 0x00, 0x00, 0x00, 0x00, 0x00, 0x00, 0x00, 0x00,
  0x01, 0x00, 0x00, 0x00, 0xde, 0xbb, 0x12, 0x3b, 0x2e, 0x00, 0x00, 0x00,
  0x73, 0x65, 0x71, 0x75, 0x65, 0x6e, 0x74, 0x69, 0x61, 0x6c, 0x5f, 0x31,
  0x33, 0x39, 0x2f, 0x64, 0x65, 0x70, 0x74, 0x68, 0x77, 0x69, 0x73, 0x65,
  0x5f, 0x63, 0x6f, 0x6e, 0x76, 0x31, 0x64, 0x5f, 0x32, 0x36, 0x30, 0x2f,
  0x45, 0x78, 0x70, 0x61, 0x6e, 0x64, 0x44, 0x69, 0x6d, 0x73, 0x00, 0x00,
  0x04, 0x00, 0x00, 0x00, 0x01, 0x00, 0x00, 0x00, 0x01, 0x00, 0x00, 0x00,
  0x2f, 0x00, 0x00, 0x00, 0x04, 0x00, 0x00, 0x00, 0x60, 0xcd, 0xff, 0xff,
  0x18, 0x00, 0x00, 0x00, 0x24, 0x00, 0x00, 0x00, 0x44, 0x00, 0x00, 0x00,
  0x4a, 0x00, 0x00, 0x00, 0x00, 0x00, 0x00, 0x09, 0x3c, 0x01, 0x00, 0x00,
  0x03, 0x00, 0x00, 0x00, 0xff, 0xff, 0xff, 0xff, 0x2f, 0x00, 0x00, 0x00,
  0x04, 0x00, 0x00, 0x00, 0x4c, 0xcd, 0xff, 0xff, 0x08, 0x00, 0x00, 0x00,
  0x14, 0x00, 0x00, 0x00, 0x01, 0x00, 0x00, 0x00, 0x30, 0x00, 0x00, 0x00,
  0x00, 0x00, 0x00, 0x00, 0x00, 0x00, 0x00, 0x00, 0x01, 0x00, 0x00, 0x00,
  0xde, 0xbb, 0x12, 0x3b, 0xfe, 0x00, 0x00, 0x00, 0x73, 0x65, 0x71, 0x75,
  0x65, 0x6e, 0x74, 0x69, 0x61, 0x6c, 0x5f, 0x31, 0x33, 0x39, 0x2f, 0x62,
  0x61, 0x74, 0x63, 0x68, 0x5f, 0x6e, 0x6f, 0x72, 0x6d, 0x61, 0x6c, 0x69,
  0x7a, 0x61, 0x74, 0x69, 0x6f, 0x6e, 0x5f, 0x31, 0x38, 0x35, 0x2f, 0x62,
  0x61, 0x74, 0x63, 0x68, 0x6e, 0x6f, 0x72, 0x6d, 0x2f, 0x61, 0x64, 0x64,
  0x5f, 0x31, 0x3b, 0x73, 0x65, 0x71, 0x75, 0x65, 0x6e, 0x74, 0x69, 0x61,
  0x6c, 0x5f, 0x31, 0x33, 0x39, 0x2f, 0x64, 0x65, 0x70, 0x74, 0x68, 0x77,
  0x69, 0x73, 0x65, 0x5f, 0x63, 0x6f, 0x6e, 0x76, 0x31, 0x64, 0x5f, 0x32,
  0x35, 0x39, 0x2f, 0x53, 0x71, 0x75, 0x65, 0x65, 0x7a, 0x65, 0x3b, 0x73,
  0x65, 0x71, 0x75, 0x65, 0x6e, 0x74, 0x69, 0x61, 0x6c, 0x5f, 0x31, 0x33,
  0x39, 0x2f, 0x62, 0x61, 0x74, 0x63, 0x68, 0x5f, 0x6e, 0x6f, 0x72, 0x6d,
  0x61, 0x6c, 0x69, 0x7a, 0x61, 0x74, 0x69, 0x6f, 0x6e, 0x5f, 0x31, 0x38,
  0x35, 0x2f, 0x62, 0x61, 0x74, 0x63, 0x68, 0x6e, 0x6f, 0x72, 0x6d, 0x2f,
  0x6d, 0x75, 0x6c, 0x5f, 0x31, 0x3b, 0x73, 0x65, 0x71, 0x75, 0x65, 0x6e,
  0x74, 0x69, 0x61, 0x6c, 0x5f, 0x31, 0x33, 0x39, 0x2f, 0x62, 0x61, 0x74,
  0x63, 0x68, 0x5f, 0x6e, 0x6f, 0x72, 0x6d, 0x61, 0x6c, 0x69, 0x7a, 0x61,
  0x74, 0x69, 0x6f, 0x6e, 0x5f, 0x31, 0x38, 0x34, 0x2f, 0x62, 0x61, 0x74,
  0x63, 0x68, 0x6e, 0x6f, 0x72, 0x6d, 0x2f, 0x52, 0x73, 0x71, 0x72, 0x74,
  0x3b, 0x73, 0x65, 0x71, 0x75, 0x65, 0x6e, 0x74, 0x69, 0x61, 0x6c, 0x5f,
  0x31, 0x33, 0x39, 0x2f, 0x64, 0x65, 0x70, 0x74, 0x68, 0x77, 0x69, 0x73,
  0x65, 0x5f, 0x63, 0x6f, 0x6e, 0x76, 0x31, 0x64, 0x5f, 0x32, 0x36, 0x30,
  0x2f, 0x64, 0x65, 0x70, 0x74, 0x68, 0x77, 0x69, 0x73, 0x65, 0x00, 0x00,
  0x03, 0x00, 0x00, 0x00, 0x01, 0x00, 0x00, 0x00, 0x2f, 0x00, 0x00, 0x00,
  0x04, 0x00, 0x00, 0x00, 0xc4, 0xce, 0xff, 0xff, 0x18, 0x00, 0x00, 0x00,
  0x28, 0x00, 0x00, 0x00, 0x44, 0x00, 0x00, 0x00, 0x49, 0x00, 0x00, 0x00,
  0x00, 0x00, 0x00, 0x09, 0xc4, 0x01, 0x00, 0x00, 0x04, 0x00, 0x00, 0x00,
  0xff, 0xff, 0xff, 0xff, 0x01, 0x00, 0x00, 0x00, 0x2f, 0x00, 0x00, 0x00,
  0x04, 0x00, 0x00, 0x00, 0xb4, 0xce, 0xff, 0xff, 0x08, 0x00, 0x00, 0x00,
  0x10, 0x00, 0x00, 0x00, 0x01, 0x00, 0x00, 0x00, 0x30, 0x00, 0x00, 0x00,
  0x00, 0x00, 0x00, 0x00, 0x01, 0x00, 0x00, 0x00, 0xde, 0xbb, 0x12, 0x3b,
  0x84, 0x01, 0x00, 0x00, 0x73, 0x65, 0x71, 0x75, 0x65, 0x6e, 0x74, 0x69,
  0x61, 0x6c, 0x5f, 0x31, 0x33, 0x39, 0x2f, 0x62, 0x61, 0x74, 0x63, 0x68,
  0x5f, 0x6e, 0x6f, 0x72, 0x6d, 0x61, 0x6c, 0x69, 0x7a, 0x61, 0x74, 0x69,
  0x6f, 0x6e, 0x5f, 0x31, 0x38, 0x35, 0x2f, 0x62, 0x61, 0x74, 0x63, 0x68,
  0x6e, 0x6f, 0x72, 0x6d, 0x2f, 0x61, 0x64, 0x64, 0x5f, 0x31, 0x3b, 0x73,
  0x65, 0x71, 0x75, 0x65, 0x6e, 0x74, 0x69, 0x61, 0x6c, 0x5f, 0x31, 0x33,
  0x39, 0x2f, 0x64, 0x65, 0x70, 0x74, 0x68, 0x77, 0x69, 0x73, 0x65, 0x5f,
  0x63, 0x6f, 0x6e, 0x76, 0x31, 0x64, 0x5f, 0x32, 0x35, 0x39, 0x2f, 0x53,
  0x71, 0x75, 0x65, 0x65, 0x7a, 0x65, 0x3b, 0x73, 0x65, 0x71, 0x75, 0x65,
  0x6e, 0x74, 0x69, 0x61, 0x6c, 0x5f, 0x31, 0x33, 0x39, 0x2f, 0x62, 0x61,
  0x74, 0x63, 0x68, 0x5f, 0x6e, 0x6f, 0x72, 0x6d, 0x61, 0x6c, 0x69, 0x7a,
  0x61, 0x74, 0x69, 0x6f, 0x6e, 0x5f, 0x31, 0x38, 0x35, 0x2f, 0x62, 0x61,
  0x74, 0x63, 0x68, 0x6e, 0x6f, 0x72, 0x6d, 0x2f, 0x6d, 0x75, 0x6c, 0x5f,
  0x31, 0x3b, 0x73, 0x65, 0x71, 0x75, 0x65, 0x6e, 0x74, 0x69, 0x61, 0x6c,
  0x5f, 0x31, 0x33, 0x39, 0x2f, 0x62, 0x61, 0x74, 0x63, 0x68, 0x5f, 0x6e,
  0x6f, 0x72, 0x6d, 0x61, 0x6c, 0x69, 0x7a, 0x61, 0x74, 0x69, 0x6f, 0x6e,
  0x5f, 0x31, 0x38, 0x34, 0x2f, 0x62, 0x61, 0x74, 0x63, 0x68, 0x6e, 0x6f,
  0x72, 0x6d, 0x2f, 0x52, 0x73, 0x71, 0x72, 0x74, 0x3b, 0x73, 0x65, 0x71,
  0x75, 0x65, 0x6e, 0x74, 0x69, 0x61, 0x6c, 0x5f, 0x31, 0x33, 0x39, 0x2f,
  0x64, 0x65, 0x70, 0x74, 0x68, 0x77, 0x69, 0x73, 0x65, 0x5f, 0x63, 0x6f,
  0x6e, 0x76, 0x31, 0x64, 0x5f, 0x32, 0x36, 0x30, 0x2f, 0x64, 0x65, 0x70,
  0x74, 0x68, 0x77, 0x69, 0x73, 0x65, 0x3b, 0x73, 0x65, 0x71, 0x75, 0x65,
  0x6e, 0x74, 0x69, 0x61, 0x6c, 0x5f, 0x31, 0x33, 0x39, 0x2f, 0x64, 0x65,
  0x70, 0x74, 0x68, 0x77, 0x69, 0x73, 0x65, 0x5f, 0x63, 0x6f, 0x6e, 0x76,
  0x31, 0x64, 0x5f, 0x32, 0x36, 0x30, 0x2f, 0x42, 0x69, 0x61, 0x73, 0x41,
  0x64, 0x64, 0x3b, 0x73, 0x65, 0x71, 0x75, 0x65, 0x6e, 0x74, 0x69, 0x61,
  0x6c, 0x5f, 0x31, 0x33, 0x39, 0x2f, 0x64, 0x65, 0x70, 0x74, 0x68, 0x77,
  0x69, 0x73, 0x65, 0x5f, 0x63, 0x6f, 0x6e, 0x76, 0x31, 0x64, 0x5f, 0x32,
  0x35, 0x39, 0x2f, 0x64, 0x65, 0x70, 0x74, 0x68, 0x77, 0x69, 0x73, 0x65,
  0x3b, 0x73, 0x65, 0x71, 0x75, 0x65, 0x6e, 0x74, 0x69, 0x61, 0x6c, 0x5f,
  0x31, 0x33, 0x39, 0x2f, 0x64, 0x65, 0x70, 0x74, 0x68, 0x77, 0x69, 0x73,
  0x65, 0x5f, 0x63, 0x6f, 0x6e, 0x76, 0x31, 0x64, 0x5f, 0x32, 0x35, 0x39,
  0x2f, 0x42, 0x69, 0x61, 0x73, 0x41, 0x64, 0x64, 0x00, 0x00, 0x00, 0x00,
  0x04, 0x00, 0x00, 0x00, 0x01, 0x00, 0x00, 0x00, 0x01, 0x00, 0x00, 0x00,
  0x2f, 0x00, 0x00, 0x00, 0x04, 0x00, 0x00, 0x00, 0xb4, 0xd0, 0xff, 0xff,
  0x18, 0x00, 0x00, 0x00, 0x28, 0x00, 0x00, 0x00, 0x48, 0x00, 0x00, 0x00,
  0x48, 0x00, 0x00, 0x00, 0x00, 0x00, 0x00, 0x09, 0x70, 0x00, 0x00, 0x00,
  0x04, 0x00, 0x00, 0x00, 0xff, 0xff, 0xff, 0xff, 0x01, 0x00, 0x00, 0x00,
  0x5e, 0x00, 0x00, 0x00, 0x04, 0x00, 0x00, 0x00, 0xa4, 0xd0, 0xff, 0xff,
  0x08, 0x00, 0x00, 0x00, 0x14, 0x00, 0x00, 0x00, 0x01, 0x00, 0x00, 0x00,
  0x7f, 0x00, 0x00, 0x00, 0x00, 0x00, 0x00, 0x00, 0x00, 0x00, 0x00, 0x00,
  0x01, 0x00, 0x00, 0x00, 0x64, 0x65, 0x5d, 0x3b, 0x2e, 0x00, 0x00, 0x00,
  0x73, 0x65, 0x71, 0x75, 0x65, 0x6e, 0x74, 0x69, 0x61, 0x6c, 0x5f, 0x31,
  0x33, 0x39, 0x2f, 0x64, 0x65, 0x70, 0x74, 0x68, 0x77, 0x69, 0x73, 0x65,
  0x5f, 0x63, 0x6f, 0x6e, 0x76, 0x31, 0x64, 0x5f, 0x32, 0x35, 0x39, 0x2f,
  0x45, 0x78, 0x70, 0x61, 0x6e, 0x64, 0x44, 0x69, 0x6d, 0x73, 0x00, 0x00,
  0x04, 0x00, 0x00, 0x00, 0x01, 0x00, 0x00, 0x00, 0x01, 0x00, 0x00, 0x00,
  0x5e, 0x00, 0x00, 0x00, 0x04, 0x00, 0x00, 0x00, 0x50, 0xd1, 0xff, 0xff,
  0x18, 0x00, 0x00, 0x00, 0x24, 0x00, 0x00, 0x00, 0x44, 0x00, 0x00, 0x00,
  0x47, 0x00, 0x00, 0x00, 0x00, 0x00, 0x00, 0x09, 0x6c, 0x00, 0x00, 0x00,
  0x03, 0x00, 0x00, 0x00, 0xff, 0xff, 0xff, 0xff, 0x5e, 0x00, 0x00, 0x00,
  0x04, 0x00, 0x00, 0x00, 0x3c, 0xd1, 0xff, 0xff, 0x08, 0x00, 0x00, 0x00,
  0x14, 0x00, 0x00, 0x00, 0x01, 0x00, 0x00, 0x00, 0x7f, 0x00, 0x00, 0x00,
  0x00, 0x00, 0x00, 0x00, 0x00, 0x00, 0x00, 0x00, 0x01, 0x00, 0x00, 0x00,
  0x64, 0x65, 0x5d, 0x3b, 0x2d, 0x00, 0x00, 0x00, 0x73, 0x65, 0x71, 0x75,
  0x65, 0x6e, 0x74, 0x69, 0x61, 0x6c, 0x5f, 0x31, 0x33, 0x39, 0x2f, 0x61,
  0x76, 0x65, 0x72, 0x61, 0x67, 0x65, 0x5f, 0x70, 0x6f, 0x6f, 0x6c, 0x69,
  0x6e, 0x67, 0x31, 0x64, 0x5f, 0x31, 0x33, 0x31, 0x2f, 0x53, 0x71, 0x75,
  0x65, 0x65, 0x7a, 0x65, 0x31, 0x00, 0x00, 0x00, 0x03, 0x00, 0x00, 0x00,
  0x01, 0x00, 0x00, 0x00, 0x5e, 0x00, 0x00, 0x00, 0x04, 0x00, 0x00, 0x00,
  0xe4, 0xd1, 0xff, 0xff, 0x18, 0x00, 0x00, 0x00, 0x28, 0x00, 0x00, 0x00,
  0x44, 0x00, 0x00, 0x00, 0x46, 0x00, 0x00, 0x00, 0x00, 0x00, 0x00, 0x09,
  0x6c, 0x00, 0x00, 0x00, 0x04, 0x00, 0x00, 0x00, 0xff, 0xff, 0xff, 0xff,
  0x5e, 0x00, 0x00, 0x00, 0x01, 0x00, 0x00, 0x00, 0x04, 0x00, 0x00, 0x00,
  0xd4, 0xd1, 0xff, 0xff, 0x08, 0x00, 0x00, 0x00, 0x10, 0x00, 0x00, 0x00,
  0x01, 0x00, 0x00, 0x00, 0x7f, 0x00, 0x00, 0x00, 0x00, 0x00, 0x00, 0x00,
  0x01, 0x00, 0x00, 0x00, 0x64, 0x65, 0x5d, 0x3b, 0x2c, 0x00, 0x00, 0x00,
  0x73, 0x65, 0x71, 0x75, 0x65, 0x6e, 0x74, 0x69, 0x61, 0x6c, 0x5f, 0x31,
  0x33, 0x39, 0x2f, 0x61, 0x76, 0x65, 0x72, 0x61, 0x67, 0x65, 0x5f, 0x70,
  0x6f, 0x6f, 0x6c, 0x69, 0x6e, 0x67, 0x31, 0x64, 0x5f, 0x31, 0x33, 0x31,
  0x2f, 0x41, 0x76, 0x67, 0x50, 0x6f, 0x6f, 0x6c, 0x00, 0x00, 0x00, 0x00,
  0x04, 0x00, 0x00, 0x00, 0x01, 0x00, 0x00, 0x00, 0x5e, 0x00, 0x00, 0x00,
  0x01, 0x00, 0x00, 0x00, 0x04, 0x00, 0x00, 0x00, 0x7c, 0xd2, 0xff, 0xff,
  0x18, 0x00, 0x00, 0x00, 0x28, 0x00, 0x00, 0x00, 0x48, 0x00, 0x00, 0x00,
  0x45, 0x00, 0x00, 0x00, 0x00, 0x00, 0x00, 0x09, 0x70, 0x00, 0x00, 0x00,
  0x04, 0x00, 0x00, 0x00, 0xff, 0xff, 0xff, 0xff, 0xbc, 0x00, 0x00, 0x00,
  0x01, 0x00, 0x00, 0x00, 0x04, 0x00, 0x00, 0x00, 0x6c, 0xd2, 0xff, 0xff,
  0x08, 0x00, 0x00, 0x00, 0x14, 0x00, 0x00, 0x00, 0x01, 0x00, 0x00, 0x00,
  0x7f, 0x00, 0x00, 0x00, 0x00, 0x00, 0x00, 0x00, 0x00, 0x00, 0x00, 0x00,
  0x01, 0x00, 0x00, 0x00, 0x64, 0x65, 0x5d, 0x3b, 0x2f, 0x00, 0x00, 0x00,
  0x73, 0x65, 0x71, 0x75, 0x65, 0x6e, 0x74, 0x69, 0x61, 0x6c, 0x5f, 0x31,
  0x33, 0x39, 0x2f, 0x61, 0x76, 0x65, 0x72, 0x61, 0x67, 0x65, 0x5f, 0x70,
  0x6f, 0x6f, 0x6c, 0x69, 0x6e, 0x67, 0x31, 0x64, 0x5f, 0x31, 0x33, 0x31,
  0x2f, 0x45, 0x78, 0x70, 0x61, 0x6e, 0x64, 0x44, 0x69, 0x6d, 0x73, 0x00,
  0x04, 0x00, 0x00, 0x00, 0x01, 0x00, 0x00, 0x00, 0xbc, 0x00, 0x00, 0x00,
  0x01, 0x00, 0x00, 0x00, 0x04, 0x00, 0x00, 0x00, 0x18, 0xd3, 0xff, 0xff,
  0x18, 0x00, 0x00, 0x00, 0x24, 0x00, 0x00, 0x00, 0x44, 0x00, 0x00, 0x00,
  0x44, 0x00, 0x00, 0x00, 0x00, 0x00, 0x00, 0x09, 0x6c, 0x00, 0x00, 0x00,
  0x03, 0x00, 0x00, 0x00, 0xff, 0xff, 0xff, 0xff, 0xbc, 0x00, 0x00, 0x00,
  0x04, 0x00, 0x00, 0x00, 0x04, 0xd3, 0xff, 0xff, 0x08, 0x00, 0x00, 0x00,
  0x14, 0x00, 0x00, 0x00, 0x01, 0x00, 0x00, 0x00, 0x7f, 0x00, 0x00, 0x00,
  0x00, 0x00, 0x00, 0x00, 0x00, 0x00, 0x00, 0x00, 0x01, 0x00, 0x00, 0x00,
  0x64, 0x65, 0x5d, 0x3b, 0x2c, 0x00, 0x00, 0x00, 0x73, 0x65, 0x71, 0x75,
  0x65, 0x6e, 0x74, 0x69, 0x61, 0x6c, 0x5f, 0x31, 0x33, 0x39, 0x2f, 0x64,
  0x65, 0x70, 0x74, 0x68, 0x77, 0x69, 0x73, 0x65, 0x5f, 0x63, 0x6f, 0x6e,
  0x76, 0x31, 0x64, 0x5f, 0x32, 0x35, 0x38, 0x2f, 0x53, 0x71, 0x75, 0x65,
  0x65, 0x7a, 0x65, 0x31, 0x00, 0x00, 0x00, 0x00, 0x03, 0x00, 0x00, 0x00,
  0x01, 0x00, 0x00, 0x00, 0xbc, 0x00, 0x00, 0x00, 0x04, 0x00, 0x00, 0x00,
  0xac, 0xd3, 0xff, 0xff, 0x18, 0x00, 0x00, 0x00, 0x28, 0x00, 0x00, 0x00,
  0x44, 0x00, 0x00, 0x00, 0x43, 0x00, 0x00, 0x00, 0x00, 0x00, 0x00, 0x09,
  0xc4, 0x00, 0x00, 0x00, 0x04, 0x00, 0x00, 0x00, 0xff, 0xff, 0xff, 0xff,
  0x01, 0x00, 0x00, 0x00, 0xbc, 0x00, 0x00, 0x00, 0x04, 0x00, 0x00, 0x00,
  0x9c, 0xd3, 0xff, 0xff, 0x08, 0x00, 0x00, 0x00, 0x10, 0x00, 0x00, 0x00,
  0x01, 0x00, 0x00, 0x00, 0x7f, 0x00, 0x00, 0x00, 0x00, 0x00, 0x00, 0x00,
  0x01, 0x00, 0x00, 0x00, 0x64, 0x65, 0x5d, 0x3b, 0x87, 0x00, 0x00, 0x00,
  0x73, 0x65, 0x71, 0x75, 0x65, 0x6e, 0x74, 0x69, 0x61, 0x6c, 0x5f, 0x31,
  0x33, 0x39, 0x2f, 0x64, 0x65, 0x70, 0x74, 0x68, 0x77, 0x69, 0x73, 0x65,
  0x5f, 0x63, 0x6f, 0x6e, 0x76, 0x31, 0x64, 0x5f, 0x32, 0x35, 0x38, 0x2f,
  0x42, 0x69, 0x61, 0x73, 0x41, 0x64, 0x64, 0x3b, 0x73, 0x65, 0x71, 0x75,
  0x65, 0x6e, 0x74, 0x69, 0x61, 0x6c, 0x5f, 0x31, 0x33, 0x39, 0x2f, 0x64,
  0x65, 0x70, 0x74, 0x68, 0x77, 0x69, 0x73, 0x65, 0x5f, 0x63, 0x6f, 0x6e,
  0x76, 0x31, 0x64, 0x5f, 0x32, 0x36, 0x30, 0x2f, 0x64, 0x65, 0x70, 0x74,
  0x68, 0x77, 0x69, 0x73, 0x65, 0x3b, 0x73, 0x65, 0x71, 0x75, 0x65, 0x6e,
  0x74, 0x69, 0x61, 0x6c, 0x5f, 0x31, 0x33, 0x39, 0x2f, 0x64, 0x65, 0x70,
  0x74, 0x68, 0x77, 0x69, 0x73, 0x65, 0x5f, 0x63, 0x6f, 0x6e, 0x76, 0x31,
  0x64, 0x5f, 0x32, 0x35, 0x38, 0x2f, 0x64, 0x65, 0x70, 0x74, 0x68, 0x77,
  0x69, 0x73, 0x65, 0x00, 0x04, 0x00, 0x00, 0x00, 0x01, 0x00, 0x00, 0x00,
  0x01, 0x00, 0x00, 0x00, 0xbc, 0x00, 0x00, 0x00, 0x04, 0x00, 0x00, 0x00,
  0x9c, 0xd4, 0xff, 0xff, 0x18, 0x00, 0x00, 0x00, 0x28, 0x00, 0x00, 0x00,
  0x48, 0x00, 0x00, 0x00, 0x42, 0x00, 0x00, 0x00, 0x00, 0x00, 0x00, 0x09,
  0x70, 0x00, 0x00, 0x00, 0x04, 0x00, 0x00, 0x00, 0xff, 0xff, 0xff, 0xff,
  0x01, 0x00, 0x00, 0x00, 0x77, 0x01, 0x00, 0x00, 0x04, 0x00, 0x00, 0x00,
  0x8c, 0xd4, 0xff, 0xff, 0x08, 0x00, 0x00, 0x00, 0x14, 0x00, 0x00, 0x00,
  0x01, 0x00, 0x00, 0x00, 0xbb, 0xff, 0xff, 0xff, 0xff, 0xff, 0xff, 0xff,
  0x00, 0x00, 0x00, 0x00, 0x01, 0x00, 0x00, 0x00, 0x05, 0xc5, 0x8f, 0x3c,
  0x2e, 0x00, 0x00, 0x00, 0x73, 0x65, 0x71, 0x75, 0x65, 0x6e, 0x74, 0x69,
  0x61, 0x6c, 0x5f, 0x31, 0x33, 0x39, 0x2f, 0x64, 0x65, 0x70, 0x74, 0x68,
  0x77, 0x69, 0x73, 0x65, 0x5f, 0x63, 0x6f, 0x6e, 0x76, 0x31, 0x64, 0x5f,
  0x32, 0x35, 0x38, 0x2f, 0x45, 0x78, 0x70, 0x61, 0x6e, 0x64, 0x44, 0x69,
  0x6d, 0x73, 0x00, 0x00, 0x04, 0x00, 0x00, 0x00, 0x01, 0x00, 0x00, 0x00,
  0x01, 0x00, 0x00, 0x00, 0x77, 0x01, 0x00, 0x00, 0x04, 0x00, 0x00, 0x00,
  0x38, 0xd5, 0xff, 0xff, 0x18, 0x00, 0x00, 0x00, 0x24, 0x00, 0x00, 0x00,
  0x44, 0x00, 0x00, 0x00, 0x41, 0x00, 0x00, 0x00, 0x00, 0x00, 0x00, 0x09,
  0x5c, 0x01, 0x00, 0x00, 0x03, 0x00, 0x00, 0x00, 0xff, 0xff, 0xff, 0xff,
  0x77, 0x01, 0x00, 0x00, 0x04, 0x00, 0x00, 0x00, 0x24, 0xd5, 0xff, 0xff,
  0x08, 0x00, 0x00, 0x00, 0x14, 0x00, 0x00, 0x00, 0x01, 0x00, 0x00, 0x00,
  0xbb, 0xff, 0xff, 0xff, 0xff, 0xff, 0xff, 0xff, 0x00, 0x00, 0x00, 0x00,
  0x01, 0x00, 0x00, 0x00, 0x05, 0xc5, 0x8f, 0x3c, 0x1d, 0x01, 0x00, 0x00,
  0x73, 0x65, 0x71, 0x75, 0x65, 0x6e, 0x74, 0x69, 0x61, 0x6c, 0x5f, 0x31,
  0x33, 0x39, 0x2f, 0x62, 0x61, 0x74, 0x63, 0x68, 0x5f, 0x6e, 0x6f, 0x72,
  0x6d, 0x61, 0x6c, 0x69, 0x7a, 0x61, 0x74, 0x69, 0x6f, 0x6e, 0x5f, 0x31,
  0x38, 0x34, 0x2f, 0x62, 0x61, 0x74, 0x63, 0x68, 0x6e, 0x6f, 0x72, 0x6d,
  0x2f, 0x61, 0x64, 0x64, 0x5f, 0x31, 0x3b, 0x73, 0x65, 0x71, 0x75, 0x65,
  0x6e, 0x74, 0x69, 0x61, 0x6c, 0x5f, 0x31, 0x33, 0x39, 0x2f, 0x63, 0x6f,
  0x6e, 0x76, 0x31, 0x64, 0x5f, 0x31, 0x39, 0x32, 0x2f, 0x43, 0x6f, 0x6e,
  0x76, 0x31, 0x44, 0x2f, 0x53, 0x71, 0x75, 0x65, 0x65, 0x7a, 0x65, 0x3b,
  0x73, 0x65, 0x71, 0x75, 0x65, 0x6e, 0x74, 0x69, 0x61, 0x6c, 0x5f, 0x31,
  0x33, 0x39, 0x2f, 0x62, 0x61, 0x74, 0x63, 0x68, 0x5f, 0x6e, 0x6f, 0x72,
  0x6d, 0x61, 0x6c, 0x69, 0x7a, 0x61, 0x74, 0x69, 0x6f, 0x6e, 0x5f, 0x31,
  0x38, 0x34, 0x2f, 0x62, 0x61, 0x74, 0x63, 0x68, 0x6e, 0x6f, 0x72, 0x6d,
  0x2f, 0x6d, 0x75, 0x6c, 0x5f, 0x31, 0x3b, 0x73, 0x65, 0x71, 0x75, 0x65,
  0x6e, 0x74, 0x69, 0x61, 0x6c, 0x5f, 0x31, 0x33, 0x39, 0x2f, 0x63, 0x6f,
  0x6e, 0x76, 0x31, 0x64, 0x5f, 0x31, 0x39, 0x32, 0x2f, 0x42, 0x69, 0x61,
  0x73, 0x41, 0x64, 0x64, 0x3b, 0x73, 0x65, 0x71, 0x75, 0x65, 0x6e, 0x74,
  0x69, 0x61, 0x6c, 0x5f, 0x31, 0x33, 0x39, 0x2f, 0x64, 0x65, 0x70, 0x74,
  0x68, 0x77, 0x69, 0x73, 0x65, 0x5f, 0x63, 0x6f, 0x6e, 0x76, 0x31, 0x64,
  0x5f, 0x32, 0x36, 0x30, 0x2f, 0x64, 0x65, 0x70, 0x74, 0x68, 0x77, 0x69,
  0x73, 0x65, 0x3b, 0x73, 0x65, 0x71, 0x75, 0x65, 0x6e, 0x74, 0x69, 0x61,
  0x6c, 0x5f, 0x31, 0x33, 0x39, 0x2f, 0x62, 0x61, 0x74, 0x63, 0x68, 0x5f,
  0x6e, 0x6f, 0x72, 0x6d, 0x61, 0x6c, 0x69, 0x7a, 0x61, 0x74, 0x69, 0x6f,
  0x6e, 0x5f, 0x31, 0x38, 0x34, 0x2f, 0x62, 0x61, 0x74, 0x63, 0x68, 0x6e,
  0x6f, 0x72, 0x6d, 0x2f, 0x52, 0x73, 0x71, 0x72, 0x74, 0x00, 0x00, 0x00,
  0x03, 0x00, 0x00, 0x00, 0x01, 0x00, 0x00, 0x00, 0x77, 0x01, 0x00, 0x00,
  0x04, 0x00, 0x00, 0x00, 0xbc, 0xd6, 0xff, 0xff, 0x18, 0x00, 0x00, 0x00,
  0x28, 0x00, 0x00, 0x00, 0x48, 0x00, 0x00, 0x00, 0x40, 0x00, 0x00, 0x00,
  0x00, 0x00, 0x00, 0x09, 0xac, 0x01, 0x00, 0x00, 0x04, 0x00, 0x00, 0x00,
  0xff, 0xff, 0xff, 0xff, 0x01, 0x00, 0x00, 0x00, 0x77, 0x01, 0x00, 0x00,
  0x04, 0x00, 0x00, 0x00, 0xac, 0xd6, 0xff, 0xff, 0x08, 0x00, 0x00, 0x00,
  0x14, 0x00, 0x00, 0x00, 0x01, 0x00, 0x00, 0x00, 0xbb, 0xff, 0xff, 0xff,
  0xff, 0xff, 0xff, 0xff, 0x00, 0x00, 0x00, 0x00, 0x01, 0x00, 0x00, 0x00,
  0x05, 0xc5, 0x8f, 0x3c, 0x6a, 0x01, 0x00, 0x00, 0x73, 0x65, 0x71, 0x75,
  0x65, 0x6e, 0x74, 0x69, 0x61, 0x6c, 0x5f, 0x31, 0x33, 0x39, 0x2f, 0x62,
  0x61, 0x74, 0x63, 0x68, 0x5f, 0x6e, 0x6f, 0x72, 0x6d, 0x61, 0x6c, 0x69,
  0x7a, 0x61, 0x74, 0x69, 0x6f, 0x6e, 0x5f, 0x31, 0x38, 0x34, 0x2f, 0x62,
  0x61, 0x74, 0x63, 0x68, 0x6e, 0x6f, 0x72, 0x6d, 0x2f, 0x61, 0x64, 0x64,
  0x5f, 0x31, 0x3b, 0x73, 0x65, 0x71, 0x75, 0x65, 0x6e, 0x74, 0x69, 0x61,
  0x6c, 0x5f, 0x31, 0x33, 0x39, 0x2f, 0x63, 0x6f, 0x6e, 0x76, 0x31, 0x64,
  0x5f, 0x31, 0x39, 0x32, 0x2f, 0x43, 0x6f, 0x6e, 0x76, 0x31, 0x44, 0x2f,
  0x53, 0x71, 0x75, 0x65, 0x65, 0x7a, 0x65, 0x3b, 0x73, 0x65, 0x71, 0x75,
  0x65, 0x6e, 0x74, 0x69, 0x61, 0x6c, 0x5f, 0x31, 0x33, 0x39, 0x2f, 0x62,
  0x61, 0x74, 0x63, 0x68, 0x5f, 0x6e, 0x6f, 0x72, 0x6d, 0x61, 0x6c, 0x69,
  0x7a, 0x61, 0x74, 0x69, 0x6f, 0x6e, 0x5f, 0x31, 0x38, 0x34, 0x2f, 0x62,
  0x61, 0x74, 0x63, 0x68, 0x6e, 0x6f, 0x72, 0x6d, 0x2f, 0x6d, 0x75, 0x6c,
  0x5f, 0x31, 0x3b, 0x73, 0x65, 0x71, 0x75, 0x65, 0x6e, 0x74, 0x69, 0x61,
  0x6c, 0x5f, 0x31, 0x33, 0x39, 0x2f, 0x63, 0x6f, 0x6e, 0x76, 0x31, 0x64,
  0x5f, 0x31, 0x39, 0x32, 0x2f, 0x42, 0x69, 0x61, 0x73, 0x41, 0x64, 0x64,
  0x3b, 0x73, 0x65, 0x71, 0x75, 0x65, 0x6e, 0x74, 0x69, 0x61, 0x6c, 0x5f,
  0x31, 0x33, 0x39, 0x2f, 0x64, 0x65, 0x70, 0x74, 0x68, 0x77, 0x69, 0x73,
  0x65, 0x5f, 0x63, 0x6f, 0x6e, 0x76, 0x31, 0x64, 0x5f, 0x32, 0x36, 0x30,
  0x2f, 0x64, 0x65, 0x70, 0x74, 0x68, 0x77, 0x69, 0x73, 0x65, 0x3b, 0x73,
  0x65, 0x71, 0x75, 0x65, 0x6e, 0x74, 0x69, 0x61, 0x6c, 0x5f, 0x31, 0x33,
  0x39, 0x2f, 0x62, 0x61, 0x74, 0x63, 0x68, 0x5f, 0x6e, 0x6f, 0x72, 0x6d,
  0x61, 0x6c, 0x69, 0x7a, 0x61, 0x74, 0x69, 0x6f, 0x6e, 0x5f, 0x31, 0x38,
  0x34, 0x2f, 0x62, 0x61, 0x74, 0x63, 0x68, 0x6e, 0x6f, 0x72, 0x6d, 0x2f,
  0x52, 0x73, 0x71, 0x72, 0x74, 0x3b, 0x73, 0x65, 0x71, 0x75, 0x65, 0x6e,
  0x74, 0x69, 0x61, 0x6c, 0x5f, 0x31, 0x33, 0x39, 0x2f, 0x64, 0x65, 0x70,
  0x74, 0x68, 0x77, 0x69, 0x73, 0x65, 0x5f, 0x63, 0x6f, 0x6e, 0x76, 0x31,
  0x64, 0x5f, 0x32, 0x36, 0x30, 0x2f, 0x42, 0x69, 0x61, 0x73, 0x41, 0x64,
  0x64, 0x3b, 0x73, 0x65, 0x71, 0x75, 0x65, 0x6e, 0x74, 0x69, 0x61, 0x6c,
  0x5f, 0x31, 0x33, 0x39, 0x2f, 0x63, 0x6f, 0x6e, 0x76, 0x31, 0x64, 0x5f,
  0x31, 0x39, 0x32, 0x2f, 0x43, 0x6f, 0x6e, 0x76, 0x31, 0x44, 0x00, 0x00,
  0x04, 0x00, 0x00, 0x00, 0x01, 0x00, 0x00, 0x00, 0x01, 0x00, 0x00, 0x00,
  0x77, 0x01, 0x00, 0x00, 0x04, 0x00, 0x00, 0x00, 0x94, 0xd8, 0xff, 0xff,
  0x18, 0x00, 0x00, 0x00, 0x28, 0x00, 0x00, 0x00, 0x44, 0x00, 0x00, 0x00,
  0x3f, 0x00, 0x00, 0x00, 0x00, 0x00, 0x00, 0x09, 0x68, 0x00, 0x00, 0x00,
  0x04, 0x00, 0x00, 0x00, 0xff, 0xff, 0xff, 0xff, 0x01, 0x00, 0x00, 0x00,
  0xee, 0x02, 0x00, 0x00, 0x01, 0x00, 0x00, 0x00, 0x84, 0xd8, 0xff, 0xff,
  0x08, 0x00, 0x00, 0x00, 0x10, 0x00, 0x00, 0x00, 0x01, 0x00, 0x00, 0x00,
  0x80, 0xff, 0xff, 0xff, 0xff, 0xff, 0xff, 0xff, 0x01, 0x00, 0x00, 0x00,
  0x52, 0x9e, 0x84, 0x3c, 0x2b, 0x00, 0x00, 0x00, 0x73, 0x65, 0x71, 0x75,
  0x65, 0x6e, 0x74, 0x69, 0x61, 0x6c, 0x5f, 0x31, 0x33, 0x39, 0x2f, 0x63,
  0x6f, 0x6e, 0x76, 0x31, 0x64, 0x5f, 0x31, 0x39, 0x32, 0x2f, 0x43, 0x6f,
  0x6e, 0x76, 0x31, 0x44, 0x2f, 0x45, 0x78, 0x70, 0x61, 0x6e, 0x64, 0x44,
  0x69, 0x6d, 0x73, 0x00, 0x04, 0x00, 0x00, 0x00, 0x01, 0x00, 0x00, 0x00,
  0x01, 0x00, 0x00, 0x00, 0xee, 0x02, 0x00, 0x00, 0x01, 0x00, 0x00, 0x00,
  0x28, 0xd9, 0xff, 0xff, 0x18, 0x00, 0x00, 0x00, 0x24, 0x00, 0x00, 0x00,
  0x40, 0x00, 0x00, 0x00, 0x3e, 0x00, 0x00, 0x00, 0x00, 0x00, 0x00, 0x09,
  0x90, 0x00, 0x00, 0x00, 0x03, 0x00, 0x00, 0x00, 0xff, 0xff, 0xff, 0xff,
  0xee, 0x02, 0x00, 0x00, 0x01, 0x00, 0x00, 0x00, 0x14, 0xd9, 0xff, 0xff,
  0x08, 0x00, 0x00, 0x00, 0x10, 0x00, 0x00, 0x00, 0x01, 0x00, 0x00, 0x00,
  0x80, 0xff, 0xff, 0xff, 0xff, 0xff, 0xff, 0xff, 0x01, 0x00, 0x00, 0x00,
  0x52, 0x9e, 0x84, 0x3c, 0x57, 0x00, 0x00, 0x00, 0x73, 0x65, 0x71, 0x75,
  0x65, 0x6e, 0x74, 0x69, 0x61, 0x6c, 0x5f, 0x31, 0x33, 0x39, 0x2f, 0x72,
  0x65, 0x5f, 0x6c, 0x75, 0x5f, 0x31, 0x39, 0x38, 0x2f, 0x52, 0x65, 0x6c,
  0x75, 0x3b, 0x73, 0x65, 0x71, 0x75, 0x65, 0x6e, 0x74, 0x69, 0x61, 0x6c,
  0x5f, 0x31, 0x33, 0x39, 0x2f, 0x69, 0x6e, 0x73, 0x74, 0x61, 0x6e, 0x63,
  0x65, 0x5f, 0x6e, 0x6f, 0x72, 0x6d, 0x61, 0x6c, 0x69, 0x7a, 0x61, 0x74,
  0x69, 0x6f, 0x6e, 0x5f, 0x31, 0x36, 0x33, 0x2f, 0x62, 0x61, 0x74, 0x63,
  0x68, 0x6e, 0x6f, 0x72, 0x6d, 0x2f, 0x61, 0x64, 0x64, 0x5f, 0x31, 0x00,
  0x03, 0x00, 0x00, 0x00, 0x01, 0x00, 0x00, 0x00, 0xee, 0x02, 0x00, 0x00,
  0x01, 0x00, 0x00, 0x00, 0xe0, 0xd9, 0xff, 0xff, 0x18, 0x00, 0x00, 0x00,
  0x24, 0x00, 0x00, 0x00, 0x40, 0x00, 0x00, 0x00, 0x3d, 0x00, 0x00, 0x00,
  0x00, 0x00, 0x00, 0x09, 0x70, 0x00, 0x00, 0x00, 0x03, 0x00, 0x00, 0x00,
  0xff, 0xff, 0xff, 0xff, 0x01, 0x00, 0x00, 0x00, 0x01, 0x00, 0x00, 0x00,
  0xcc, 0xd9, 0xff, 0xff, 0x08, 0x00, 0x00, 0x00, 0x10, 0x00, 0x00, 0x00,
  0x01, 0x00, 0x00, 0x00, 0xf2, 0xff, 0xff, 0xff, 0xff, 0xff, 0xff, 0xff,
  0x01, 0x00, 0x00, 0x00, 0xae, 0x17, 0x1b, 0x39, 0x37, 0x00, 0x00, 0x00,
  0x73, 0x65, 0x71, 0x75, 0x65, 0x6e, 0x74, 0x69, 0x61, 0x6c, 0x5f, 0x31,
  0x33, 0x39, 0x2f, 0x69, 0x6e, 0x73, 0x74, 0x61, 0x6e, 0x63, 0x65, 0x5f,
  0x6e, 0x6f, 0x72, 0x6d, 0x61, 0x6c, 0x69, 0x7a, 0x61, 0x74, 0x69, 0x6f,
  0x6e, 0x5f, 0x31, 0x36, 0x33, 0x2f, 0x62, 0x61, 0x74, 0x63, 0x68, 0x6e,
  0x6f, 0x72, 0x6d, 0x2f, 0x73, 0x75, 0x62, 0x00, 0x03, 0x00, 0x00, 0x00,
  0x01, 0x00, 0x00, 0x00, 0x01, 0x00, 0x00, 0x00, 0x01, 0x00, 0x00, 0x00,
  0x78, 0xda, 0xff, 0xff, 0x18, 0x00, 0x00, 0x00, 0x24, 0x00, 0x00, 0x00,
  0x44, 0x00, 0x00, 0x00, 0x3c, 0x00, 0x00, 0x00, 0x00, 0x00, 0x00, 0x09,
  0x78, 0x00, 0x00, 0x00, 0x03, 0x00, 0x00, 0x00, 0xff, 0xff, 0xff, 0xff,
  0x01, 0x00, 0x00, 0x00, 0x01, 0x00, 0x00, 0x00, 0x64, 0xda, 0xff, 0xff,
  0x08, 0x00, 0x00, 0x00, 0x14, 0x00, 0x00, 0x00, 0x01, 0x00, 0x00, 0x00,
  0x0d, 0x00, 0x00, 0x00, 0x00, 0x00, 0x00, 0x00, 0x00, 0x00, 0x00, 0x00,
  0x01, 0x00, 0x00, 0x00, 0xae, 0x17, 0x1b, 0x39, 0x39, 0x00, 0x00, 0x00,
  0x73, 0x65, 0x71, 0x75, 0x65, 0x6e, 0x74, 0x69, 0x61, 0x6c, 0x5f, 0x31,
  0x33, 0x39, 0x2f, 0x69, 0x6e, 0x73, 0x74, 0x61, 0x6e, 0x63, 0x65, 0x5f,
  0x6e, 0x6f, 0x72, 0x6d, 0x61, 0x6c, 0x69, 0x7a, 0x61, 0x74, 0x69, 0x6f,
  0x6e, 0x5f, 0x31, 0x36, 0x33, 0x2f, 0x62, 0x61, 0x74, 0x63, 0x68, 0x6e,
  0x6f, 0x72, 0x6d, 0x2f, 0x6d, 0x75, 0x6c, 0x5f, 0x32, 0x00, 0x00, 0x00,
  0x03, 0x00, 0x00, 0x00, 0x01, 0x00, 0x00, 0x00, 0x01, 0x00, 0x00, 0x00,
  0x01, 0x00, 0x00, 0x00, 0x18, 0xdb, 0xff, 0xff, 0x18, 0x00, 0x00, 0x00,
  0x24, 0x00, 0x00, 0x00, 0x44, 0x00, 0x00, 0x00, 0x3b, 0x00, 0x00, 0x00,
  0x00, 0x00, 0x00, 0x09, 0x78, 0x00, 0x00, 0x00, 0x03, 0x00, 0x00, 0x00,
  0xff, 0xff, 0xff, 0xff, 0xee, 0x02, 0x00, 0x00, 0x01, 0x00, 0x00, 0x00,
  0x04, 0xdb, 0xff, 0xff, 0x08, 0x00, 0x00, 0x00, 0x14, 0x00, 0x00, 0x00,
  0x01, 0x00, 0x00, 0x00, 0xfc, 0xff, 0xff, 0xff, 0xff, 0xff, 0xff, 0xff,
  0x00, 0x00, 0x00, 0x00, 0x01, 0x00, 0x00, 0x00, 0x53, 0xdf, 0x00, 0x3d,
  0x39, 0x00, 0x00, 0x00, 0x73, 0x65, 0x71, 0x75, 0x65, 0x6e, 0x74, 0x69,
  0x61, 0x6c, 0x5f, 0x31, 0x33, 0x39, 0x2f, 0x69, 0x6e, 0x73, 0x74, 0x61,
  0x6e, 0x63, 0x65, 0x5f, 0x6e, 0x6f, 0x72, 0x6d, 0x61, 0x6c, 0x69, 0x7a,
  0x61, 0x74, 0x69, 0x6f, 0x6e, 0x5f, 0x31, 0x36, 0x33, 0x2f, 0x62, 0x61,
  0x74, 0x63, 0x68, 0x6e, 0x6f, 0x72, 0x6d, 0x2f, 0x6d, 0x75, 0x6c, 0x5f,
  0x31, 0x00, 0x00, 0x00, 0x03, 0x00, 0x00, 0x00, 0x01, 0x00, 0x00, 0x00,
  0xee, 0x02, 0x00, 0x00, 0x01, 0x00, 0x00, 0x00, 0xb8, 0xdb, 0xff, 0xff,
  0x18, 0x00, 0x00, 0x00, 0x24, 0x00, 0x00, 0x00, 0x44, 0x00, 0x00, 0x00,
  0x3a, 0x00, 0x00, 0x00, 0x00, 0x00, 0x00, 0x09, 0x78, 0x00, 0x00, 0x00,
  0x03, 0x00, 0x00, 0x00, 0xff, 0xff, 0xff, 0xff, 0x01, 0x00, 0x00, 0x00,
  0x01, 0x00, 0x00, 0x00, 0xa4, 0xdb, 0xff, 0xff, 0x08, 0x00, 0x00, 0x00,
  0x14, 0x00, 0x00, 0x00, 0x01, 0x00, 0x00, 0x00, 0x80, 0xff, 0xff, 0xff,
  0xff, 0xff, 0xff, 0xff, 0x00, 0x00, 0x00, 0x00, 0x01, 0x00, 0x00, 0x00,
  0x26, 0xdc, 0x43, 0x3b, 0x39, 0x00, 0x00, 0x00, 0x73, 0x65, 0x71, 0x75,
  0x65, 0x6e, 0x74, 0x69, 0x61, 0x6c, 0x5f, 0x31, 0x33, 0x39, 0x2f, 0x69,
  0x6e, 0x73, 0x74, 0x61, 0x6e, 0x63, 0x65, 0x5f, 0x6e, 0x6f, 0x72, 0x6d,
  0x61, 0x6c, 0x69, 0x7a, 0x61, 0x74, 0x69, 0x6f, 0x6e, 0x5f, 0x31, 0x36,
  0x33, 0x2f, 0x62, 0x61, 0x74, 0x63, 0x68, 0x6e, 0x6f, 0x72, 0x6d, 0x2f,
  0x52, 0x73, 0x71, 0x72, 0x74, 0x00, 0x00, 0x00, 0x03, 0x00, 0x00, 0x00,
  0x01, 0x00, 0x00, 0x00, 0x01, 0x00, 0x00, 0x00, 0x01, 0x00, 0x00, 0x00,
  0x58, 0xdc, 0xff, 0xff, 0x18, 0x00, 0x00, 0x00, 0x24, 0x00, 0x00, 0x00,
  0x40, 0x00, 0x00, 0x00, 0x39, 0x00, 0x00, 0x00, 0x00, 0x00, 0x00, 0x09,
  0x70, 0x00, 0x00, 0x00, 0x03, 0x00, 0x00, 0x00, 0xff, 0xff, 0xff, 0xff,
  0x01, 0x00, 0x00, 0x00, 0x01, 0x00, 0x00, 0x00, 0x44, 0xdc, 0xff, 0xff,
  0x08, 0x00, 0x00, 0x00, 0x10, 0x00, 0x00, 0x00, 0x01, 0x00, 0x00, 0x00,
  0x80, 0xff, 0xff, 0xff, 0xff, 0xff, 0xff, 0xff, 0x01, 0x00, 0x00, 0x00,
  0x69, 0x78, 0x0f, 0x3c, 0x37, 0x00, 0x00, 0x00, 0x73, 0x65, 0x71, 0x75,
  0x65, 0x6e, 0x74, 0x69, 0x61, 0x6c, 0x5f, 0x31, 0x33, 0x39, 0x2f, 0x69,
  0x6e, 0x73, 0x74, 0x61, 0x6e, 0x63, 0x65, 0x5f, 0x6e, 0x6f, 0x72, 0x6d,
  0x61, 0x6c, 0x69, 0x7a, 0x61, 0x74, 0x69, 0x6f, 0x6e, 0x5f, 0x31, 0x36,
  0x33, 0x2f, 0x62, 0x61, 0x74, 0x63, 0x68, 0x6e, 0x6f, 0x72, 0x6d, 0x2f,
  0x61, 0x64, 0x64, 0x00, 0x03, 0x00, 0x00, 0x00, 0x01, 0x00, 0x00, 0x00,
  0x01, 0x00, 0x00, 0x00, 0x01, 0x00, 0x00, 0x00, 0xf0, 0xdc, 0xff, 0xff,
  0x18, 0x00, 0x00, 0x00, 0x24, 0x00, 0x00, 0x00, 0x44, 0x00, 0x00, 0x00,
  0x38, 0x00, 0x00, 0x00, 0x00, 0x00, 0x00, 0x09, 0x78, 0x00, 0x00, 0x00,
  0x03, 0x00, 0x00, 0x00, 0xff, 0xff, 0xff, 0xff, 0x01, 0x00, 0x00, 0x00,
  0x01, 0x00, 0x00, 0x00, 0xdc, 0xdc, 0xff, 0xff, 0x08, 0x00, 0x00, 0x00,
  0x14, 0x00, 0x00, 0x00, 0x01, 0x00, 0x00, 0x00, 0x80, 0xff, 0xff, 0xff,
  0xff, 0xff, 0xff, 0xff, 0x00, 0x00, 0x00, 0x00, 0x01, 0x00, 0x00, 0x00,
  0xf7, 0x67, 0x0f, 0x3c, 0x3a, 0x00, 0x00, 0x00, 0x73, 0x65, 0x71, 0x75,
  0x65, 0x6e, 0x74, 0x69, 0x61, 0x6c, 0x5f, 0x31, 0x33, 0x39, 0x2f, 0x69,
  0x6e, 0x73, 0x74, 0x61, 0x6e, 0x63, 0x65, 0x5f, 0x6e, 0x6f, 0x72, 0x6d,
  0x61, 0x6c, 0x69, 0x7a, 0x61, 0x74, 0x69, 0x6f, 0x6e, 0x5f, 0x31, 0x36,
  0x33, 0x2f, 0x6d, 0x6f, 0x6d, 0x65, 0x6e, 0x74, 0x73, 0x2f, 0x76, 0x61,
  0x72, 0x69, 0x61, 0x6e, 0x63, 0x65, 0x00, 0x00, 0x03, 0x00, 0x00, 0x00,
  0x01, 0x00, 0x00, 0x00, 0x01, 0x00, 0x00, 0x00, 0x01, 0x00, 0x00, 0x00,
  0x90, 0xdd, 0xff, 0xff, 0x18, 0x00, 0x00, 0x00, 0x24, 0x00, 0x00, 0x00,
  0x44, 0x00, 0x00, 0x00, 0x37, 0x00, 0x00, 0x00, 0x00, 0x00, 0x00, 0x09,
  0x80, 0x00, 0x00, 0x00, 0x03, 0x00, 0x00, 0x00, 0xff, 0xff, 0xff, 0xff,
  0xee, 0x02, 0x00, 0x00, 0x01, 0x00, 0x00, 0x00, 0x7c, 0xdd, 0xff, 0xff,
  0x08, 0x00, 0x00, 0x00, 0x14, 0x00, 0x00, 0x00, 0x01, 0x00, 0x00, 0x00,
  0x80, 0xff, 0xff, 0xff, 0xff, 0xff, 0xff, 0xff, 0x00, 0x00, 0x00, 0x00,
  0x01, 0x00, 0x00, 0x00, 0x1e, 0xd1, 0x03, 0x3e, 0x43, 0x00, 0x00, 0x00,
  0x73, 0x65, 0x71, 0x75, 0x65, 0x6e, 0x74, 0x69, 0x61, 0x6c, 0x5f, 0x31,
  0x33, 0x39, 0x2f, 0x69, 0x6e, 0x73, 0x74, 0x61, 0x6e, 0x63, 0x65, 0x5f,
  0x6e, 0x6f, 0x72, 0x6d, 0x61, 0x6c, 0x69, 0x7a, 0x61, 0x74, 0x69, 0x6f,
  0x6e, 0x5f, 0x31, 0x36, 0x33, 0x2f, 0x6d, 0x6f, 0x6d, 0x65, 0x6e, 0x74,
  0x73, 0x2f, 0x53, 0x71, 0x75, 0x61, 0x72, 0x65, 0x64, 0x44, 0x69, 0x66,
  0x66, 0x65, 0x72, 0x65, 0x6e, 0x63, 0x65, 0x00, 0x03, 0x00, 0x00, 0x00,
  0x01, 0x00, 0x00, 0x00, 0xee, 0x02, 0x00, 0x00, 0x01, 0x00, 0x00, 0x00,
  0x38, 0xde, 0xff, 0xff, 0x18, 0x00, 0x00, 0x00, 0x24, 0x00, 0x00, 0x00,
  0x40, 0x00, 0x00, 0x00, 0x36, 0x00, 0x00, 0x00, 0x00, 0x00, 0x00, 0x09,
  0x70, 0x00, 0x00, 0x00, 0x03, 0x00, 0x00, 0x00, 0xff, 0xff, 0xff, 0xff,
  0x01, 0x00, 0x00, 0x00, 0x01, 0x00, 0x00, 0x00, 0x24, 0xde, 0xff, 0xff,
  0x08, 0x00, 0x00, 0x00, 0x10, 0x00, 0x00, 0x00, 0x01, 0x00, 0x00, 0x00,
  0x0b, 0x00, 0x00, 0x00, 0x00, 0x00, 0x00, 0x00, 0x01, 0x00, 0x00, 0x00,
  0x6e, 0xaa, 0x55, 0x39, 0x36, 0x00, 0x00, 0x00, 0x73, 0x65, 0x71, 0x75,
  0x65, 0x6e, 0x74, 0x69, 0x61, 0x6c, 0x5f, 0x31, 0x33, 0x39, 0x2f, 0x69,
  0x6e, 0x73, 0x74, 0x61, 0x6e, 0x63, 0x65, 0x5f, 0x6e, 0x6f, 0x72, 0x6d,
  0x61, 0x6c, 0x69, 0x7a, 0x61, 0x74, 0x69, 0x6f, 0x6e, 0x5f, 0x31, 0x36,
  0x33, 0x2f, 0x6d, 0x6f, 0x6d, 0x65, 0x6e, 0x74, 0x73, 0x2f, 0x6d, 0x65,
  0x61, 0x6e, 0x00, 0x00, 0x03, 0x00, 0x00, 0x00, 0x01, 0x00, 0x00, 0x00,
  0x01, 0x00, 0x00, 0x00, 0x01, 0x00, 0x00, 0x00, 0xd0, 0xde, 0xff, 0xff,
  0x18, 0x00, 0x00, 0x00, 0x24, 0x00, 0x00, 0x00, 0x44, 0x00, 0x00, 0x00,
  0x35, 0x00, 0x00, 0x00, 0x00, 0x00, 0x00, 0x09, 0x6c, 0x00, 0x00, 0x00,
  0x03, 0x00, 0x00, 0x00, 0xff, 0xff, 0xff, 0xff, 0xee, 0x02, 0x00, 0x00,
  0x01, 0x00, 0x00, 0x00, 0xbc, 0xde, 0xff, 0xff, 0x08, 0x00, 0x00, 0x00,
  0x14, 0x00, 0x00, 0x00, 0x01, 0x00, 0x00, 0x00, 0xfb, 0xff, 0xff, 0xff,
  0xff, 0xff, 0xff, 0xff, 0x00, 0x00, 0x00, 0x00, 0x01, 0x00, 0x00, 0x00,
  0xff, 0x80, 0x31, 0x3d, 0x2c, 0x00, 0x00, 0x00, 0x73, 0x65, 0x71, 0x75,
  0x65, 0x6e, 0x74, 0x69, 0x61, 0x6c, 0x5f, 0x31, 0x33, 0x39, 0x2f, 0x64,
  0x65, 0x70, 0x74, 0x68, 0x77, 0x69, 0x73, 0x65, 0x5f, 0x63, 0x6f, 0x6e,
  0x76, 0x31, 0x64, 0x5f, 0x32, 0x35, 0x37, 0x2f, 0x53, 0x71, 0x75, 0x65,
  0x65, 0x7a, 0x65, 0x31, 0x00, 0x00, 0x00, 0x00, 0x03, 0x00, 0x00, 0x00,
  0x01, 0x00, 0x00, 0x00, 0xee, 0x02, 0x00, 0x00, 0x01, 0x00, 0x00, 0x00,
  0x64, 0xdf, 0xff, 0xff, 0x18, 0x00, 0x00, 0x00, 0x28, 0x00, 0x00, 0x00,
  0x48, 0x00, 0x00, 0x00, 0x34, 0x00, 0x00, 0x00, 0x00, 0x00, 0x00, 0x09,
  0x9c, 0x00, 0x00, 0x00, 0x04, 0x00, 0x00, 0x00, 0xff, 0xff, 0xff, 0xff,
  0x01, 0x00, 0x00, 0x00, 0xee, 0x02, 0x00, 0x00, 0x01, 0x00, 0x00, 0x00,
  0x54, 0xdf, 0xff, 0xff, 0x08, 0x00, 0x00, 0x00, 0x14, 0x00, 0x00, 0x00,
  0x01, 0x00, 0x00, 0x00, 0xfb, 0xff, 0xff, 0xff, 0xff, 0xff, 0xff, 0xff,
  0x00, 0x00, 0x00, 0x00, 0x01, 0x00, 0x00, 0x00, 0xff, 0x80, 0x31, 0x3d,
  0x5b, 0x00, 0x00, 0x00, 0x73, 0x65, 0x71, 0x75, 0x65, 0x6e, 0x74, 0x69,
  0x61, 0x6c, 0x5f, 0x31, 0x33, 0x39, 0x2f, 0x64, 0x65, 0x70, 0x74, 0x68,
  0x77, 0x69, 0x73, 0x65, 0x5f, 0x63, 0x6f, 0x6e, 0x76, 0x31, 0x64, 0x5f,
  0x32, 0x35, 0x37, 0x2f, 0x42, 0x69, 0x61, 0x73, 0x41, 0x64, 0x64, 0x3b,
  0x73, 0x65, 0x71, 0x75, 0x65, 0x6e, 0x74, 0x69, 0x61, 0x6c, 0x5f, 0x31,
  0x33, 0x39, 0x2f, 0x64, 0x65, 0x70, 0x74, 0x68, 0x77, 0x69, 0x73, 0x65,
  0x5f, 0x63, 0x6f, 0x6e, 0x76, 0x31, 0x64, 0x5f, 0x32, 0x35, 0x37, 0x2f,
  0x64, 0x65, 0x70, 0x74, 0x68, 0x77, 0x69, 0x73, 0x65, 0x31, 0x31, 0x00,
  0x04, 0x00, 0x00, 0x00, 0x01, 0x00, 0x00, 0x00, 0x01, 0x00, 0x00, 0x00,
  0xee, 0x02, 0x00, 0x00, 0x01, 0x00, 0x00, 0x00, 0x2c, 0xe0, 0xff, 0xff,
  0x18, 0x00, 0x00, 0x00, 0x28, 0x00, 0x00, 0x00, 0x48, 0x00, 0x00, 0x00,
  0x33, 0x00, 0x00, 0x00, 0x00, 0x00, 0x00, 0x09, 0x70, 0x00, 0x00, 0x00,
  0x04, 0x00, 0x00, 0x00, 0xff, 0xff, 0xff, 0xff, 0x01, 0x00, 0x00, 0x00,
  0xdc, 0x05, 0x00, 0x00, 0x01, 0x00, 0x00, 0x00, 0x1c, 0xe0, 0xff, 0xff,
  0x08, 0x00, 0x00, 0x00, 0x14, 0x00, 0x00, 0x00, 0x01, 0x00, 0x00, 0x00,
  0xfe, 0xff, 0xff, 0xff, 0xff, 0xff, 0xff, 0xff, 0x00, 0x00, 0x00, 0x00,
  0x01, 0x00, 0x00, 0x00, 0x6b, 0x15, 0x0d, 0x3d, 0x2e, 0x00, 0x00, 0x00,
  0x73, 0x65, 0x71, 0x75, 0x65, 0x6e, 0x74, 0x69, 0x61, 0x6c, 0x5f, 0x31,
  0x33, 0x39, 0x2f, 0x64, 0x65, 0x70, 0x74, 0x68, 0x77, 0x69, 0x73, 0x65,
  0x5f, 0x63, 0x6f, 0x6e, 0x76, 0x31, 0x64, 0x5f, 0x32, 0x35, 0x37, 0x2f,
  0x45, 0x78, 0x70, 0x61, 0x6e, 0x64, 0x44, 0x69, 0x6d, 0x73, 0x00, 0x00,
  0x04, 0x00, 0x00, 0x00, 0x01, 0x00, 0x00, 0x00, 0x01, 0x00, 0x00, 0x00,
  0xdc, 0x05, 0x00, 0x00, 0x01, 0x00, 0x00, 0x00, 0xc8, 0xe0, 0xff, 0xff,
  0x18, 0x00, 0x00, 0x00, 0x24, 0x00, 0x00, 0x00, 0x44, 0x00, 0x00, 0x00,
  0x32, 0x00, 0x00, 0x00, 0x00, 0x00, 0x00, 0x09, 0x6c, 0x00, 0x00, 0x00,
  0x03, 0x00, 0x00, 0x00, 0xff, 0xff, 0xff, 0xff, 0xdc, 0x05, 0x00, 0x00,
  0x01, 0x00, 0x00, 0x00, 0xb4, 0xe0, 0xff, 0xff, 0x08, 0x00, 0x00, 0x00,
  0x14, 0x00, 0x00, 0x00, 0x01, 0x00, 0x00, 0x00, 0xfe, 0xff, 0xff, 0xff,
  0xff, 0xff, 0xff, 0xff, 0x00, 0x00, 0x00, 0x00, 0x01, 0x00, 0x00, 0x00,
  0x6b, 0x15, 0x0d, 0x3d, 0x2c, 0x00, 0x00, 0x00, 0x73, 0x65, 0x71, 0x75,
  0x65, 0x6e, 0x74, 0x69, 0x61, 0x6c, 0x5f, 0x31, 0x33, 0x39, 0x2f, 0x64,
  0x65, 0x70, 0x74, 0x68, 0x77, 0x69, 0x73, 0x65, 0x5f, 0x63, 0x6f, 0x6e,
  0x76, 0x31, 0x64, 0x5f, 0x32, 0x35, 0x36, 0x2f, 0x53, 0x71, 0x75, 0x65,
  0x65, 0x7a, 0x65, 0x31, 0x00, 0x00, 0x00, 0x00, 0x03, 0x00, 0x00, 0x00,
  0x01, 0x00, 0x00, 0x00, 0xdc, 0x05, 0x00, 0x00, 0x01, 0x00, 0x00, 0x00,
  0x5c, 0xe1, 0xff, 0xff, 0x18, 0x00, 0x00, 0x00, 0x28, 0x00, 0x00, 0x00,
  0x44, 0x00, 0x00, 0x00, 0x31, 0x00, 0x00, 0x00, 0x00, 0x00, 0x00, 0x09,
  0xc4, 0x00, 0x00, 0x00, 0x04, 0x00, 0x00, 0x00, 0xff, 0xff, 0xff, 0xff,
  0x01, 0x00, 0x00, 0x00, 0xdc, 0x05, 0x00, 0x00, 0x01, 0x00, 0x00, 0x00,
  0x4c, 0xe1, 0xff, 0xff, 0x08, 0x00, 0x00, 0x00, 0x10, 0x00, 0x00, 0x00,
  0x01, 0x00, 0x00, 0x00, 0xfe, 0xff, 0xff, 0xff, 0xff, 0xff, 0xff, 0xff,
  0x01, 0x00, 0x00, 0x00, 0x6b, 0x15, 0x0d, 0x3d, 0x87, 0x00, 0x00, 0x00,
  0x73, 0x65, 0x71, 0x75, 0x65, 0x6e, 0x74, 0x69, 0x61, 0x6c, 0x5f, 0x31,
  0x33, 0x39, 0x2f, 0x64, 0x65, 0x70, 0x74, 0x68, 0x77, 0x69, 0x73, 0x65,
  0x5f, 0x63, 0x6f, 0x6e, 0x76, 0x31, 0x64, 0x5f, 0x32, 0x35, 0x36, 0x2f,
  0x42, 0x69, 0x61, 0x73, 0x41, 0x64, 0x64, 0x3b, 0x73, 0x65, 0x71, 0x75,
  0x65, 0x6e, 0x74, 0x69, 0x61, 0x6c, 0x5f, 0x31, 0x33, 0x39, 0x2f, 0x64,
  0x65, 0x70, 0x74, 0x68, 0x77, 0x69, 0x73, 0x65, 0x5f, 0x63, 0x6f, 0x6e,
  0x76, 0x31, 0x64, 0x5f, 0x32, 0x35, 0x37, 0x2f, 0x64, 0x65, 0x70, 0x74,
  0x68, 0x77, 0x69, 0x73, 0x65, 0x3b, 0x73, 0x65, 0x71, 0x75, 0x65, 0x6e,
  0x74, 0x69, 0x61, 0x6c, 0x5f, 0x31, 0x33, 0x39, 0x2f, 0x64, 0x65, 0x70,
  0x74, 0x68, 0x77, 0x69, 0x73, 0x65, 0x5f, 0x63, 0x6f, 0x6e, 0x76, 0x31,
  0x64, 0x5f, 0x32, 0x35, 0x36, 0x2f, 0x64, 0x65, 0x70, 0x74, 0x68, 0x77,
  0x69, 0x73, 0x65, 0x00, 0x04, 0x00, 0x00, 0x00, 0x01, 0x00, 0x00, 0x00,
  0x01, 0x00, 0x00, 0x00, 0xdc, 0x05, 0x00, 0x00, 0x01, 0x00, 0x00, 0x00,
  0x4c, 0xe2, 0xff, 0xff, 0x18, 0x00, 0x00, 0x00, 0x28, 0x00, 0x00, 0x00,
  0x48, 0x00, 0x00, 0x00, 0x30, 0x00, 0x00, 0x00, 0x00, 0x00, 0x00, 0x09,
  0x70, 0x00, 0x00, 0x00, 0x04, 0x00, 0x00, 0x00, 0xff, 0xff, 0xff, 0xff,
  0x01, 0x00, 0x00, 0x00, 0xb8, 0x0b, 0x00, 0x00, 0x01, 0x00, 0x00, 0x00,
  0x3c, 0xe2, 0xff, 0xff, 0x08, 0x00, 0x00, 0x00, 0x14, 0x00, 0x00, 0x00,
  0x01, 0x00, 0x00, 0x00, 0x00, 0x00, 0x00, 0x00, 0x00, 0x00, 0x00, 0x00,
  0x00, 0x00, 0x00, 0x00, 0x01, 0x00, 0x00, 0x00, 0xce, 0xa1, 0xc8, 0x3c,
  0x2e, 0x00, 0x00, 0x00, 0x73, 0x65, 0x71, 0x75, 0x65, 0x6e, 0x74, 0x69,
  0x61, 0x6c, 0x5f, 0x31, 0x33, 0x39, 0x2f, 0x64, 0x65, 0x70, 0x74, 0x68,
  0x77, 0x69, 0x73, 0x65, 0x5f, 0x63, 0x6f, 0x6e, 0x76, 0x31, 0x64, 0x5f,
  0x32, 0x35, 0x36, 0x2f, 0x45, 0x78, 0x70, 0x61, 0x6e, 0x64, 0x44, 0x69,
  0x6d, 0x73, 0x00, 0x00, 0x04, 0x00, 0x00, 0x00, 0x01, 0x00, 0x00, 0x00,
  0x01, 0x00, 0x00, 0x00, 0xb8, 0x0b, 0x00, 0x00, 0x01, 0x00, 0x00, 0x00,
  0xe8, 0xe2, 0xff, 0xff, 0x18, 0x00, 0x00, 0x00, 0x24, 0x00, 0x00, 0x00,
  0x44, 0x00, 0x00, 0x00, 0x2f, 0x00, 0x00, 0x00, 0x00, 0x00, 0x00, 0x09,
  0x78, 0x00, 0x00, 0x00, 0x03, 0x00, 0x00, 0x00, 0xff, 0xff, 0xff, 0xff,
  0xb8, 0x0b, 0x00, 0x00, 0x01, 0x00, 0x00, 0x00, 0xd4, 0xe2, 0xff, 0xff,
  0x08, 0x00, 0x00, 0x00, 0x14, 0x00, 0x00, 0x00, 0x01, 0x00, 0x00, 0x00,
  0x00, 0x00, 0x00, 0x00, 0x00, 0x00, 0x00, 0x00, 0x00, 0x00, 0x00, 0x00,
  0x01, 0x00, 0x00, 0x00, 0xce, 0xa1, 0xc8, 0x3c, 0x39, 0x00, 0x00, 0x00,
  0x73, 0x65, 0x71, 0x75, 0x65, 0x6e, 0x74, 0x69, 0x61, 0x6c, 0x5f, 0x31,
  0x33, 0x39, 0x2f, 0x69, 0x6e, 0x73, 0x74, 0x61, 0x6e, 0x63, 0x65, 0x5f,
  0x6e, 0x6f, 0x72, 0x6d, 0x61, 0x6c, 0x69, 0x7a, 0x61, 0x74, 0x69, 0x6f,
  0x6e, 0x5f, 0x31, 0x36, 0x32, 0x2f, 0x62, 0x61, 0x74, 0x63, 0x68, 0x6e,
  0x6f, 0x72, 0x6d, 0x2f, 0x61, 0x64, 0x64, 0x5f, 0x31, 0x00, 0x00, 0x00,
  0x03, 0x00, 0x00, 0x00, 0x01, 0x00, 0x00, 0x00, 0xb8, 0x0b, 0x00, 0x00,
  0x01, 0x00, 0x00, 0x00, 0x88, 0xe3, 0xff, 0xff, 0x18, 0x00, 0x00, 0x00,
  0x24, 0x00, 0x00, 0x00, 0x40, 0x00, 0x00, 0x00, 0x2e, 0x00, 0x00, 0x00,
  0x00, 0x00, 0x00, 0x09, 0x70, 0x00, 0x00, 0x00, 0x03, 0x00, 0x00, 0x00,
  0xff, 0xff, 0xff, 0xff, 0x01, 0x00, 0x00, 0x00, 0x01, 0x00, 0x00, 0x00,
  0x74, 0xe3, 0xff, 0xff, 0x08, 0x00, 0x00, 0x00, 0x10, 0x00, 0x00, 0x00,
  0x01, 0x00, 0x00, 0x00, 0x80, 0xff, 0xff, 0xff, 0xff, 0xff, 0xff, 0xff,
  0x01, 0x00, 0x00, 0x00, 0x88, 0x4a, 0xa0, 0x3b, 0x37, 0x00, 0x00, 0x00,
  0x73, 0x65, 0x71, 0x75, 0x65, 0x6e, 0x74, 0x69, 0x61, 0x6c, 0x5f, 0x31,
  0x33, 0x39, 0x2f, 0x69, 0x6e, 0x73, 0x74, 0x61, 0x6e, 0x63, 0x65, 0x5f,
  0x6e, 0x6f, 0x72, 0x6d, 0x61, 0x6c, 0x69, 0x7a, 0x61, 0x74, 0x69, 0x6f,
  0x6e, 0x5f, 0x31, 0x36, 0x32, 0x2f, 0x62, 0x61, 0x74, 0x63, 0x68, 0x6e,
  0x6f, 0x72, 0x6d, 0x2f, 0x73, 0x75, 0x62, 0x00, 0x03, 0x00, 0x00, 0x00,
  0x01, 0x00, 0x00, 0x00, 0x01, 0x00, 0x00, 0x00, 0x01, 0x00, 0x00, 0x00,
  0x20, 0xe4, 0xff, 0xff, 0x18, 0x00, 0x00, 0x00, 0x24, 0x00, 0x00, 0x00,
  0x44, 0x00, 0x00, 0x00, 0x2d, 0x00, 0x00, 0x00, 0x00, 0x00, 0x00, 0x09,
  0x78, 0x00, 0x00, 0x00, 0x03, 0x00, 0x00, 0x00, 0xff, 0xff, 0xff, 0xff,
  0x01, 0x00, 0x00, 0x00, 0x01, 0x00, 0x00, 0x00, 0x0c, 0xe4, 0xff, 0xff,
  0x08, 0x00, 0x00, 0x00, 0x14, 0x00, 0x00, 0x00, 0x01, 0x00, 0x00, 0x00,
  0x7f, 0x00, 0x00, 0x00, 0x00, 0x00, 0x00, 0x00, 0x00, 0x00, 0x00, 0x00,
  0x01, 0x00, 0x00, 0x00, 0x88, 0x4a, 0xa0, 0x3b, 0x39, 0x00, 0x00, 0x00,
  0x73, 0x65, 0x71, 0x75, 0x65, 0x6e, 0x74, 0x69, 0x61, 0x6c, 0x5f, 0x31,
  0x33, 0x39, 0x2f, 0x69, 0x6e, 0x73, 0x74, 0x61, 0x6e, 0x63, 0x65, 0x5f,
  0x6e, 0x6f, 0x72, 0x6d, 0x61, 0x6c, 0x69, 0x7a, 0x61, 0x74, 0x69, 0x6f,
  0x6e, 0x5f, 0x31, 0x36, 0x32, 0x2f, 0x62, 0x61, 0x74, 0x63, 0x68, 0x6e,
  0x6f, 0x72, 0x6d, 0x2f, 0x6d, 0x75, 0x6c, 0x5f, 0x32, 0x00, 0x00, 0x00,
  0x03, 0x00, 0x00, 0x00, 0x01, 0x00, 0x00, 0x00, 0x01, 0x00, 0x00, 0x00,
  0x01, 0x00, 0x00, 0x00, 0xc0, 0xe4, 0xff, 0xff, 0x18, 0x00, 0x00, 0x00,
  0x24, 0x00, 0x00, 0x00, 0x44, 0x00, 0x00, 0x00, 0x2c, 0x00, 0x00, 0x00,
  0x00, 0x00, 0x00, 0x09, 0x78, 0x00, 0x00, 0x00, 0x03, 0x00, 0x00, 0x00,
  0xff, 0xff, 0xff, 0xff, 0xb8, 0x0b, 0x00, 0x00, 0x01, 0x00, 0x00, 0x00,
  0xac, 0xe4, 0xff, 0xff, 0x08, 0x00, 0x00, 0x00, 0x14, 0x00, 0x00, 0x00,
  0x01, 0x00, 0x00, 0x00, 0x32, 0x00, 0x00, 0x00, 0x00, 0x00, 0x00, 0x00,
  0x00, 0x00, 0x00, 0x00, 0x01, 0x00, 0x00, 0x00, 0x90, 0x0e, 0xc9, 0x3c,
  0x39, 0x00, 0x00, 0x00, 0x73, 0x65, 0x71, 0x75, 0x65, 0x6e, 0x74, 0x69,
  0x61, 0x6c, 0x5f, 0x31, 0x33, 0x39, 0x2f, 0x69, 0x6e, 0x73, 0x74, 0x61,
  0x6e, 0x63, 0x65, 0x5f, 0x6e, 0x6f, 0x72, 0x6d, 0x61, 0x6c, 0x69, 0x7a,
  0x61, 0x74, 0x69, 0x6f, 0x6e, 0x5f, 0x31, 0x36, 0x32, 0x2f, 0x62, 0x61,
  0x74, 0x63, 0x68, 0x6e, 0x6f, 0x72, 0x6d, 0x2f, 0x6d, 0x75, 0x6c, 0x5f,
  0x31, 0x00, 0x00, 0x00, 0x03, 0x00, 0x00, 0x00, 0x01, 0x00, 0x00, 0x00,
  0xb8, 0x0b, 0x00, 0x00, 0x01, 0x00, 0x00, 0x00, 0x60, 0xe5, 0xff, 0xff,
  0x18, 0x00, 0x00, 0x00, 0x24, 0x00, 0x00, 0x00, 0x44, 0x00, 0x00, 0x00,
  0x2b, 0x00, 0x00, 0x00, 0x00, 0x00, 0x00, 0x09, 0x78, 0x00, 0x00, 0x00,
  0x03, 0x00, 0x00, 0x00, 0xff, 0xff, 0xff, 0xff, 0x01, 0x00, 0x00, 0x00,
  0x01, 0x00, 0x00, 0x00, 0x4c, 0xe5, 0xff, 0xff, 0x08, 0x00, 0x00, 0x00,
  0x14, 0x00, 0x00, 0x00, 0x01, 0x00, 0x00, 0x00, 0x80, 0xff, 0xff, 0xff,
  0xff, 0xff, 0xff, 0xff, 0x00, 0x00, 0x00, 0x00, 0x01, 0x00, 0x00, 0x00,
  0xf9, 0xca, 0x7b, 0x3c, 0x39, 0x00, 0x00, 0x00, 0x73, 0x65, 0x71, 0x75,
  0x65, 0x6e, 0x74, 0x69, 0x61, 0x6c, 0x5f, 0x31, 0x33, 0x39, 0x2f, 0x69,
  0x6e, 0x73, 0x74, 0x61, 0x6e, 0x63, 0x65, 0x5f, 0x6e, 0x6f, 0x72, 0x6d,
  0x61, 0x6c, 0x69, 0x7a, 0x61, 0x74, 0x69, 0x6f, 0x6e, 0x5f, 0x31, 0x36,
  0x32, 0x2f, 0x62, 0x61, 0x74, 0x63, 0x68, 0x6e, 0x6f, 0x72, 0x6d, 0x2f,
  0x52, 0x73, 0x71, 0x72, 0x74, 0x00, 0x00, 0x00, 0x03, 0x00, 0x00, 0x00,
  0x01, 0x00, 0x00, 0x00, 0x01, 0x00, 0x00, 0x00, 0x01, 0x00, 0x00, 0x00,
  0x00, 0xe6, 0xff, 0xff, 0x18, 0x00, 0x00, 0x00, 0x24, 0x00, 0x00, 0x00,
  0x40, 0x00, 0x00, 0x00, 0x2a, 0x00, 0x00, 0x00, 0x00, 0x00, 0x00, 0x09,
  0x70, 0x00, 0x00, 0x00, 0x03, 0x00, 0x00, 0x00, 0xff, 0xff, 0xff, 0xff,
  0x01, 0x00, 0x00, 0x00, 0x01, 0x00, 0x00, 0x00, 0xec, 0xe5, 0xff, 0xff,
  0x08, 0x00, 0x00, 0x00, 0x10, 0x00, 0x00, 0x00, 0x01, 0x00, 0x00, 0x00,
  0x80, 0xff, 0xff, 0xff, 0xff, 0xff, 0xff, 0xff, 0x01, 0x00, 0x00, 0x00,
  0x42, 0x70, 0x96, 0x39, 0x37, 0x00, 0x00, 0x00, 0x73, 0x65, 0x71, 0x75,
  0x65, 0x6e, 0x74, 0x69, 0x61, 0x6c, 0x5f, 0x31, 0x33, 0x39, 0x2f, 0x69,
  0x6e, 0x73, 0x74, 0x61, 0x6e, 0x63, 0x65, 0x5f, 0x6e, 0x6f, 0x72, 0x6d,
  0x61, 0x6c, 0x69, 0x7a, 0x61, 0x74, 0x69, 0x6f, 0x6e, 0x5f, 0x31, 0x36,
  0x32, 0x2f, 0x62, 0x61, 0x74, 0x63, 0x68, 0x6e, 0x6f, 0x72, 0x6d, 0x2f,
  0x61, 0x64, 0x64, 0x00, 0x03, 0x00, 0x00, 0x00, 0x01, 0x00, 0x00, 0x00,
  0x01, 0x00, 0x00, 0x00, 0x01, 0x00, 0x00, 0x00, 0x98, 0xe6, 0xff, 0xff,
  0x18, 0x00, 0x00, 0x00, 0x24, 0x00, 0x00, 0x00, 0x44, 0x00, 0x00, 0x00,
  0x29, 0x00, 0x00, 0x00, 0x00, 0x00, 0x00, 0x09, 0x78, 0x00, 0x00, 0x00,
  0x03, 0x00, 0x00, 0x00, 0xff, 0xff, 0xff, 0xff, 0x01, 0x00, 0x00, 0x00,
  0x01, 0x00, 0x00, 0x00, 0x84, 0xe6, 0xff, 0xff, 0x08, 0x00, 0x00, 0x00,
  0x14, 0x00, 0x00, 0x00, 0x01, 0x00, 0x00, 0x00, 0x80, 0xff, 0xff, 0xff,
  0xff, 0xff, 0xff, 0xff, 0x00, 0x00, 0x00, 0x00, 0x01, 0x00, 0x00, 0x00,
  0xea, 0x61, 0x94, 0x39, 0x3a, 0x00, 0x00, 0x00, 0x73, 0x65, 0x71, 0x75,
  0x65, 0x6e, 0x74, 0x69, 0x61, 0x6c, 0x5f, 0x31, 0x33, 0x39, 0x2f, 0x69,
  0x6e, 0x73, 0x74, 0x61, 0x6e, 0x63, 0x65, 0x5f, 0x6e, 0x6f, 0x72, 0x6d,
  0x61, 0x6c, 0x69, 0x7a, 0x61, 0x74, 0x69, 0x6f, 0x6e, 0x5f, 0x31, 0x36,
  0x32, 0x2f, 0x6d, 0x6f, 0x6d, 0x65, 0x6e, 0x74, 0x73, 0x2f, 0x76, 0x61,
  0x72, 0x69, 0x61, 0x6e, 0x63, 0x65, 0x00, 0x00, 0x03, 0x00, 0x00, 0x00,
  0x01, 0x00, 0x00, 0x00, 0x01, 0x00, 0x00, 0x00, 0x01, 0x00, 0x00, 0x00,
  0x38, 0xe7, 0xff, 0xff, 0x18, 0x00, 0x00, 0x00, 0x24, 0x00, 0x00, 0x00,
  0x44, 0x00, 0x00, 0x00, 0x28, 0x00, 0x00, 0x00, 0x00, 0x00, 0x00, 0x09,
  0x80, 0x00, 0x00, 0x00, 0x03, 0x00, 0x00, 0x00, 0xff, 0xff, 0xff, 0xff,
  0xb8, 0x0b, 0x00, 0x00, 0x01, 0x00, 0x00, 0x00, 0x24, 0xe7, 0xff, 0xff,
  0x08, 0x00, 0x00, 0x00, 0x14, 0x00, 0x00, 0x00, 0x01, 0x00, 0x00, 0x00,
  0x80, 0xff, 0xff, 0xff, 0xff, 0xff, 0xff, 0xff, 0x00, 0x00, 0x00, 0x00,
  0x01, 0x00, 0x00, 0x00, 0x7e, 0xba, 0x28, 0x3b, 0x43, 0x00, 0x00, 0x00,
  0x73, 0x65, 0x71, 0x75, 0x65, 0x6e, 0x74, 0x69, 0x61, 0x6c, 0x5f, 0x31,
  0x33, 0x39, 0x2f, 0x69, 0x6e, 0x73, 0x74, 0x61, 0x6e, 0x63, 0x65, 0x5f,
  0x6e, 0x6f, 0x72, 0x6d, 0x61, 0x6c, 0x69, 0x7a, 0x61, 0x74, 0x69, 0x6f,
  0x6e, 0x5f, 0x31, 0x36, 0x32, 0x2f, 0x6d, 0x6f, 0x6d, 0x65, 0x6e, 0x74,
  0x73, 0x2f, 0x53, 0x71, 0x75, 0x61, 0x72, 0x65, 0x64, 0x44, 0x69, 0x66,
  0x66, 0x65, 0x72, 0x65, 0x6e, 0x63, 0x65, 0x00, 0x03, 0x00, 0x00, 0x00,
  0x01, 0x00, 0x00, 0x00, 0xb8, 0x0b, 0x00, 0x00, 0x01, 0x00, 0x00, 0x00,
  0xe0, 0xe7, 0xff, 0xff, 0x18, 0x00, 0x00, 0x00, 0x24, 0x00, 0x00, 0x00,
  0x40, 0x00, 0x00, 0x00, 0x27, 0x00, 0x00, 0x00, 0x00, 0x00, 0x00, 0x09,
  0x70, 0x00, 0x00, 0x00, 0x03, 0x00, 0x00, 0x00, 0xff, 0xff, 0xff, 0xff,
  0x01, 0x00, 0x00, 0x00, 0x01, 0x00, 0x00, 0x00, 0xcc, 0xe7, 0xff, 0xff,
  0x08, 0x00, 0x00, 0x00, 0x10, 0x00, 0x00, 0x00, 0x01, 0x00, 0x00, 0x00,
  0x7f, 0x00, 0x00, 0x00, 0x00, 0x00, 0x00, 0x00, 0x01, 0x00, 0x00, 0x00,
  0x74, 0xe7, 0xa5, 0x3a, 0x36, 0x00, 0x00, 0x00, 0x73, 0x65, 0x71, 0x75,
  0x65, 0x6e, 0x74, 0x69, 0x61, 0x6c, 0x5f, 0x31, 0x33, 0x39, 0x2f, 0x69,
  0x6e, 0x73, 0x74, 0x61, 0x6e, 0x63, 0x65, 0x5f, 0x6e, 0x6f, 0x72, 0x6d,
  0x61, 0x6c, 0x69, 0x7a, 0x61, 0x74, 0x69, 0x6f, 0x6e, 0x5f, 0x31, 0x36,
  0x32, 0x2f, 0x6d, 0x6f, 0x6d, 0x65, 0x6e, 0x74, 0x73, 0x2f, 0x6d, 0x65,
  0x61, 0x6e, 0x00, 0x00, 0x03, 0x00, 0x00, 0x00, 0x01, 0x00, 0x00, 0x00,
  0x01, 0x00, 0x00, 0x00, 0x01, 0x00, 0x00, 0x00, 0x78, 0xe8, 0xff, 0xff,
  0x18, 0x00, 0x00, 0x00, 0x24, 0x00, 0x00, 0x00, 0x44, 0x00, 0x00, 0x00,
  0x26, 0x00, 0x00, 0x00, 0x00, 0x00, 0x00, 0x09, 0x6c, 0x00, 0x00, 0x00,
  0x03, 0x00, 0x00, 0x00, 0xff, 0xff, 0xff, 0xff, 0xb8, 0x0b, 0x00, 0x00,
  0x01, 0x00, 0x00, 0x00, 0x64, 0xe8, 0xff, 0xff, 0x08, 0x00, 0x00, 0x00,
  0x14, 0x00, 0x00, 0x00, 0x01, 0x00, 0x00, 0x00, 0x32, 0x00, 0x00, 0x00,
  0x00, 0x00, 0x00, 0x00, 0x00, 0x00, 0x00, 0x00, 0x01, 0x00, 0x00, 0x00,
  0xd4, 0x50, 0xcf, 0x3b, 0x2c, 0x00, 0x00, 0x00, 0x73, 0x65, 0x71, 0x75,
  0x65, 0x6e, 0x74, 0x69, 0x61, 0x6c, 0x5f, 0x31, 0x33, 0x39, 0x2f, 0x64,
  0x65, 0x70, 0x74, 0x68, 0x77, 0x69, 0x73, 0x65, 0x5f, 0x63, 0x6f, 0x6e,
  0x76, 0x31, 0x64, 0x5f, 0x32, 0x35, 0x35, 0x2f, 0x53, 0x71, 0x75, 0x65,
  0x65, 0x7a, 0x65, 0x31, 0x00, 0x00, 0x00, 0x00, 0x03, 0x00, 0x00, 0x00,
  0x01, 0x00, 0x00, 0x00, 0xb8, 0x0b, 0x00, 0x00, 0x01, 0x00, 0x00, 0x00,
  0x0c, 0xe9, 0xff, 0xff, 0x18, 0x00, 0x00, 0x00, 0x28, 0x00, 0x00, 0x00,
  0x44, 0x00, 0x00, 0x00, 0x25, 0x00, 0x00, 0x00, 0x00, 0x00, 0x00, 0x09,
  0xc4, 0x00, 0x00, 0x00, 0x04, 0x00, 0x00, 0x00, 0xff, 0xff, 0xff, 0xff,
  0x01, 0x00, 0x00, 0x00, 0xb8, 0x0b, 0x00, 0x00, 0x01, 0x00, 0x00, 0x00,
  0xfc, 0xe8, 0xff, 0xff, 0x08, 0x00, 0x00, 0x00, 0x10, 0x00, 0x00, 0x00,
  0x01, 0x00, 0x00, 0x00, 0x32, 0x00, 0x00, 0x00, 0x00, 0x00, 0x00, 0x00,
  0x01, 0x00, 0x00, 0x00, 0xd4, 0x50, 0xcf, 0x3b, 0x87, 0x00, 0x00, 0x00,
  0x73, 0x65, 0x71, 0x75, 0x65, 0x6e, 0x74, 0x69, 0x61, 0x6c, 0x5f, 0x31,
  0x33, 0x39, 0x2f, 0x64, 0x65, 0x70, 0x74, 0x68, 0x77, 0x69, 0x73, 0x65,
  0x5f, 0x63, 0x6f, 0x6e, 0x76, 0x31, 0x64, 0x5f, 0x32, 0x35, 0x35, 0x2f,
  0x42, 0x69, 0x61, 0x73, 0x41, 0x64, 0x64, 0x3b, 0x73, 0x65, 0x71, 0x75,
  0x65, 0x6e, 0x74, 0x69, 0x61, 0x6c, 0x5f, 0x31, 0x33, 0x39, 0x2f, 0x64,
  0x65, 0x70, 0x74, 0x68, 0x77, 0x69, 0x73, 0x65, 0x5f, 0x63, 0x6f, 0x6e,
  0x76, 0x31, 0x64, 0x5f, 0x32, 0x35, 0x37, 0x2f, 0x64, 0x65, 0x70, 0x74,
  0x68, 0x77, 0x69, 0x73, 0x65, 0x3b, 0x73, 0x65, 0x71, 0x75, 0x65, 0x6e,
  0x74, 0x69, 0x61, 0x6c, 0x5f, 0x31, 0x33, 0x39, 0x2f, 0x64, 0x65, 0x70,
  0x74, 0x68, 0x77, 0x69, 0x73, 0x65, 0x5f, 0x63, 0x6f, 0x6e, 0x76, 0x31,
  0x64, 0x5f, 0x32, 0x35, 0x35, 0x2f, 0x64, 0x65, 0x70, 0x74, 0x68, 0x77,
  0x69, 0x73, 0x65, 0x00, 0x04, 0x00, 0x00, 0x00, 0x01, 0x00, 0x00, 0x00,
  0x01, 0x00, 0x00, 0x00, 0xb8, 0x0b, 0x00, 0x00, 0x01, 0x00, 0x00, 0x00,
  0xfc, 0xe9, 0xff, 0xff, 0x18, 0x00, 0x00, 0x00, 0x28, 0x00, 0x00, 0x00,
  0x44, 0x00, 0x00, 0x00, 0x24, 0x00, 0x00, 0x00, 0x00, 0x00, 0x00, 0x09,
  0x6c, 0x00, 0x00, 0x00, 0x04, 0x00, 0x00, 0x00, 0xff, 0xff, 0xff, 0xff,
  0x01, 0x00, 0x00, 0x00, 0x70, 0x17, 0x00, 0x00, 0x01, 0x00, 0x00, 0x00,
  0xec, 0xe9, 0xff, 0xff, 0x08, 0x00, 0x00, 0x00, 0x10, 0x00, 0x00, 0x00,
  0x01, 0x00, 0x00, 0x00, 0x80, 0xff, 0xff, 0xff, 0xff, 0xff, 0xff, 0xff,
  0x01, 0x00, 0x00, 0x00, 0x7f, 0x80, 0x80, 0x3b, 0x2e, 0x00, 0x00, 0x00,
  0x73, 0x65, 0x71, 0x75, 0x65, 0x6e, 0x74, 0x69, 0x61, 0x6c, 0x5f, 0x31,
  0x33, 0x39, 0x2f, 0x64, 0x65, 0x70, 0x74, 0x68, 0x77, 0x69, 0x73, 0x65,
  0x5f, 0x63, 0x6f, 0x6e, 0x76, 0x31, 0x64, 0x5f, 0x32, 0x35, 0x35, 0x2f,
  0x45, 0x78, 0x70, 0x61, 0x6e, 0x64, 0x44, 0x69, 0x6d, 0x73, 0x00, 0x00,
  0x04, 0x00, 0x00, 0x00, 0x01, 0x00, 0x00, 0x00, 0x01, 0x00, 0x00, 0x00,
  0x70, 0x17, 0x00, 0x00, 0x01, 0x00, 0x00, 0x00, 0xfe, 0xea, 0xff, 0xff,
  0x14, 0x00, 0x00, 0x00, 0x30, 0x00, 0x00, 0x00, 0x23, 0x00, 0x00, 0x00,
  0x00, 0x00, 0x00, 0x09, 0x48, 0x00, 0x00, 0x00, 0x6c, 0xea, 0xff, 0xff,
  0x08, 0x00, 0x00, 0x00, 0x10, 0x00, 0x00, 0x00, 0x01, 0x00, 0x00, 0x00,
  0x00, 0x00, 0x00, 0x00, 0x00, 0x00, 0x00, 0x00, 0x01, 0x00, 0x00, 0x00,
  0xb8, 0xd8, 0x21, 0x3b, 0x1f, 0x00, 0x00, 0x00, 0x73, 0x65, 0x71, 0x75,
  0x65, 0x6e, 0x74, 0x69, 0x61, 0x6c, 0x5f, 0x31, 0x33, 0x39, 0x2f, 0x64,
  0x65, 0x6e, 0x73, 0x65, 0x5f, 0x32, 0x34, 0x33, 0x2f, 0x4d, 0x61, 0x74,
  0x4d, 0x75, 0x6c, 0x00, 0x02, 0x00, 0x00, 0x00, 0x04, 0x00, 0x00, 0x00,
  0x38, 0x00, 0x00, 0x00, 0x66, 0xeb, 0xff, 0xff, 0x14, 0x00, 0x00, 0x00,
  0x30, 0x00, 0x00, 0x00, 0x22, 0x00, 0x00, 0x00, 0x00, 0x00, 0x00, 0x09,
  0x48, 0x00, 0x00, 0x00, 0xd4, 0xea, 0xff, 0xff, 0x08, 0x00, 0x00, 0x00,
  0x10, 0x00, 0x00, 0x00, 0x01, 0x00, 0x00, 0x00, 0x00, 0x00, 0x00, 0x00,
  0x00, 0x00, 0x00, 0x00, 0x01, 0x00, 0x00, 0x00, 0x7e, 0xbf, 0xe6, 0x3a,
  0x1f, 0x00, 0x00, 0x00, 0x73, 0x65, 0x71, 0x75, 0x65, 0x6e, 0x74, 0x69,
  0x61, 0x6c, 0x5f, 0x31, 0x33, 0x39, 0x2f, 0x64, 0x65, 0x6e, 0x73, 0x65,
  0x5f, 0x32, 0x34, 0x32, 0x2f, 0x4d, 0x61, 0x74, 0x4d, 0x75, 0x6c, 0x00,
  0x02, 0x00, 0x00, 0x00, 0x38, 0x00, 0x00, 0x00, 0x40, 0x00, 0x00, 0x00,
  0xce, 0xeb, 0xff, 0xff, 0x14, 0x00, 0x00, 0x00, 0x30, 0x00, 0x00, 0x00,
  0x21, 0x00, 0x00, 0x00, 0x00, 0x00, 0x00, 0x09, 0x48, 0x00, 0x00, 0x00,
  0x3c, 0xeb, 0xff, 0xff, 0x08, 0x00, 0x00, 0x00, 0x10, 0x00, 0x00, 0x00,
  0x01, 0x00, 0x00, 0x00, 0x00, 0x00, 0x00, 0x00, 0x00, 0x00, 0x00, 0x00,
  0x01, 0x00, 0x00, 0x00, 0xa3, 0x82, 0x0b, 0x3b, 0x1f, 0x00, 0x00, 0x00,
  0x73, 0x65, 0x71, 0x75, 0x65, 0x6e, 0x74, 0x69, 0x61, 0x6c, 0x5f, 0x31,
  0x33, 0x39, 0x2f, 0x64, 0x65, 0x6e, 0x73, 0x65, 0x5f, 0x32, 0x34, 0x31,
  0x2f, 0x4d, 0x61, 0x74, 0x4d, 0x75, 0x6c, 0x00, 0x02, 0x00, 0x00, 0x00,
  0x40, 0x00, 0x00, 0x00, 0x12, 0x00, 0x00, 0x00, 0x36, 0xec, 0xff, 0xff,
  0x14, 0x00, 0x00, 0x00, 0x00, 0x01, 0x00, 0x00, 0x20, 0x00, 0x00, 0x00,
  0x00, 0x00, 0x00, 0x02, 0x1c, 0x01, 0x00, 0x00, 0xa4, 0xeb, 0xff, 0xff,
  0x08, 0x00, 0x00, 0x00, 0x9c, 0x00, 0x00, 0x00, 0x12, 0x00, 0x00, 0x00,
  0x00, 0x00, 0x00, 0x00, 0x00, 0x00, 0x00, 0x00, 0x00, 0x00, 0x00, 0x00,
  0x00, 0x00, 0x00, 0x00, 0x00, 0x00, 0x00, 0x00, 0x00, 0x00, 0x00, 0x00,
  0x00, 0x00, 0x00, 0x00, 0x00, 0x00, 0x00, 0x00, 0x00, 0x00, 0x00, 0x00,
  0x00, 0x00, 0x00, 0x00, 0x00, 0x00, 0x00, 0x00, 0x00, 0x00, 0x00, 0x00,
  0x00, 0x00, 0x00, 0x00, 0x00, 0x00, 0x00, 0x00, 0x00, 0x00, 0x00, 0x00,
  0x00, 0x00, 0x00, 0x00, 0x00, 0x00, 0x00, 0x00, 0x00, 0x00, 0x00, 0x00,
  0x00, 0x00, 0x00, 0x00, 0x00, 0x00, 0x00, 0x00, 0x00, 0x00, 0x00, 0x00,
  0x00, 0x00, 0x00, 0x00, 0x00, 0x00, 0x00, 0x00, 0x00, 0x00, 0x00, 0x00,
  0x00, 0x00, 0x00, 0x00, 0x00, 0x00, 0x00, 0x00, 0x00, 0x00, 0x00, 0x00,
  0x00, 0x00, 0x00, 0x00, 0x00, 0x00, 0x00, 0x00, 0x00, 0x00, 0x00, 0x00,
  0x00, 0x00, 0x00, 0x00, 0x00, 0x00, 0x00, 0x00, 0x00, 0x00, 0x00, 0x00,
  0x00, 0x00, 0x00, 0x00, 0x00, 0x00, 0x00, 0x00, 0x00, 0x00, 0x00, 0x00,
  0x00, 0x00, 0x00, 0x00, 0x12, 0x00, 0x00, 0x00, 0x39, 0xe2, 0xaa, 0x35,
  0xa9, 0xea, 0xae, 0x35, 0x64, 0x24, 0xa6, 0x35, 0x8e, 0x9e, 0x9d, 0x35,
  0xf5, 0x00, 0xac, 0x35, 0xc1, 0x88, 0xac, 0x35, 0x62, 0xaf, 0xa9, 0x35,
  0x5c, 0x84, 0xaf, 0x35, 0xe4, 0x25, 0xa7, 0x35, 0x5f, 0x6a, 0xaf, 0x35,
  0x18, 0xa7, 0x9a, 0x35, 0x6f, 0xf7, 0xac, 0x35, 0x82, 0xd9, 0xa1, 0x35,
  0x7c, 0x50, 0xaa, 0x35, 0x9c, 0x52, 0xaf, 0x35, 0x9c, 0xf8, 0xae, 0x35,
  0x3f, 0x5b, 0xaf, 0x35, 0x5a, 0xa9, 0xac, 0x35, 0x20, 0x00, 0x00, 0x00,
  0x73, 0x65, 0x71, 0x75, 0x65, 0x6e, 0x74, 0x69, 0x61, 0x6c, 0x5f, 0x31,
  0x33, 0x39, 0x2f, 0x63, 0x6f, 0x6e, 0x76, 0x31, 0x64, 0x5f, 0x31, 0x39,
  0x33, 0x2f, 0x43, 0x6f, 0x6e, 0x76, 0x31, 0x44, 0x00, 0x00, 0x00, 0x00,
  0x01, 0x00, 0x00, 0x00, 0x12, 0x00, 0x00, 0x00, 0x6e, 0xed, 0xff, 0xff,
  0x14, 0x00, 0x00, 0x00, 0x00, 0x01, 0x00, 0x00, 0x1f, 0x00, 0x00, 0x00,
  0x00, 0x00, 0x00, 0x09, 0x1c, 0x01, 0x00, 0x00, 0xdc, 0xec, 0xff, 0xff,
  0x08, 0x00, 0x00, 0x00, 0x9c, 0x00, 0x00, 0x00, 0x12, 0x00, 0x00, 0x00,
  0x00, 0x00, 0x00, 0x00, 0x00, 0x00, 0x00, 0x00, 0x00, 0x00, 0x00, 0x00,
  0x00, 0x00, 0x00, 0x00, 0x00, 0x00, 0x00, 0x00, 0x00, 0x00, 0x00, 0x00,
  0x00, 0x00, 0x00, 0x00, 0x00, 0x00, 0x00, 0x00, 0x00, 0x00, 0x00, 0x00,
  0x00, 0x00, 0x00, 0x00, 0x00, 0x00, 0x00, 0x00, 0x00, 0x00, 0x00, 0x00,
  0x00, 0x00, 0x00, 0x00, 0x00, 0x00, 0x00, 0x00, 0x00, 0x00, 0x00, 0x00,
  0x00, 0x00, 0x00, 0x00, 0x00, 0x00, 0x00, 0x00, 0x00, 0x00, 0x00, 0x00,
  0x00, 0x00, 0x00, 0x00, 0x00, 0x00, 0x00, 0x00, 0x00, 0x00, 0x00, 0x00,
  0x00, 0x00, 0x00, 0x00, 0x00, 0x00, 0x00, 0x00, 0x00, 0x00, 0x00, 0x00,
  0x00, 0x00, 0x00, 0x00, 0x00, 0x00, 0x00, 0x00, 0x00, 0x00, 0x00, 0x00,
  0x00, 0x00, 0x00, 0x00, 0x00, 0x00, 0x00, 0x00, 0x00, 0x00, 0x00, 0x00,
  0x00, 0x00, 0x00, 0x00, 0x00, 0x00, 0x00, 0x00, 0x00, 0x00, 0x00, 0x00,
  0x00, 0x00, 0x00, 0x00, 0x00, 0x00, 0x00, 0x00, 0x00, 0x00, 0x00, 0x00,
  0x00, 0x00, 0x00, 0x00, 0x12, 0x00, 0x00, 0x00, 0x87, 0xac, 0xea, 0x3a,
  0x60, 0x36, 0xf0, 0x3a, 0x94, 0x29, 0xe4, 0x3a, 0x45, 0x75, 0xd8, 0x3a,
  0x4d, 0x36, 0xec, 0x3a, 0xca, 0xf0, 0xec, 0x3a, 0x26, 0x07, 0xe9, 0x3a,
  0x73, 0x09, 0xf1, 0x3a, 0x34, 0x8b, 0xe5, 0x3a, 0xc2, 0xe5, 0xf0, 0x3a,
  0x4f, 0x62, 0xd4, 0x3a, 0xca, 0x88, 0xed, 0x3a, 0x7c, 0x44, 0xde, 0x3a,
  0x63, 0xe4, 0xe9, 0x3a, 0x20, 0xc5, 0xf0, 0x3a, 0x88, 0x49, 0xf0, 0x3a,
  0xfc, 0xd0, 0xf0, 0x3a, 0x8e, 0x1d, 0xed, 0x3a, 0x21, 0x00, 0x00, 0x00,
  0x73, 0x65, 0x71, 0x75, 0x65, 0x6e, 0x74, 0x69, 0x61, 0x6c, 0x5f, 0x31,
  0x33, 0x39, 0x2f, 0x63, 0x6f, 0x6e, 0x76, 0x31, 0x64, 0x5f, 0x31, 0x39,
  0x33, 0x2f, 0x43, 0x6f, 0x6e, 0x76, 0x31, 0x44, 0x31, 0x00, 0x00, 0x00,
  0x04, 0x00, 0x00, 0x00, 0x12, 0x00, 0x00, 0x00, 0x01, 0x00, 0x00, 0x00,
  0x05, 0x00, 0x00, 0x00, 0x04, 0x00, 0x00, 0x00, 0xb2, 0xee, 0xff, 0xff,
  0x14, 0x00, 0x00, 0x00, 0x5c, 0x00, 0x00, 0x00, 0x1e, 0x00, 0x00, 0x00,
  0x00, 0x00, 0x00, 0x09, 0x48, 0x01, 0x00, 0x00, 0x62, 0xf3, 0xff, 0xff,
  0x03, 0x00, 0x00, 0x00, 0x08, 0x00, 0x00, 0x00, 0x2c, 0x00, 0x00, 0x00,
  0x04, 0x00, 0x00, 0x00, 0x00, 0x00, 0x00, 0x00, 0x00, 0x00, 0x00, 0x00,
  0x00, 0x00, 0x00, 0x00, 0x00, 0x00, 0x00, 0x00, 0x00, 0x00, 0x00, 0x00,
  0x00, 0x00, 0x00, 0x00, 0x00, 0x00, 0x00, 0x00, 0x00, 0x00, 0x00, 0x00,
  0x00, 0x00, 0x00, 0x00, 0x04, 0x00, 0x00, 0x00, 0x38, 0x2f, 0x75, 0x3b,
  0x46, 0xca, 0xea, 0x3a, 0xe3, 0xda, 0x8a, 0x3b, 0x97, 0x76, 0x2d, 0x3b,
  0xf3, 0x00, 0x00, 0x00, 0x73, 0x65, 0x71, 0x75, 0x65, 0x6e, 0x74, 0x69,
  0x61, 0x6c, 0x5f, 0x31, 0x33, 0x39, 0x2f, 0x62, 0x61, 0x74, 0x63, 0x68,
  0x5f, 0x6e, 0x6f, 0x72, 0x6d, 0x61, 0x6c, 0x69, 0x7a, 0x61, 0x74, 0x69,
  0x6f, 0x6e, 0x5f, 0x31, 0x38, 0x36, 0x2f, 0x62, 0x61, 0x74, 0x63, 0x68,
  0x6e, 0x6f, 0x72, 0x6d, 0x2f, 0x6d, 0x75, 0x6c, 0x5f, 0x31, 0x3b, 0x73,
  0x65, 0x71, 0x75, 0x65, 0x6e, 0x74, 0x69, 0x61, 0x6c, 0x5f, 0x31, 0x33,
  0x39, 0x2f, 0x64, 0x65, 0x70, 0x74, 0x68, 0x77, 0x69, 0x73, 0x65, 0x5f,
  0x63, 0x6f, 0x6e, 0x76, 0x31, 0x64, 0x5f, 0x32, 0x36, 0x30, 0x2f, 0x53,
  0x71, 0x75, 0x65, 0x65, 0x7a, 0x65, 0x3b, 0x73, 0x65, 0x71, 0x75, 0x65,
  0x6e, 0x74, 0x69, 0x61, 0x6c, 0x5f, 0x31, 0x33, 0x39, 0x2f, 0x62, 0x61,
  0x74, 0x63, 0x68, 0x5f, 0x6e, 0x6f, 0x72, 0x6d, 0x61, 0x6c, 0x69, 0x7a,
  0x61, 0x74, 0x69, 0x6f, 0x6e, 0x5f, 0x31, 0x38, 0x34, 0x2f, 0x62, 0x61,
  0x74, 0x63, 0x68, 0x6e, 0x6f, 0x72, 0x6d, 0x2f, 0x52, 0x73, 0x71, 0x72,
  0x74, 0x3b, 0x73, 0x65, 0x71, 0x75, 0x65, 0x6e, 0x74, 0x69, 0x61, 0x6c,
  0x5f, 0x31, 0x33, 0x39, 0x2f, 0x64, 0x65, 0x70, 0x74, 0x68, 0x77, 0x69,
  0x73, 0x65, 0x5f, 0x63, 0x6f, 0x6e, 0x76, 0x31, 0x64, 0x5f, 0x32, 0x36,
  0x30, 0x2f, 0x64, 0x65, 0x70, 0x74, 0x68, 0x77, 0x69, 0x73, 0x65, 0x3b,
  0x73, 0x65, 0x71, 0x75, 0x65, 0x6e, 0x74, 0x69, 0x61, 0x6c, 0x5f, 0x31,
  0x33, 0x39, 0x2f, 0x64, 0x65, 0x70, 0x74, 0x68, 0x77, 0x69, 0x73, 0x65,
  0x5f, 0x63, 0x6f, 0x6e, 0x76, 0x31, 0x64, 0x5f, 0x32, 0x36, 0x30, 0x2f,
  0x42, 0x69, 0x61, 0x73, 0x41, 0x64, 0x64, 0x00, 0x04, 0x00, 0x00, 0x00,
  0x01, 0x00, 0x00, 0x00, 0x01, 0x00, 0x00, 0x00, 0x04, 0x00, 0x00, 0x00,
  0x04, 0x00, 0x00, 0x00, 0x22, 0xf0, 0xff, 0xff, 0x14, 0x00, 0x00, 0x00,
  0x58, 0x00, 0x00, 0x00, 0x1d, 0x00, 0x00, 0x00, 0x00, 0x00, 0x00, 0x09,
  0xa0, 0x01, 0x00, 0x00, 0xd2, 0xf4, 0xff, 0xff, 0x03, 0x00, 0x00, 0x00,
  0x08, 0x00, 0x00, 0x00, 0x28, 0x00, 0x00, 0x00, 0x04, 0x00, 0x00, 0x00,
  0x00, 0x00, 0x00, 0x00, 0x00, 0x00, 0x00, 0x00, 0x00, 0x00, 0x00, 0x00,
  0x00, 0x00, 0x00, 0x00, 0x00, 0x00, 0x00, 0x00, 0x00, 0x00, 0x00, 0x00,
  0x00, 0x00, 0x00, 0x00, 0x00, 0x00, 0x00, 0x00, 0x04, 0x00, 0x00, 0x00,
  0xd2, 0xe5, 0x94, 0x3b, 0x48, 0x74, 0xa3, 0x3b, 0x42, 0x3e, 0xad, 0x3b,
  0xd1, 0x5e, 0xa1, 0x3b, 0x4d, 0x01, 0x00, 0x00, 0x73, 0x65, 0x71, 0x75,
  0x65, 0x6e, 0x74, 0x69, 0x61, 0x6c, 0x5f, 0x31, 0x33, 0x39, 0x2f, 0x62,
  0x61, 0x74, 0x63, 0x68, 0x5f, 0x6e, 0x6f, 0x72, 0x6d, 0x61, 0x6c, 0x69,
  0x7a, 0x61, 0x74, 0x69, 0x6f, 0x6e, 0x5f, 0x31, 0x38, 0x35, 0x2f, 0x62,
  0x61, 0x74, 0x63, 0x68, 0x6e, 0x6f, 0x72, 0x6d, 0x2f, 0x6d, 0x75, 0x6c,
  0x5f, 0x31, 0x3b, 0x73, 0x65, 0x71, 0x75, 0x65, 0x6e, 0x74, 0x69, 0x61,
  0x6c, 0x5f, 0x31, 0x33, 0x39, 0x2f, 0x64, 0x65, 0x70, 0x74, 0x68, 0x77,
  0x69, 0x73, 0x65, 0x5f, 0x63, 0x6f, 0x6e, 0x76, 0x31, 0x64, 0x5f, 0x32,
  0x35, 0x39, 0x2f, 0x53, 0x71, 0x75, 0x65, 0x65, 0x7a, 0x65, 0x3b, 0x73,
  0x65, 0x71, 0x75, 0x65, 0x6e, 0x74, 0x69, 0x61, 0x6c, 0x5f, 0x31, 0x33,
  0x39, 0x2f, 0x62, 0x61, 0x74, 0x63, 0x68, 0x5f, 0x6e, 0x6f, 0x72, 0x6d,
  0x61, 0x6c, 0x69, 0x7a, 0x61, 0x74, 0x69, 0x6f, 0x6e, 0x5f, 0x31, 0x38,
  0x34, 0x2f, 0x62, 0x61, 0x74, 0x63, 0x68, 0x6e, 0x6f, 0x72, 0x6d, 0x2f,
  0x52, 0x73, 0x71, 0x72, 0x74, 0x3b, 0x73, 0x65, 0x71, 0x75, 0x65, 0x6e,
  0x74, 0x69, 0x61, 0x6c, 0x5f, 0x31, 0x33, 0x39, 0x2f, 0x64, 0x65, 0x70,
  0x74, 0x68, 0x77, 0x69, 0x73, 0x65, 0x5f, 0x63, 0x6f, 0x6e, 0x76, 0x31,
  0x64, 0x5f, 0x32, 0x35, 0x39, 0x2f, 0x64, 0x65, 0x70, 0x74, 0x68, 0x77,
  0x69, 0x73, 0x65, 0x3b, 0x73, 0x65, 0x71, 0x75, 0x65, 0x6e, 0x74, 0x69,
  0x61, 0x6c, 0x5f, 0x31, 0x33, 0x39, 0x2f, 0x64, 0x65, 0x70, 0x74, 0x68,
  0x77, 0x69, 0x73, 0x65, 0x5f, 0x63, 0x6f, 0x6e, 0x76, 0x31, 0x64, 0x5f,
  0x32, 0x36, 0x30, 0x2f, 0x42, 0x69, 0x61, 0x73, 0x41, 0x64, 0x64, 0x3b,
  0x73, 0x65, 0x71, 0x75, 0x65, 0x6e, 0x74, 0x69, 0x61, 0x6c, 0x5f, 0x31,
  0x33, 0x39, 0x2f, 0x64, 0x65, 0x70, 0x74, 0x68, 0x77, 0x69, 0x73, 0x65,
  0x5f, 0x63, 0x6f, 0x6e, 0x76, 0x31, 0x64, 0x5f, 0x32, 0x36, 0x30, 0x2f,
  0x64, 0x65, 0x70, 0x74, 0x68, 0x77, 0x69, 0x73, 0x65, 0x3b, 0x73, 0x65,
  0x71, 0x75, 0x65, 0x6e, 0x74, 0x69, 0x61, 0x6c, 0x5f, 0x31, 0x33, 0x39,
  0x2f, 0x64, 0x65, 0x70, 0x74, 0x68, 0x77, 0x69, 0x73, 0x65, 0x5f, 0x63,
  0x6f, 0x6e, 0x76, 0x31, 0x64, 0x5f, 0x32, 0x35, 0x39, 0x2f, 0x42, 0x69,
  0x61, 0x73, 0x41, 0x64, 0x64, 0x00, 0x00, 0x00, 0x04, 0x00, 0x00, 0x00,
  0x01, 0x00, 0x00, 0x00, 0x01, 0x00, 0x00, 0x00, 0x02, 0x00, 0x00, 0x00,
  0x04, 0x00, 0x00, 0x00, 0xea, 0xf1, 0xff, 0xff, 0x14, 0x00, 0x00, 0x00,
  0x5c, 0x00, 0x00, 0x00, 0x1c, 0x00, 0x00, 0x00, 0x00, 0x00, 0x00, 0x09,
  0x84, 0x00, 0x00, 0x00, 0x9a, 0xf6, 0xff, 0xff, 0x03, 0x00, 0x00, 0x00,
  0x08, 0x00, 0x00, 0x00, 0x2c, 0x00, 0x00, 0x00, 0x04, 0x00, 0x00, 0x00,
  0x00, 0x00, 0x00, 0x00, 0x00, 0x00, 0x00, 0x00, 0x00, 0x00, 0x00, 0x00,
  0x00, 0x00, 0x00, 0x00, 0x00, 0x00, 0x00, 0x00, 0x00, 0x00, 0x00, 0x00,
  0x00, 0x00, 0x00, 0x00, 0x00, 0x00, 0x00, 0x00, 0x00, 0x00, 0x00, 0x00,
  0x04, 0x00, 0x00, 0x00, 0x49, 0x28, 0xea, 0x3a, 0xf4, 0x05, 0xe5, 0x3b,
  0xec, 0xd5, 0x18, 0x3b, 0x36, 0x1b, 0x81, 0x39, 0x2d, 0x00, 0x00, 0x00,
  0x73, 0x65, 0x71, 0x75, 0x65, 0x6e, 0x74, 0x69, 0x61, 0x6c, 0x5f, 0x31,
  0x33, 0x39, 0x2f, 0x64, 0x65, 0x70, 0x74, 0x68, 0x77, 0x69, 0x73, 0x65,
  0x5f, 0x63, 0x6f, 0x6e, 0x76, 0x31, 0x64, 0x5f, 0x32, 0x35, 0x38, 0x2f,
  0x64, 0x65, 0x70, 0x74, 0x68, 0x77, 0x69, 0x73, 0x65, 0x00, 0x00, 0x00,
  0x04, 0x00, 0x00, 0x00, 0x01, 0x00, 0x00, 0x00, 0x01, 0x00, 0x00, 0x00,
  0x01, 0x00, 0x00, 0x00, 0x04, 0x00, 0x00, 0x00, 0x96, 0xf2, 0xff, 0xff,
  0x14, 0x00, 0x00, 0x00, 0x58, 0x00, 0x00, 0x00, 0x18, 0x00, 0x00, 0x00,
  0x00, 0x00, 0x00, 0x02, 0xac, 0x00, 0x00, 0x00, 0x04, 0xf2, 0xff, 0xff,
  0x08, 0x00, 0x00, 0x00, 0x2c, 0x00, 0x00, 0x00, 0x04, 0x00, 0x00, 0x00,
  0x00, 0x00, 0x00, 0x00, 0x00, 0x00, 0x00, 0x00, 0x00, 0x00, 0x00, 0x00,
  0x00, 0x00, 0x00, 0x00, 0x00, 0x00, 0x00, 0x00, 0x00, 0x00, 0x00, 0x00,
  0x00, 0x00, 0x00, 0x00, 0x00, 0x00, 0x00, 0x00, 0x00, 0x00, 0x00, 0x00,
  0x04, 0x00, 0x00, 0x00, 0xdc, 0x88, 0x0c, 0x37, 0xa9, 0x93, 0x86, 0x36,
  0x78, 0x2d, 0x1f, 0x37, 0xdc, 0xd9, 0xc6, 0x36, 0x5a, 0x00, 0x00, 0x00,
  0x73, 0x65, 0x71, 0x75, 0x65, 0x6e, 0x74, 0x69, 0x61, 0x6c, 0x5f, 0x31,
  0x33, 0x39, 0x2f, 0x64, 0x65, 0x70, 0x74, 0x68, 0x77, 0x69, 0x73, 0x65,
  0x5f, 0x63, 0x6f, 0x6e, 0x76, 0x31, 0x64, 0x5f, 0x32, 0x36, 0x30, 0x2f,
  0x42, 0x69, 0x61, 0x73, 0x41, 0x64, 0x64, 0x3b, 0x73, 0x65, 0x71, 0x75,
  0x65, 0x6e, 0x74, 0x69, 0x61, 0x6c, 0x5f, 0x31, 0x33, 0x39, 0x2f, 0x64,
  0x65, 0x70, 0x74, 0x68, 0x77, 0x69, 0x73, 0x65, 0x5f, 0x63, 0x6f, 0x6e,
  0x76, 0x31, 0x64, 0x5f, 0x32, 0x36, 0x30, 0x2f, 0x64, 0x65, 0x70, 0x74,
  0x68, 0x77, 0x69, 0x73, 0x65, 0x33, 0x00, 0x00, 0x01, 0x00, 0x00, 0x00,
  0x04, 0x00, 0x00, 0x00, 0x5e, 0xf3, 0xff, 0xff, 0x14, 0x00, 0x00, 0x00,
  0x58, 0x00, 0x00, 0x00, 0x18, 0x00, 0x00, 0x00, 0x00, 0x00, 0x00, 0x02,
  0xac, 0x00, 0x00, 0x00, 0xcc, 0xf2, 0xff, 0xff, 0x08, 0x00, 0x00, 0x00,
  0x2c, 0x00, 0x00, 0x00, 0x04, 0x00, 0x00, 0x00, 0x00, 0x00, 0x00, 0x00,
  0x00, 0x00, 0x00, 0x00, 0x00, 0x00, 0x00, 0x00, 0x00, 0x00, 0x00, 0x00,
  0x00, 0x00, 0x00, 0x00, 0x00, 0x00, 0x00, 0x00, 0x00, 0x00, 0x00, 0x00,
  0x00, 0x00, 0x00, 0x00, 0x00, 0x00, 0x00, 0x00, 0x04, 0x00, 0x00, 0x00,
  0x5f, 0xc5, 0x80, 0x37, 0x1f, 0x5c, 0x8d, 0x37, 0x5c, 0xd3, 0x95, 0x37,
  0xc4, 0x8e, 0x8b, 0x37, 0x5a, 0x00, 0x00, 0x00, 0x73, 0x65, 0x71, 0x75,
  0x65, 0x6e, 0x74, 0x69, 0x61, 0x6c, 0x5f, 0x31, 0x33, 0x39, 0x2f, 0x64,
  0x65, 0x70, 0x74, 0x68, 0x77, 0x69, 0x73, 0x65, 0x5f, 0x63, 0x6f, 0x6e,
  0x76, 0x31, 0x64, 0x5f, 0x32, 0x36, 0x30, 0x2f, 0x42, 0x69, 0x61, 0x73,
  0x41, 0x64, 0x64, 0x3b, 0x73, 0x65, 0x71, 0x75, 0x65, 0x6e, 0x74, 0x69,
  0x61, 0x6c, 0x5f, 0x31, 0x33, 0x39, 0x2f, 0x64, 0x65, 0x70, 0x74, 0x68,
  0x77, 0x69, 0x73, 0x65, 0x5f, 0x63, 0x6f, 0x6e, 0x76, 0x31, 0x64, 0x5f,
  0x32, 0x36, 0x30, 0x2f, 0x64, 0x65, 0x70, 0x74, 0x68, 0x77, 0x69, 0x73,
  0x65, 0x32, 0x00, 0x00, 0x01, 0x00, 0x00, 0x00, 0x04, 0x00, 0x00, 0x00,
  0x26, 0xf4, 0xff, 0xff, 0x14, 0x00, 0x00, 0x00, 0x58, 0x00, 0x00, 0x00,
  0x18, 0x00, 0x00, 0x00, 0x00, 0x00, 0x00, 0x02, 0xac, 0x00, 0x00, 0x00,
  0x94, 0xf3, 0xff, 0xff, 0x08, 0x00, 0x00, 0x00, 0x2c, 0x00, 0x00, 0x00,
  0x04, 0x00, 0x00, 0x00, 0x00, 0x00, 0x00, 0x00, 0x00, 0x00, 0x00, 0x00,
  0x00, 0x00, 0x00, 0x00, 0x00, 0x00, 0x00, 0x00, 0x00, 0x00, 0x00, 0x00,
  0x00, 0x00, 0x00, 0x00, 0x00, 0x00, 0x00, 0x00, 0x00, 0x00, 0x00, 0x00,
  0x00, 0x00, 0x00, 0x00, 0x04, 0x00, 0x00, 0x00, 0xb6, 0x80, 0x03, 0x38,
  0x95, 0x9e, 0x00, 0x39, 0x3d, 0xaa, 0x2b, 0x38, 0x1f, 0x03, 0x91, 0x36,
  0x5a, 0x00, 0x00, 0x00, 0x73, 0x65, 0x71, 0x75, 0x65, 0x6e, 0x74, 0x69,
  0x61, 0x6c, 0x5f, 0x31, 0x33, 0x39, 0x2f, 0x64, 0x65, 0x70, 0x74, 0x68,
  0x77, 0x69, 0x73, 0x65, 0x5f, 0x63, 0x6f, 0x6e, 0x76, 0x31, 0x64, 0x5f,
  0x32, 0x36, 0x30, 0x2f, 0x42, 0x69, 0x61, 0x73, 0x41, 0x64, 0x64, 0x3b,
  0x73, 0x65, 0x71, 0x75, 0x65, 0x6e, 0x74, 0x69, 0x61, 0x6c, 0x5f, 0x31,
  0x33, 0x39, 0x2f, 0x64, 0x65, 0x70, 0x74, 0x68, 0x77, 0x69, 0x73, 0x65,
  0x5f, 0x63, 0x6f, 0x6e, 0x76, 0x31, 0x64, 0x5f, 0x32, 0x36, 0x30, 0x2f,
  0x64, 0x65, 0x70, 0x74, 0x68, 0x77, 0x69, 0x73, 0x65, 0x31, 0x00, 0x00,
  0x01, 0x00, 0x00, 0x00, 0x04, 0x00, 0x00, 0x00, 0xee, 0xf4, 0xff, 0xff,
  0x14, 0x00, 0x00, 0x00, 0x58, 0x00, 0x00, 0x00, 0x18, 0x00, 0x00, 0x00,
  0x00, 0x00, 0x00, 0x02, 0xac, 0x00, 0x00, 0x00, 0x5c, 0xf4, 0xff, 0xff,
  0x08, 0x00, 0x00, 0x00, 0x2c, 0x00, 0x00, 0x00, 0x04, 0x00, 0x00, 0x00,
  0x00, 0x00, 0x00, 0x00, 0x00, 0x00, 0x00, 0x00, 0x00, 0x00, 0x00, 0x00,
  0x00, 0x00, 0x00, 0x00, 0x00, 0x00, 0x00, 0x00, 0x00, 0x00, 0x00, 0x00,
  0x00, 0x00, 0x00, 0x00, 0x00, 0x00, 0x00, 0x00, 0x00, 0x00, 0x00, 0x00,
  0x04, 0x00, 0x00, 0x00, 0xb6, 0x48, 0xdf, 0x38, 0xdd, 0x09, 0x05, 0x38,
  0x2e, 0x06, 0x12, 0x38, 0xb6, 0x39, 0x4d, 0x38, 0x59, 0x00, 0x00, 0x00,
  0x73, 0x65, 0x71, 0x75, 0x65, 0x6e, 0x74, 0x69, 0x61, 0x6c, 0x5f, 0x31,
  0x33, 0x39, 0x2f, 0x64, 0x65, 0x70, 0x74, 0x68, 0x77, 0x69, 0x73, 0x65,
  0x5f, 0x63, 0x6f, 0x6e, 0x76, 0x31, 0x64, 0x5f, 0x32, 0x36, 0x30, 0x2f,
  0x42, 0x69, 0x61, 0x73, 0x41, 0x64, 0x64, 0x3b, 0x73, 0x65, 0x71, 0x75,
  0x65, 0x6e, 0x74, 0x69, 0x61, 0x6c, 0x5f, 0x31, 0x33, 0x39, 0x2f, 0x64,
  0x65, 0x70, 0x74, 0x68, 0x77, 0x69, 0x73, 0x65, 0x5f, 0x63, 0x6f, 0x6e,
  0x76, 0x31, 0x64, 0x5f, 0x32, 0x36, 0x30, 0x2f, 0x64, 0x65, 0x70, 0x74,
  0x68, 0x77, 0x69, 0x73, 0x65, 0x00, 0x00, 0x00, 0x01, 0x00, 0x00, 0x00,
  0x04, 0x00, 0x00, 0x00, 0xb6, 0xf5, 0xff, 0xff, 0x14, 0x00, 0x00, 0x00,
  0x58, 0x00, 0x00, 0x00, 0x17, 0x00, 0x00, 0x00, 0x00, 0x00, 0x00, 0x09,
  0x84, 0x01, 0x00, 0x00, 0x24, 0xf5, 0xff, 0xff, 0x08, 0x00, 0x00, 0x00,
  0x2c, 0x00, 0x00, 0x00, 0x04, 0x00, 0x00, 0x00, 0x00, 0x00, 0x00, 0x00,
  0x00, 0x00, 0x00, 0x00, 0x00, 0x00, 0x00, 0x00, 0x00, 0x00, 0x00, 0x00,
  0x00, 0x00, 0x00, 0x00, 0x00, 0x00, 0x00, 0x00, 0x00, 0x00, 0x00, 0x00,
  0x00, 0x00, 0x00, 0x00, 0x00, 0x00, 0x00, 0x00, 0x04, 0x00, 0x00, 0x00,
  0x17, 0x82, 0xd7, 0x3b, 0xcc, 0x67, 0x00, 0x3b, 0x58, 0xf0, 0x0c, 0x3b,
  0x16, 0x14, 0x46, 0x3b, 0x33, 0x01, 0x00, 0x00, 0x73, 0x65, 0x71, 0x75,
  0x65, 0x6e, 0x74, 0x69, 0x61, 0x6c, 0x5f, 0x31, 0x33, 0x39, 0x2f, 0x62,
  0x61, 0x74, 0x63, 0x68, 0x5f, 0x6e, 0x6f, 0x72, 0x6d, 0x61, 0x6c, 0x69,
  0x7a, 0x61, 0x74, 0x69, 0x6f, 0x6e, 0x5f, 0x31, 0x38, 0x34, 0x2f, 0x62,
  0x61, 0x74, 0x63, 0x68, 0x6e, 0x6f, 0x72, 0x6d, 0x2f, 0x6d, 0x75, 0x6c,
  0x5f, 0x31, 0x3b, 0x73, 0x65, 0x71, 0x75, 0x65, 0x6e, 0x74, 0x69, 0x61,
  0x6c, 0x5f, 0x31, 0x33, 0x39, 0x2f, 0x63, 0x6f, 0x6e, 0x76, 0x31, 0x64,
  0x5f, 0x31, 0x39, 0x32, 0x2f, 0x43, 0x6f, 0x6e, 0x76, 0x31, 0x44, 0x2f,
  0x53, 0x71, 0x75, 0x65, 0x65, 0x7a, 0x65, 0x3b, 0x73, 0x65, 0x71, 0x75,
  0x65, 0x6e, 0x74, 0x69, 0x61, 0x6c, 0x5f, 0x31, 0x33, 0x39, 0x2f, 0x63,
  0x6f, 0x6e, 0x76, 0x31, 0x64, 0x5f, 0x31, 0x39, 0x32, 0x2f, 0x42, 0x69,
  0x61, 0x73, 0x41, 0x64, 0x64, 0x3b, 0x73, 0x65, 0x71, 0x75, 0x65, 0x6e,
  0x74, 0x69, 0x61, 0x6c, 0x5f, 0x31, 0x33, 0x39, 0x2f, 0x64, 0x65, 0x70,
  0x74, 0x68, 0x77, 0x69, 0x73, 0x65, 0x5f, 0x63, 0x6f, 0x6e, 0x76, 0x31,
  0x64, 0x5f, 0x32, 0x36, 0x30, 0x2f, 0x64, 0x65, 0x70, 0x74, 0x68, 0x77,
  0x69, 0x73, 0x65, 0x3b, 0x73, 0x65, 0x71, 0x75, 0x65, 0x6e, 0x74, 0x69,
  0x61, 0x6c, 0x5f, 0x31, 0x33, 0x39, 0x2f, 0x62, 0x61, 0x74, 0x63, 0x68,
  0x5f, 0x6e, 0x6f, 0x72, 0x6d, 0x61, 0x6c, 0x69, 0x7a, 0x61, 0x74, 0x69,
  0x6f, 0x6e, 0x5f, 0x31, 0x38, 0x34, 0x2f, 0x62, 0x61, 0x74, 0x63, 0x68,
  0x6e, 0x6f, 0x72, 0x6d, 0x2f, 0x52, 0x73, 0x71, 0x72, 0x74, 0x3b, 0x73,
  0x65, 0x71, 0x75, 0x65, 0x6e, 0x74, 0x69, 0x61, 0x6c, 0x5f, 0x31, 0x33,
  0x39, 0x2f, 0x63, 0x6f, 0x6e, 0x76, 0x31, 0x64, 0x5f, 0x31, 0x39, 0x32,
  0x2f, 0x43, 0x6f, 0x6e, 0x76, 0x31, 0x44, 0x3b, 0x73, 0x65, 0x71, 0x75,
  0x65, 0x6e, 0x74, 0x69, 0x61, 0x6c, 0x5f, 0x31, 0x33, 0x39, 0x2f, 0x64,
  0x65, 0x70, 0x74, 0x68, 0x77, 0x69, 0x73, 0x65, 0x5f, 0x63, 0x6f, 0x6e,
  0x76, 0x31, 0x64, 0x5f, 0x32, 0x36, 0x30, 0x2f, 0x42, 0x69, 0x61, 0x73,
  0x41, 0x64, 0x64, 0x00, 0x04, 0x00, 0x00, 0x00, 0x04, 0x00, 0x00, 0x00,
  0x01, 0x00, 0x00, 0x00, 0x01, 0x00, 0x00, 0x00, 0x01, 0x00, 0x00, 0x00,
  0x62, 0xf7, 0xff, 0xff, 0x14, 0x00, 0x00, 0x00, 0x38, 0x00, 0x00, 0x00,
  0x16, 0x00, 0x00, 0x00, 0x00, 0x00, 0x00, 0x09, 0x60, 0x00, 0x00, 0x00,
  0x12, 0xfc, 0xff, 0xff, 0x03, 0x00, 0x00, 0x00, 0x08, 0x00, 0x00, 0x00,
  0x14, 0x00, 0x00, 0x00, 0x01, 0x00, 0x00, 0x00, 0x00, 0x00, 0x00, 0x00,
  0x00, 0x00, 0x00, 0x00, 0x00, 0x00, 0x00, 0x00, 0x01, 0x00, 0x00, 0x00,
  0x7c, 0x07, 0x9f, 0x3b, 0x2d, 0x00, 0x00, 0x00, 0x73, 0x65, 0x71, 0x75,
  0x65, 0x6e, 0x74, 0x69, 0x61, 0x6c, 0x5f, 0x31, 0x33, 0x39, 0x2f, 0x64,
  0x65, 0x70, 0x74, 0x68, 0x77, 0x69, 0x73, 0x65, 0x5f, 0x63, 0x6f, 0x6e,
  0x76, 0x31, 0x64, 0x5f, 0x32, 0x35, 0x37, 0x2f, 0x64, 0x65, 0x70, 0x74,
  0x68, 0x77, 0x69, 0x73, 0x65, 0x00, 0x00, 0x00, 0x04, 0x00, 0x00, 0x00,
  0x01, 0x00, 0x00, 0x00, 0x01, 0x00, 0x00, 0x00, 0x05, 0x00, 0x00, 0x00,
  0x01, 0x00, 0x00, 0x00, 0xea, 0xf7, 0xff, 0xff, 0x14, 0x00, 0x00, 0x00,
  0x38, 0x00, 0x00, 0x00, 0x13, 0x00, 0x00, 0x00, 0x00, 0x00, 0x00, 0x09,
  0x64, 0x00, 0x00, 0x00, 0x9a, 0xfc, 0xff, 0xff, 0x03, 0x00, 0x00, 0x00,
  0x08, 0x00, 0x00, 0x00, 0x14, 0x00, 0x00, 0x00, 0x01, 0x00, 0x00, 0x00,
  0x00, 0x00, 0x00, 0x00, 0x00, 0x00, 0x00, 0x00, 0x00, 0x00, 0x00, 0x00,
  0x01, 0x00, 0x00, 0x00, 0xfb, 0x9f, 0x38, 0x3c, 0x30, 0x00, 0x00, 0x00,
  0x73, 0x65, 0x71, 0x75, 0x65, 0x6e, 0x74, 0x69, 0x61, 0x6c, 0x5f, 0x31,
  0x33, 0x39, 0x2f, 0x64, 0x65, 0x70, 0x74, 0x68, 0x77, 0x69, 0x73, 0x65,
  0x5f, 0x63, 0x6f, 0x6e, 0x76, 0x31, 0x64, 0x5f, 0x32, 0x35, 0x36, 0x2f,
  0x45, 0x78, 0x70, 0x61, 0x6e, 0x64, 0x44, 0x69, 0x6d, 0x73, 0x5f, 0x31,
  0x00, 0x00, 0x00, 0x00, 0x04, 0x00, 0x00, 0x00, 0x01, 0x00, 0x00, 0x00,
  0x01, 0x00, 0x00, 0x00, 0x01, 0x00, 0x00, 0x00, 0x01, 0x00, 0x00, 0x00,
  0x76, 0xf8, 0xff, 0xff, 0x14, 0x00, 0x00, 0x00, 0x30, 0x00, 0x00, 0x00,
  0x14, 0x00, 0x00, 0x00, 0x00, 0x00, 0x00, 0x09, 0x5c, 0x00, 0x00, 0x00,
  0xe4, 0xf7, 0xff, 0xff, 0x08, 0x00, 0x00, 0x00, 0x10, 0x00, 0x00, 0x00,
  0x01, 0x00, 0x00, 0x00, 0x00, 0x00, 0x00, 0x00, 0x00, 0x00, 0x00, 0x00,
  0x01, 0x00, 0x00, 0x00, 0x7b, 0xbe, 0x86, 0x31, 0x33, 0x00, 0x00, 0x00,
  0x73, 0x65, 0x71, 0x75, 0x65, 0x6e, 0x74, 0x69, 0x61, 0x6c, 0x5f, 0x31,
  0x33, 0x39, 0x2f, 0x69, 0x6e, 0x73, 0x74, 0x61, 0x6e, 0x63, 0x65, 0x5f,
  0x6e, 0x6f, 0x72, 0x6d, 0x61, 0x6c, 0x69, 0x7a, 0x61, 0x74, 0x69, 0x6f,
  0x6e, 0x5f, 0x31, 0x36, 0x32, 0x2f, 0x52, 0x65, 0x73, 0x68, 0x61, 0x70,
  0x65, 0x5f, 0x31, 0x00, 0x03, 0x00, 0x00, 0x00, 0x01, 0x00, 0x00, 0x00,
  0x01, 0x00, 0x00, 0x00, 0x01, 0x00, 0x00, 0x00, 0xf6, 0xf8, 0xff, 0xff,
  0x14, 0x00, 0x00, 0x00, 0x30, 0x00, 0x00, 0x00, 0x13, 0x00, 0x00, 0x00,
  0x00, 0x00, 0x00, 0x09, 0x60, 0x00, 0x00, 0x00, 0x64, 0xf8, 0xff, 0xff,
  0x08, 0x00, 0x00, 0x00, 0x10, 0x00, 0x00, 0x00, 0x01, 0x00, 0x00, 0x00,
  0x80, 0xff, 0xff, 0xff, 0xff, 0xff, 0xff, 0xff, 0x01, 0x00, 0x00, 0x00,
  0x05, 0x96, 0x83, 0x36, 0x36, 0x00, 0x00, 0x00, 0x73, 0x65, 0x71, 0x75,
  0x65, 0x6e, 0x74, 0x69, 0x61, 0x6c, 0x5f, 0x31, 0x33, 0x39, 0x2f, 0x62,
  0x61, 0x74, 0x63, 0x68, 0x5f, 0x6e, 0x6f, 0x72, 0x6d, 0x61, 0x6c, 0x69,
  0x7a, 0x61, 0x74, 0x69, 0x6f, 0x6e, 0x5f, 0x31, 0x38, 0x34, 0x2f, 0x62,
  0x61, 0x74, 0x63, 0x68, 0x6e, 0x6f, 0x72, 0x6d, 0x2f, 0x61, 0x64, 0x64,
  0x2f, 0x79, 0x00, 0x00, 0x00, 0x00, 0x00, 0x00, 0x6e, 0xf9, 0xff, 0xff,
  0x14, 0x00, 0x00, 0x00, 0x30, 0x00, 0x00, 0x00, 0x10, 0x00, 0x00, 0x00,
  0x00, 0x00, 0x00, 0x02, 0x84, 0x00, 0x00, 0x00, 0xdc, 0xf8, 0xff, 0xff,
  0x08, 0x00, 0x00, 0x00, 0x10, 0x00, 0x00, 0x00, 0x01, 0x00, 0x00, 0x00,
  0x00, 0x00, 0x00, 0x00, 0x00, 0x00, 0x00, 0x00, 0x01, 0x00, 0x00, 0x00,
  0xdb, 0x48, 0x2f, 0x39, 0x5a, 0x00, 0x00, 0x00, 0x73, 0x65, 0x71, 0x75,
  0x65, 0x6e, 0x74, 0x69, 0x61, 0x6c, 0x5f, 0x31, 0x33, 0x39, 0x2f, 0x64,
  0x65, 0x70, 0x74, 0x68, 0x77, 0x69, 0x73, 0x65, 0x5f, 0x63, 0x6f, 0x6e,
  0x76, 0x31, 0x64, 0x5f, 0x32, 0x35, 0x37, 0x2f, 0x42, 0x69, 0x61, 0x73,
  0x41, 0x64, 0x64, 0x3b, 0x73, 0x65, 0x71, 0x75, 0x65, 0x6e, 0x74, 0x69,
  0x61, 0x6c, 0x5f, 0x31, 0x33, 0x39, 0x2f, 0x64, 0x65, 0x70, 0x74, 0x68,
  0x77, 0x69, 0x73, 0x65, 0x5f, 0x63, 0x6f, 0x6e, 0x76, 0x31, 0x64, 0x5f,
  0x32, 0x35, 0x37, 0x2f, 0x64, 0x65, 0x70, 0x74, 0x68, 0x77, 0x69, 0x73,
  0x65, 0x32, 0x00, 0x00, 0x01, 0x00, 0x00, 0x00, 0x01, 0x00, 0x00, 0x00,
  0x0e, 0xfa, 0xff, 0xff, 0x14, 0x00, 0x00, 0x00, 0x30, 0x00, 0x00, 0x00,
  0x10, 0x00, 0x00, 0x00, 0x00, 0x00, 0x00, 0x02, 0x84, 0x00, 0x00, 0x00,
  0x7c, 0xf9, 0xff, 0xff, 0x08, 0x00, 0x00, 0x00, 0x10, 0x00, 0x00, 0x00,
  0x01, 0x00, 0x00, 0x00, 0x00, 0x00, 0x00, 0x00, 0x00, 0x00, 0x00, 0x00,
  0x01, 0x00, 0x00, 0x00, 0xad, 0xb1, 0x90, 0x39, 0x5a, 0x00, 0x00, 0x00,
  0x73, 0x65, 0x71, 0x75, 0x65, 0x6e, 0x74, 0x69, 0x61, 0x6c, 0x5f, 0x31,
  0x33, 0x39, 0x2f, 0x64, 0x65, 0x70, 0x74, 0x68, 0x77, 0x69, 0x73, 0x65,
  0x5f, 0x63, 0x6f, 0x6e, 0x76, 0x31, 0x64, 0x5f, 0x32, 0x35, 0x37, 0x2f,
  0x42, 0x69, 0x61, 0x73, 0x41, 0x64, 0x64, 0x3b, 0x73, 0x65, 0x71, 0x75,
  0x65, 0x6e, 0x74, 0x69, 0x61, 0x6c, 0x5f, 0x31, 0x33, 0x39, 0x2f, 0x64,
  0x65, 0x70, 0x74, 0x68, 0x77, 0x69, 0x73, 0x65, 0x5f, 0x63, 0x6f, 0x6e,
  0x76, 0x31, 0x64, 0x5f, 0x32, 0x35, 0x37, 0x2f, 0x64, 0x65, 0x70, 0x74,
  0x68, 0x77, 0x69, 0x73, 0x65, 0x31, 0x00, 0x00, 0x01, 0x00, 0x00, 0x00,
  0x01, 0x00, 0x00, 0x00, 0xae, 0xfa, 0xff, 0xff, 0x14, 0x00, 0x00, 0x00,
  0x30, 0x00, 0x00, 0x00, 0x10, 0x00, 0x00, 0x00, 0x00, 0x00, 0x00, 0x02,
  0x84, 0x00, 0x00, 0x00, 0x1c, 0xfa, 0xff, 0xff, 0x08, 0x00, 0x00, 0x00,
  0x10, 0x00, 0x00, 0x00, 0x01, 0x00, 0x00, 0x00, 0x00, 0x00, 0x00, 0x00,
  0x00, 0x00, 0x00, 0x00, 0x01, 0x00, 0x00, 0x00, 0x8e, 0x8d, 0x9d, 0x37,
  0x59, 0x00, 0x00, 0x00, 0x73, 0x65, 0x71, 0x75, 0x65, 0x6e, 0x74, 0x69,
  0x61, 0x6c, 0x5f, 0x31, 0x33, 0x39, 0x2f, 0x64, 0x65, 0x70, 0x74, 0x68,
  0x77, 0x69, 0x73, 0x65, 0x5f, 0x63, 0x6f, 0x6e, 0x76, 0x31, 0x64, 0x5f,
  0x32, 0x35, 0x37, 0x2f, 0x42, 0x69, 0x61, 0x73, 0x41, 0x64, 0x64, 0x3b,
  0x73, 0x65, 0x71, 0x75, 0x65, 0x6e, 0x74, 0x69, 0x61, 0x6c, 0x5f, 0x31,
  0x33, 0x39, 0x2f, 0x64, 0x65, 0x70, 0x74, 0x68, 0x77, 0x69, 0x73, 0x65,
  0x5f, 0x63, 0x6f, 0x6e, 0x76, 0x31, 0x64, 0x5f, 0x32, 0x35, 0x37, 0x2f,
  0x64, 0x65, 0x70, 0x74, 0x68, 0x77, 0x69, 0x73, 0x65, 0x00, 0x00, 0x00,
  0x01, 0x00, 0x00, 0x00, 0x01, 0x00, 0x00, 0x00, 0x4e, 0xfb, 0xff, 0xff,
  0x28, 0x00, 0x00, 0x00, 0x48, 0x00, 0x00, 0x00, 0x0f, 0x00, 0x00, 0x00,
  0x00, 0x00, 0x00, 0x09, 0x70, 0x00, 0x00, 0x00, 0x00, 0x00, 0x12, 0x00,
  0x10, 0x00, 0x00, 0x00, 0x00, 0x00, 0x0c, 0x00, 0x08, 0x00, 0x00, 0x00,
  0x00, 0x00, 0x04, 0x00, 0x12, 0x00, 0x00, 0x00, 0x03, 0x00, 0x00, 0x00,
  0x08, 0x00, 0x00, 0x00, 0x10, 0x00, 0x00, 0x00, 0x01, 0x00, 0x00, 0x00,
  0x00, 0x00, 0x00, 0x00, 0x00, 0x00, 0x00, 0x00, 0x01, 0x00, 0x00, 0x00,
  0x02, 0xf0, 0x9c, 0x3b, 0x2d, 0x00, 0x00, 0x00, 0x73, 0x65, 0x71, 0x75,
  0x65, 0x6e, 0x74, 0x69, 0x61, 0x6c, 0x5f, 0x31, 0x33, 0x39, 0x2f, 0x64,
  0x65, 0x70, 0x74, 0x68, 0x77, 0x69, 0x73, 0x65, 0x5f, 0x63, 0x6f, 0x6e,
  0x76, 0x31, 0x64, 0x5f, 0x32, 0x35, 0x35, 0x2f, 0x64, 0x65, 0x70, 0x74,
  0x68, 0x77, 0x69, 0x73, 0x65, 0x00, 0x00, 0x00, 0x04, 0x00, 0x00, 0x00,
  0x01, 0x00, 0x00, 0x00, 0x01, 0x00, 0x00, 0x00, 0x04, 0x00, 0x00, 0x00,
  0x01, 0x00, 0x00, 0x00, 0xe6, 0xfb, 0xff, 0xff, 0x14, 0x00, 0x00, 0x00,
  0x14, 0x00, 0x00, 0x00, 0x0e, 0x00, 0x00, 0x00, 0x00, 0x00, 0x00, 0x02,
  0x38, 0x00, 0x00, 0x00, 0xd8, 0xfb, 0xff, 0xff, 0x28, 0x00, 0x00, 0x00,
  0x73, 0x65, 0x71, 0x75, 0x65, 0x6e, 0x74, 0x69, 0x61, 0x6c, 0x5f, 0x31,
  0x33, 0x39, 0x2f, 0x63, 0x6f, 0x6e, 0x76, 0x31, 0x64, 0x5f, 0x31, 0x39,
  0x33, 0x2f, 0x43, 0x6f, 0x6e, 0x76, 0x31, 0x44, 0x2f, 0x53, 0x71, 0x75,
  0x65, 0x65, 0x7a, 0x65, 0x00, 0x00, 0x00, 0x00, 0x01, 0x00, 0x00, 0x00,
  0x03, 0x00, 0x00, 0x00, 0x3a, 0xfc, 0xff, 0xff, 0x14, 0x00, 0x00, 0x00,
  0x14, 0x00, 0x00, 0x00, 0x0d, 0x00, 0x00, 0x00, 0x00, 0x00, 0x00, 0x02,
  0x38, 0x00, 0x00, 0x00, 0x2c, 0xfc, 0xff, 0xff, 0x2b, 0x00, 0x00, 0x00,
  0x73, 0x65, 0x71, 0x75, 0x65, 0x6e, 0x74, 0x69, 0x61, 0x6c, 0x5f, 0x31,
  0x33, 0x39, 0x2f, 0x64, 0x65, 0x70, 0x74, 0x68, 0x77, 0x69, 0x73, 0x65,
  0x5f, 0x63, 0x6f, 0x6e, 0x76, 0x31, 0x64, 0x5f, 0x32, 0x36, 0x30, 0x2f,
  0x53, 0x71, 0x75, 0x65, 0x65, 0x7a, 0x65, 0x00, 0x01, 0x00, 0x00, 0x00,
  0x03, 0x00, 0x00, 0x00, 0x8e, 0xfc, 0xff, 0xff, 0x14, 0x00, 0x00, 0x00,
  0x14, 0x00, 0x00, 0x00, 0x0c, 0x00, 0x00, 0x00, 0x00, 0x00, 0x00, 0x02,
  0x38, 0x00, 0x00, 0x00, 0x80, 0xfc, 0xff, 0xff, 0x2b, 0x00, 0x00, 0x00,
  0x73, 0x65, 0x71, 0x75, 0x65, 0x6e, 0x74, 0x69, 0x61, 0x6c, 0x5f, 0x31,
  0x33, 0x39, 0x2f, 0x64, 0x65, 0x70, 0x74, 0x68, 0x77, 0x69, 0x73, 0x65,
  0x5f, 0x63, 0x6f, 0x6e, 0x76, 0x31, 0x64, 0x5f, 0x32, 0x35, 0x39, 0x2f,
  0x53, 0x71, 0x75, 0x65, 0x65, 0x7a, 0x65, 0x00, 0x01, 0x00, 0x00, 0x00,
  0x03, 0x00, 0x00, 0x00, 0xe2, 0xfc, 0xff, 0xff, 0x14, 0x00, 0x00, 0x00,
  0x14, 0x00, 0x00, 0x00, 0x0b, 0x00, 0x00, 0x00, 0x00, 0x00, 0x00, 0x02,
  0x3c, 0x00, 0x00, 0x00, 0xd4, 0xfc, 0xff, 0xff, 0x2c, 0x00, 0x00, 0x00,
  0x73, 0x65, 0x71, 0x75, 0x65, 0x6e, 0x74, 0x69, 0x61, 0x6c, 0x5f, 0x31,
  0x33, 0x39, 0x2f, 0x61, 0x76, 0x65, 0x72, 0x61, 0x67, 0x65, 0x5f, 0x70,
  0x6f, 0x6f, 0x6c, 0x69, 0x6e, 0x67, 0x31, 0x64, 0x5f, 0x31, 0x33, 0x31,
  0x2f, 0x53, 0x71, 0x75, 0x65, 0x65, 0x7a, 0x65, 0x00, 0x00, 0x00, 0x00,
  0x01, 0x00, 0x00, 0x00, 0x03, 0x00, 0x00, 0x00, 0x3a, 0xfd, 0xff, 0xff,
  0x14, 0x00, 0x00, 0x00, 0x14, 0x00, 0x00, 0x00, 0x0a, 0x00, 0x00, 0x00,
  0x00, 0x00, 0x00, 0x02, 0x40, 0x00, 0x00, 0x00, 0x2c, 0xfd, 0xff, 0xff,
  0x33, 0x00, 0x00, 0x00, 0x73, 0x65, 0x71, 0x75, 0x65, 0x6e, 0x74, 0x69,
  0x61, 0x6c, 0x5f, 0x31, 0x33, 0x39, 0x2f, 0x61, 0x76, 0x65, 0x72, 0x61,
  0x67, 0x65, 0x5f, 0x70, 0x6f, 0x6f, 0x6c, 0x69, 0x6e, 0x67, 0x31, 0x64,
  0x5f, 0x31, 0x33, 0x31, 0x2f, 0x45, 0x78, 0x70, 0x61, 0x6e, 0x64, 0x44,
  0x69, 0x6d, 0x73, 0x2f, 0x64, 0x69, 0x6d, 0x00, 0x00, 0x00, 0x00, 0x00,
  0x92, 0xfd, 0xff, 0xff, 0x14, 0x00, 0x00, 0x00, 0x14, 0x00, 0x00, 0x00,
  0x09, 0x00, 0x00, 0x00, 0x00, 0x00, 0x00, 0x02, 0x38, 0x00, 0x00, 0x00,
  0x84, 0xfd, 0xff, 0xff, 0x2b, 0x00, 0x00, 0x00, 0x73, 0x65, 0x71, 0x75,
  0x65, 0x6e, 0x74, 0x69, 0x61, 0x6c, 0x5f, 0x31, 0x33, 0x39, 0x2f, 0x64,
  0x65, 0x70, 0x74, 0x68, 0x77, 0x69, 0x73, 0x65, 0x5f, 0x63, 0x6f, 0x6e,
  0x76, 0x31, 0x64, 0x5f, 0x32, 0x35, 0x38, 0x2f, 0x53, 0x71, 0x75, 0x65,
  0x65, 0x7a, 0x65, 0x00, 0x01, 0x00, 0x00, 0x00, 0x03, 0x00, 0x00, 0x00,
  0xe6, 0xfd, 0xff, 0xff, 0x14, 0x00, 0x00, 0x00, 0x14, 0x00, 0x00, 0x00,
  0x08, 0x00, 0x00, 0x00, 0x00, 0x00, 0x00, 0x02, 0x38, 0x00, 0x00, 0x00,
  0xd8, 0xfd, 0xff, 0xff, 0x28, 0x00, 0x00, 0x00, 0x73, 0x65, 0x71, 0x75,
  0x65, 0x6e, 0x74, 0x69, 0x61, 0x6c, 0x5f, 0x31, 0x33, 0x39, 0x2f, 0x63,
  0x6f, 0x6e, 0x76, 0x31, 0x64, 0x5f, 0x31, 0x39, 0x32, 0x2f, 0x43, 0x6f,
  0x6e, 0x76, 0x31, 0x44, 0x2f, 0x53, 0x71, 0x75, 0x65, 0x65, 0x7a, 0x65,
  0x00, 0x00, 0x00, 0x00, 0x01, 0x00, 0x00, 0x00, 0x03, 0x00, 0x00, 0x00,
  0x3a, 0xfe, 0xff, 0xff, 0x14, 0x00, 0x00, 0x00, 0x14, 0x00, 0x00, 0x00,
  0x07, 0x00, 0x00, 0x00, 0x00, 0x00, 0x00, 0x02, 0x3c, 0x00, 0x00, 0x00,
  0x2c, 0xfe, 0xff, 0xff, 0x2f, 0x00, 0x00, 0x00, 0x73, 0x65, 0x71, 0x75,
  0x65, 0x6e, 0x74, 0x69, 0x61, 0x6c, 0x5f, 0x31, 0x33, 0x39, 0x2f, 0x63,
  0x6f, 0x6e, 0x76, 0x31, 0x64, 0x5f, 0x31, 0x39, 0x32, 0x2f, 0x43, 0x6f,
  0x6e, 0x76, 0x31, 0x44, 0x2f, 0x45, 0x78, 0x70, 0x61, 0x6e, 0x64, 0x44,
  0x69, 0x6d, 0x73, 0x2f, 0x64, 0x69, 0x6d, 0x00, 0x00, 0x00, 0x00, 0x00,
  0x8e, 0xfe, 0xff, 0xff, 0x14, 0x00, 0x00, 0x00, 0x14, 0x00, 0x00, 0x00,
  0x06, 0x00, 0x00, 0x00, 0x00, 0x00, 0x00, 0x02, 0x38, 0x00, 0x00, 0x00,
  0x80, 0xfe, 0xff, 0xff, 0x2b, 0x00, 0x00, 0x00, 0x73, 0x65, 0x71, 0x75,
  0x65, 0x6e, 0x74, 0x69, 0x61, 0x6c, 0x5f, 0x31, 0x33, 0x39, 0x2f, 0x64,
  0x65, 0x70, 0x74, 0x68, 0x77, 0x69, 0x73, 0x65, 0x5f, 0x63, 0x6f, 0x6e,
  0x76, 0x31, 0x64, 0x5f, 0x32, 0x35, 0x37, 0x2f, 0x53, 0x71, 0x75, 0x65,
  0x65, 0x7a, 0x65, 0x00, 0x01, 0x00, 0x00, 0x00, 0x03, 0x00, 0x00, 0x00,
  0xe2, 0xfe, 0xff, 0xff, 0x14, 0x00, 0x00, 0x00, 0x14, 0x00, 0x00, 0x00,
  0x05, 0x00, 0x00, 0x00, 0x00, 0x00, 0x00, 0x02, 0x38, 0x00, 0x00, 0x00,
  0xd4, 0xfe, 0xff, 0xff, 0x2b, 0x00, 0x00, 0x00, 0x73, 0x65, 0x71, 0x75,
  0x65, 0x6e, 0x74, 0x69, 0x61, 0x6c, 0x5f, 0x31, 0x33, 0x39, 0x2f, 0x64,
  0x65, 0x70, 0x74, 0x68, 0x77, 0x69, 0x73, 0x65, 0x5f, 0x63, 0x6f, 0x6e,
  0x76, 0x31, 0x64, 0x5f, 0x32, 0x35, 0x36, 0x2f, 0x53, 0x71, 0x75, 0x65,
  0x65, 0x7a, 0x65, 0x00, 0x01, 0x00, 0x00, 0x00, 0x03, 0x00, 0x00, 0x00,
  0x36, 0xff, 0xff, 0xff, 0x14, 0x00, 0x00, 0x00, 0x14, 0x00, 0x00, 0x00,
  0x04, 0x00, 0x00, 0x00, 0x00, 0x00, 0x00, 0x02, 0x58, 0x00, 0x00, 0x00,
  0x28, 0xff, 0xff, 0xff, 0x48, 0x00, 0x00, 0x00, 0x73, 0x65, 0x71, 0x75,
  0x65, 0x6e, 0x74, 0x69, 0x61, 0x6c, 0x5f, 0x31, 0x33, 0x39, 0x2f, 0x69,
  0x6e, 0x73, 0x74, 0x61, 0x6e, 0x63, 0x65, 0x5f, 0x6e, 0x6f, 0x72, 0x6d,
  0x61, 0x6c, 0x69, 0x7a, 0x61, 0x74, 0x69, 0x6f, 0x6e, 0x5f, 0x31, 0x36,
  0x32, 0x2f, 0x6d, 0x6f, 0x6d, 0x65, 0x6e, 0x74, 0x73, 0x2f, 0x6d, 0x65,
  0x61, 0x6e, 0x2f, 0x72, 0x65, 0x64, 0x75, 0x63, 0x74, 0x69, 0x6f, 0x6e,
  0x5f, 0x69, 0x6e, 0x64, 0x69, 0x63, 0x65, 0x73, 0x00, 0x00, 0x00, 0x00,
  0x01, 0x00, 0x00, 0x00, 0x01, 0x00, 0x00, 0x00, 0xaa, 0xff, 0xff, 0xff,
  0x14, 0x00, 0x00, 0x00, 0x14, 0x00, 0x00, 0x00, 0x03, 0x00, 0x00, 0x00,
  0x00, 0x00, 0x00, 0x02, 0x38, 0x00, 0x00, 0x00, 0x9c, 0xff, 0xff, 0xff,
  0x2b, 0x00, 0x00, 0x00, 0x73, 0x65, 0x71, 0x75, 0x65, 0x6e, 0x74, 0x69,
  0x61, 0x6c, 0x5f, 0x31, 0x33, 0x39, 0x2f, 0x64, 0x65, 0x70, 0x74, 0x68,
  0x77, 0x69, 0x73, 0x65, 0x5f, 0x63, 0x6f, 0x6e, 0x76, 0x31, 0x64, 0x5f,
  0x32, 0x35, 0x35, 0x2f, 0x53, 0x71, 0x75, 0x65, 0x65, 0x7a, 0x65, 0x00,
  0x01, 0x00, 0x00, 0x00, 0x03, 0x00, 0x00, 0x00, 0x00, 0x00, 0x0e, 0x00,
  0x18, 0x00, 0x14, 0x00, 0x13, 0x00, 0x0c, 0x00, 0x08, 0x00, 0x04, 0x00,
  0x0e, 0x00, 0x00, 0x00, 0x18, 0x00, 0x00, 0x00, 0x18, 0x00, 0x00, 0x00,
  0x02, 0x00, 0x00, 0x00, 0x00, 0x00, 0x00, 0x02, 0x44, 0x00, 0x00, 0x00,
  0x04, 0x00, 0x04, 0x00, 0x04, 0x00, 0x00, 0x00, 0x32, 0x00, 0x00, 0x00,
  0x73, 0x65, 0x71, 0x75, 0x65, 0x6e, 0x74, 0x69, 0x61, 0x6c, 0x5f, 0x31,
  0x33, 0x39, 0x2f, 0x64, 0x65, 0x70, 0x74, 0x68, 0x77, 0x69, 0x73, 0x65,
  0x5f, 0x63, 0x6f, 0x6e, 0x76, 0x31, 0x64, 0x5f, 0x32, 0x35, 0x35, 0x2f,
  0x45, 0x78, 0x70, 0x61, 0x6e, 0x64, 0x44, 0x69, 0x6d, 0x73, 0x2f, 0x64,
  0x69, 0x6d, 0x00, 0x00, 0x00, 0x00, 0x00, 0x00, 0x14, 0x00, 0x1c, 0x00,
  0x18, 0x00, 0x17, 0x00, 0x10, 0x00, 0x0c, 0x00, 0x08, 0x00, 0x00, 0x00,
  0x00, 0x00, 0x04, 0x00, 0x14, 0x00, 0x00, 0x00, 0x18, 0x00, 0x00, 0x00,
  0x30, 0x00, 0x00, 0x00, 0x4c, 0x00, 0x00, 0x00, 0x01, 0x00, 0x00, 0x00,
  0x00, 0x00, 0x00, 0x09, 0x60, 0x00, 0x00, 0x00, 0x03, 0x00, 0x00, 0x00,
  0xff, 0xff, 0xff, 0xff, 0x70, 0x17, 0x00, 0x00, 0x01, 0x00, 0x00, 0x00,
  0x0c, 0x00, 0x0c, 0x00, 0x00, 0x00, 0x00, 0x00, 0x08, 0x00, 0x04, 0x00,
  0x0c, 0x00, 0x00, 0x00, 0x08, 0x00, 0x00, 0x00, 0x10, 0x00, 0x00, 0x00,
  0x01, 0x00, 0x00, 0x00, 0x80, 0xff, 0xff, 0xff, 0xff, 0xff, 0xff, 0xff,
  0x01, 0x00, 0x00, 0x00, 0x7f, 0x80, 0x80, 0x3b, 0x1b, 0x00, 0x00, 0x00,
  0x73, 0x65, 0x72, 0x76, 0x69, 0x6e, 0x67, 0x5f, 0x64, 0x65, 0x66, 0x61,
  0x75, 0x6c, 0x74, 0x5f, 0x69, 0x6e, 0x70, 0x75, 0x74, 0x5f, 0x31, 0x34,
  0x30, 0x3a, 0x30, 0x00, 0x03, 0x00, 0x00, 0x00, 0x01, 0x00, 0x00, 0x00,
  0x70, 0x17, 0x00, 0x00, 0x01, 0x00, 0x00, 0x00, 0x0e, 0x00, 0x00, 0x00,
  0x28, 0x01, 0x00, 0x00, 0x08, 0x01, 0x00, 0x00, 0xec, 0x00, 0x00, 0x00,
  0xd8, 0x00, 0x00, 0x00, 0xc4, 0x00, 0x00, 0x00, 0xb8, 0x00, 0x00, 0x00,
  0x9c, 0x00, 0x00, 0x00, 0x7c, 0x00, 0x00, 0x00, 0x68, 0x00, 0x00, 0x00,
  0x54, 0x00, 0x00, 0x00, 0x40, 0x00, 0x00, 0x00, 0x2c, 0x00, 0x00, 0x00,
  0x18, 0x00, 0x00, 0x00, 0x04, 0x00, 0x00, 0x00, 0x38, 0xff, 0xff, 0xff,
  0x19, 0x00, 0x00, 0x00, 0x02, 0x00, 0x00, 0x00, 0x00, 0x00, 0x00, 0x19,
  0x48, 0xff, 0xff, 0xff, 0x09, 0x00, 0x00, 0x00, 0x04, 0x00, 0x00, 0x00,
  0x00, 0x00, 0x00, 0x09, 0x58, 0xff, 0xff, 0xff, 0x52, 0x00, 0x00, 0x00,
  0x02, 0x00, 0x00, 0x00, 0x00, 0x00, 0x00, 0x52, 0x68, 0xff, 0xff, 0xff,
  0x01, 0x00, 0x00, 0x00, 0x02, 0x00, 0x00, 0x00, 0x00, 0x00, 0x00, 0x01,
  0x78, 0xff, 0xff, 0xff, 0x03, 0x00, 0x00, 0x00, 0x03, 0x00, 0x00, 0x00,
  0x00, 0x00, 0x00, 0x03, 0x88, 0xff, 0xff, 0xff, 0x29, 0x00, 0x00, 0x00,
  0x02, 0x00, 0x00, 0x00, 0x00, 0x00, 0x00, 0x29, 0x98, 0xff, 0xff, 0xff,
  0x12, 0x00, 0x00, 0x00, 0x02, 0x00, 0x00, 0x00, 0x00, 0x00, 0x00, 0x12,
  0x0c, 0x00, 0x0e, 0x00, 0x0d, 0x00, 0x00, 0x00, 0x08, 0x00, 0x04, 0x00,
  0x0c, 0x00, 0x00, 0x00, 0x4c, 0x00, 0x00, 0x00, 0x02, 0x00, 0x00, 0x00,
  0x00, 0x4c, 0x0a, 0x00, 0x08, 0x00, 0x00, 0x00, 0x00, 0x00, 0x04, 0x00,
  0x0a, 0x00, 0x00, 0x00, 0x02, 0x00, 0x00, 0x00, 0xd4, 0xff, 0xff, 0xff,
  0x63, 0x00, 0x00, 0x00, 0x02, 0x00, 0x00, 0x00, 0x00, 0x00, 0x00, 0x63,
  0xe4, 0xff, 0xff, 0xff, 0x28, 0x00, 0x00, 0x00, 0x02, 0x00, 0x00, 0x00,
  0x00, 0x00, 0x00, 0x28, 0xd8, 0xff, 0xff, 0xff, 0x16, 0x00, 0x00, 0x00,
  0x00, 0x00, 0x00, 0x16, 0x0c, 0x00, 0x10, 0x00, 0x0f, 0x00, 0x00, 0x00,
  0x08, 0x00, 0x04, 0x00, 0x0c, 0x00, 0x00, 0x00, 0x04, 0x00, 0x00, 0x00,
  0x03, 0x00, 0x00, 0x00, 0x00, 0x00, 0x00, 0x04, 0x0c, 0x00, 0x0c, 0x00,
  0x0b, 0x00, 0x00, 0x00, 0x00, 0x00, 0x04, 0x00, 0x0c, 0x00, 0x00, 0x00,
  0x46, 0x00, 0x00, 0x00, 0x00, 0x00, 0x00, 0x46
};
unsigned int ___Results_ga_20221213_141028_EXP_SC_1D_and_2D_4classes_Generation_4_unselfish_peacock_models_model_tflite_untrained_tflite_len = 25760;
