:10000000C0E50220514E0000D10D0200254E000037
:10001000254E0000254E0000254E00000000000087
:10002000000000000000000000000000214B000064
:10003000254E000000000000CD4A0000254E0000C3
:10004000D14B0000D14B0000D14B0000D14B000040
:10005000D14B0000D14B0000D14B0000D14B000030
:10006000D14B0000D14B0000D14B0000D14B000020
:10007000D14B0000D14B0000D14B0000D14B000010
:10008000D14B0000D14B0000D14B0000D14B000000
:10009000D14B0000D14B0000D14B0000D14B0000F0
:1000A000D14B0000D14B0000D14B0000D14B0000E0
:1000B000D14B0000D14B0000D14B0000D14B0000D0
:1000C000D14B0000D14B0000D14B0000D14B0000C0
:1000D000D14B0000D14B0000D14B0000D14B0000B0
:1000E000D14B0000D14B0000D14B0000D14B0000A0
:1000F000D14B0000D14B0000D14B0000D14B000090
:1001000001F0FF01102A2BDB10F0070F08D010F8C8
:10011000013B013A8B422DD010F0070F42B3F6D1CC
:10012000F0B441EA012141EA014122F007047FF0E5
:1001300000070023F0E80256083C85EA010586EA3C
:10014000010685FA47F5A3FA87F586FA47F6A5FA78
:1001500087F68EB9EED1F0BC01F0FF0102F0070284
:1001600032B110F8013B013A83EA010313B1F8D12F
:100170000020704701387047002D06BF3546033810
:10018000073815F0010F07D1013015F4807F02BF49
:10019000013015F4C03F0130F0BC0138704700BF9A
:1001A00081F0004102E000BF83F0004330B54FEA28
:1001B00041044FEA430594EA050F08BF90EA020F95
:1001C0001FBF54EA000C55EA020C7FEA645C7FEA28
:1001D000655C00F0E2804FEA5454D4EB5555B8BF4B
:1001E0006D420CDD2C4480EA020281EA030382EABC
:1001F000000083EA010180EA020281EA0303362D4E
:1002000088BF30BD11F0004F4FEA01314FF4801C20
:100210004CEA113102D0404261EB410113F0004F32
:100220004FEA03334CEA133302D0524263EB4303E9
:1002300094EA050F00F0A780A4F10104D5F1200E87
:100240000DDB02FA0EFC22FA05F2801841F10001E2
:1002500003FA0EF2801843FA05F359410EE0A5F1B6
:1002600020050EF1200E012A03FA0EFC28BF4CF0E7
:10027000020C43FA05F3C01851EBE37101F000459D
:1002800007D54FF0000EDCF1000C7EEB00006EEBAA
:100290000101B1F5801F1BD3B1F5001F0CD3490834
:1002A0005FEA30004FEA3C0C04F101044FEA44528B
:1002B00012F5800F80F09A80BCF1004F08BF5FEA12
:1002C000500C50F1000041EB045141EA050130BDF2
:1002D0005FEA4C0C404141EB0101013C28BFB1F504
:1002E000801FE9D291F0000F04BF01460020B1FA4F
:1002F00081F308BF2033A3F10B03B3F120020CDA22
:100300000C3208DD02F1140CC2F10C0201FA0CF0FF
:1003100021FA02F10CE002F11402D8BFC2F1200C64
:1003200001FA02F120FA0CFCDCBF41EA0C0190401A
:10033000E41AA2BF01EB0451294330BD6FEA040463
:100340001F3C1CDA0C340EDC04F11404C4F120024E
:1003500020FA04F001FA02F340EA030021FA04F360
:1003600045EA030130BDC4F10C04C4F1200220FAB7
:1003700002F001FA04F340EA0300294630BD21FAF5
:1003800004F0294630BD94F0000F83F4801306BFBB
:1003900081F480110134013D4EE77FEA645C18BFAF
:1003A0007FEA655C29D094EA050F08BF90EA020F46
:1003B00005D054EA000C04BF1946104630BD91EA3E
:1003C000030F1EBF0021002030BD5FEA545C05D141
:1003D0004000494128BF41F0004130BD14F5800480
:1003E0003CBF01F5801130BD01F0004545F0FE41F4
:1003F00041F470014FF0000030BD7FEA645C1ABF29
:10040000194610467FEA655C1CBF0B46024650EA5F
:10041000013406BF52EA033591EA030F41F400218B
:1004200030BD00BF90F0000F04BF0021704730B511
:100430004FF4806404F132044FF000054FF00001E6
:1004400050E700BF90F0000F04BF0021704730B5A7
:100450004FF4806404F1320410F0004548BF40427C
:100460004FF000013EE700BF42004FEAE2014FEAD1
:1004700031014FEA02701FBF12F07F4393F07F4FAC
:1004800081F06051704732F07F4208BF704793F0AF
:100490007F4F04BF41F40021704730B54FF46074C2
:1004A00001F0004521F000411CE700BF50EA0102C5
:1004B00008BF704730B54FF000050AE050EA01026E
:1004C00008BF704730B511F0004502D5404261EBDE
:1004D00041014FF4806404F132045FEA915C3FF41F
:1004E000D8AE4FF003025FEADC0C18BF03325FEABC
:1004F000DC0C18BF033202EBDC02C2F1200300FA6D
:1005000003FC20FA02F001FA03FE40EA0E0021FA91
:1005100002F11444BDE600BF70B54FF0FF0C4CF47F
:10052000E06C1CEA11541DBF1CEA135594EA0C0F31
:1005300095EA0C0F00F0DEF82C4481EA030621EA6C
:100540004C5123EA4C5350EA013518BF52EA0335A7
:1005500041F4801143F4801338D0A0FB02CE4FF059
:100560000005E1FB02E506F00042E0FB03E54FF089
:100570000006E1FB03569CF0000F18BF4EF0010E81
:10058000A4F1FF04B6F5007F64F5407404D25FEA7D
:100590004E0E6D4146EB060642EAC62141EA555130
:1005A0004FEAC52040EA5E504FEACE2EB4F1FD0C72
:1005B00088BFBCF5E06F1ED8BEF1004F08BF5FEAF0
:1005C000500E50F1000041EB045170BD06F00046A2
:1005D00046EA010140EA020081EA0301B4EB5C044F
:1005E000C2BFD4EB0C0541EA045170BD41F4801147
:1005F0004FF0000E013C00F3AB8014F1360FDEBF6C
:10060000002001F0004170BDC4F10004203C35DA47
:100610000C341BDC04F11404C4F1200500FA05F3CA
:1006200020FA04F001FA05F240EA020001F000426B
:1006300021F0004110EBD37021FA04F642EB0601E1
:100640005EEA430E08BF20EAD37070BDC4F10C040B
:10065000C4F1200500FA04F320FA05F001FA04F2CF
:1006600040EA020001F0004110EBD37041F10001BB
:100670005EEA430E08BF20EAD37070BDC4F12005C6
:1006800000FA05F24EEA020E20FA04F301FA05F22E
:1006900043EA020321FA04F001F0004121FA04F2D6
:1006A00020EA020000EBD3705EEA430E08BF20EAA6
:1006B000D37070BD94F0000F0FD101F000464000E0
:1006C00041EB010111F4801F08BF013CF7D041EA62
:1006D000060195F0000F18BF704703F00046520066
:1006E00043EB030313F4801F08BF013DF7D043EA37
:1006F0000603704794EA0C0F0CEA135518BF95EAED
:100700000C0F0CD050EA410618BF52EA4306D1D173
:1007100081EA030101F000414FF0000070BD50EA92
:10072000410606BF1046194652EA430619D094EA1C
:100730000C0F02D150EA013613D195EA0C0F05D106
:1007400052EA03361CBF104619460AD181EA03015A
:1007500001F0004141F0FE4141F470014FF0000012
:1007600070BD41F0FE4141F4780170BD70B54FF0AD
:10077000FF0C4CF4E06C1CEA11541DBF1CEA13552D
:1007800094EA0C0F95EA0C0F00F0A7F8A4EB05040F
:1007900081EA030E52EA03354FEA013100F0888006
:1007A0004FEA03334FF0805545EA131343EA1263CF
:1007B0004FEA022245EA111545EA10654FEA002684
:1007C0000EF000419D4208BF964244F1FD0404F53D
:1007D000407402D25B084FEA3202B61A65EB030599
:1007E0005B084FEA32024FF480104FF4002CB6EB56
:1007F000020E75EB030E22BFB61A754640EA0C00D6
:100800005B084FEA3202B6EB020E75EB030E22BF15
:10081000B61A754640EA5C005B084FEA3202B6EB56
:10082000020E75EB030E22BFB61A754640EA9C0015
:100830005B084FEA3202B6EB020E75EB030E22BFE5
:10084000B61A754640EADC0055EA060E18D04FEAA3
:10085000051545EA16754FEA06164FEAC30343EA43
:1008600052734FEAC2025FEA1C1CC0D111F4801F10
:100870000BD141EA00014FF000004FF0004CB6E709
:1008800011F4801F04BF01430020B4F1FD0C88BFA8
:10089000BCF5E06F3FF6AFAEB5EB030C04BFB6EBB3
:1008A000020C5FEA500C50F1000041EB045170BDA6
:1008B0000EF0004E4EEA113114EB5C04C2BFD4EBD3
:1008C0000C0541EA045170BD41F480114FF0000E57
:1008D000013C90E645EA060E8DE60CEA135594EAD3
:1008E0000C0F08BF95EA0C0F3FF43BAF94EA0C0FD6
:1008F0000AD150EA01347FF434AF95EA0C0F7FF44B
:1009000025AF104619462CE795EA0C0F06D152EA9E
:1009100003353FF4FDAE1046194622E750EA410682
:1009200018BF52EA43067FF4C5AE50EA41047FF493
:100930000DAF52EA43057FF4EBAE12E74FF0FF3CF8
:1009400006E000BF4FF0010C02E000BF4FF0010CC9
:100950004DF804CD4FEA410C7FEA6C5C4FEA430C42
:1009600018BF7FEA6C5C1BD001B050EA410C0CBF91
:1009700052EA430C91EA030F02BF90EA020F0020F3
:10098000704710F1000F91EA030F58BF994208BF5A
:1009900090422CBFD8176FEAE37040F00100704717
:1009A0004FEA410C7FEA6C5C02D150EA013C07D16E
:1009B0004FEA430C7FEA6C5CD6D152EA033CD3D0B9
:1009C0005DF8040B704700BF8446104662468C46B3
:1009D0001946634600E000BF01B5FFF7B7FF0028E6
:1009E00048BF10F1000F01BD4DF808EDFFF7F4FF0F
:1009F0000CBF012000205DF808FB00BF4DF808ED9A
:100A0000FFF7EAFF34BF012000205DF808FB00BFBC
:100A10004DF808EDFFF7E0FF94BF012000205DF8DE
:100A200008FB00BF4DF808EDFFF7CEFF94BF012093
:100A300000205DF808FB00BF4DF808EDFFF7C4FF8C
:100A400034BF012000205DF808FB00BF4FEA4102DF
:100A500012F5001215D211D56FF47873B3EB625210
:100A600012D94FEAC12343F0004343EA505311F037
:100A7000004F23FA02F018BF404270474FF00000C9
:100A8000704750EA013005D111F0004008BF6FF007
:100A9000004070474FF00000704700BF4FEA41022E
:100AA000B2F1E04324BFB3F5001CDCF1FE5C0DD9CC
:100AB00001F0004C4FEAC0024CEA5070B2F1004F16
:100AC00040EB830008BF20F00100704711F0804F19
:100AD00021D113F13872BCBF01F00040704741F4DE
:100AE00080114FEA5252C2F11802C2F1200C10FAE2
:100AF0000CF320FA02F018BF40F001004FEAC123C6
:100B00004FEAD32303FA0CFC40EA0C0023FA02F369
:100B10004FEA4303CCE77FEA625307D150EA01333F
:100B20001EBF4FF0FE4040F44000704701F000400F
:100B300040F0FE4040F40000704700BF80F00040ED
:100B400002E000BF81F0004142001FBF5FEA4103A5
:100B500092EA030F7FEA226C7FEA236C6AD04FEAA5
:100B60001262D2EB1363C1BFD218414048404140EA
:100B7000B8BF5B42192B88BF704710F0004F40F49C
:100B8000000020F07F4018BF404211F0004F41F4B8
:100B9000000121F07F4118BF494292EA030F3FD084
:100BA000A2F1010241FA03FC10EB0C00C3F1200397
:100BB00001FA03F100F0004302D5494260EB400026
:100BC000B0F5000F13D3B0F1807F06D340084FEA91
:100BD000310102F10102FE2A51D2B1F1004F40EB86
:100BE000C25008BF20F0010040EA030070474900EE
:100BF00040EB0000013A28BFB0F5000FEDD2B0FA8B
:100C000080FCACF1080CB2EB0C0200FA0CF0AABFAD
:100C100000EBC25052421843BCBFD040184370474B
:100C200092F0000F81F4000106BF80F40000013251
:100C3000013BB5E74FEA41037FEA226C18BF7FEA28
:100C4000236C21D092EA030F04D092F0000F08BF6A
:100C50000846704790EA010F1CBF0020704712F051
:100C60007F4F04D1400028BF40F00040704712F190
:100C700000723CBF00F50000704700F0004343F0F5
:100C8000FE4040F4000070477FEA226216BF08462B
:100C90007FEA23630146420206BF5FEA412390EAEE
:100CA000010F40F4800070474FF0000304E000BFE4
:100CB00010F0004348BF40425FEA000C08BF704795
:100CC00043F0964301464FF000001CE050EA010259
:100CD00008BF70474FF000030AE000BF50EA01026E
:100CE00008BF704711F0004302D5404261EB41015B
:100CF0005FEA010C02BF84460146002043F0B64380
:100D000008BFA3F18053A3F50003BCFA8CF2083AA4
:100D1000A3EBC25310DB01FA02FC634400FA02FCAD
:100D2000C2F12002BCF1004F20FA02F243EB0200B4
:100D300008BF20F00100704702F1200201FA02FC16
:100D4000C2F1200250EA4C0021FA02F243EB020009
:100D500008BF20EADC7070474FF0FF0C1CEAD0524D
:100D60001EBF1CEAD15392EA0C0F93EA0C0F6FD00E
:100D70001A4480EA010C400218BF5FEA41211ED0EC
:100D80004FF0006343EA501043EA5111A0FB0131D8
:100D90000CF00040B1F5000F3EBF490041EAD371AD
:100DA0005B0040EA010062F17F02FD2A1DD8B3F129
:100DB000004F40EBC25008BF20F00100704790F098
:100DC000000F0CF0004C08BF49024CEA502040EAEA
:100DD00051207F3AC2BFD2F1FF0340EAC2507047B0
:100DE00040F400004FF00003013A5DDC12F1190FEE
:100DF000DCBF00F000407047C2F10002410021FA60
:100E000002F1C2F1200200FA02FC5FEA310040F177
:100E1000000053EA4C0308BF20EADC70704792F0F0
:100E2000000F00F0004C02BF400010F4000F013A28
:100E3000F9D040EA0C0093F0000F01F0004C02BF23
:100E4000490011F4000F013BF9D041EA0C018FE792
:100E50000CEAD15392EA0C0F18BF93EA0C0F0AD098
:100E600030F0004C18BF31F0004CD8D180EA0100BE
:100E700000F00040704790F0000F17BF90F0004F57
:100E8000084691F0000F91F0004F14D092EA0C0F39
:100E900001D142020FD193EA0C0F03D14B0218BFCC
:100EA000084608D180EA010000F0004040F0FE4012
:100EB00040F40000704740F0FE4040F440007047AE
:100EC0004FF0FF0C1CEAD0521EBF1CEAD15392EA2D
:100ED0000C0F93EA0C0F69D0A2EB030280EA010C1D
:100EE00049024FEA402037D04FF0805343EA1111B6
:100EF00043EA10130CF000408B4238BF5B0042F114
:100F00007D024FF4000C8B4224BF5B1A40EA0C00B8
:100F1000B3EB510F24BFA3EB510340EA5C00B3EBEA
:100F2000910F24BFA3EB910340EA9C00B3EBD10FD8
:100F300024BFA3EBD10340EADC001B0118BF5FEA2A
:100F40001C1CE0D1FD2A3FF650AF8B4240EBC25053
:100F500008BF20F0010070470CF0004C4CEA502014
:100F60007F32C2BFD2F1FF0340EAC250704740F463
:100F700000004FF00003013A37E792F0000F00F055
:100F8000004C02BF400010F4000F013AF9D040EAD3
:100F90000C0093F0000F01F0004C02BF490011F467
:100FA000000F013BF9D041EA0C0195E70CEAD1535F
:100FB00092EA0C0F08D142027FF47DAF93EA0C0F46
:100FC0007FF470AF084676E793EA0C0F04D14B022A
:100FD0003FF44CAF08466EE730F0004C18BF31F0DC
:100FE000004CCAD130F000427FF45CAF31F00043D6
:100FF0007FF43CAF5FE700BF4FF0FF3C06E000BF6F
:101000004FF0010C02E000BF4FF0010C4DF804CD91
:101010004FEA40024FEA41037FEA226C18BF7FEAA1
:10102000236C11D001B052EA530C18BF90EA010FA3
:1010300058BFB2EB030088BFC81738BF6FEAE17032
:1010400018BF40F0010070477FEA226C02D15FEACE
:10105000402C05D17FEA236CE4D15FEA412CE1D03A
:101060005DF8040B704700BF844608466146FFE701
:101070000FB5FFF7C9FF002848BF10F1000F0FBDE3
:101080004DF808EDFFF7F4FF0CBF012000205DF8DC
:1010900008FB00BF4DF808EDFFF7EAFF34BF012061
:1010A00000205DF808FB00BF4DF808EDFFF7E0FFFA
:1010B00094BF012000205DF808FB00BF4DF808ED4B
:1010C000FFF7D2FF94BF012000205DF808FB00BFAE
:1010D0004DF808EDFFF7C8FF34BF012000205DF890
:1010E00008FB00BF4FEA4002B2F1FE4F0FD34FF0B2
:1010F0009E03B3EB12620DD94FEA002343F0004385
:1011000010F0004F23FA02F018BF404270474FF032
:101110000000704712F1610F01D1420205D110F0B9
:10112000004008BF6FF0004070474FF0000070476C
:1011300042000ED2B2F1FE4F0BD34FF09E03B3EB41
:10114000126209D44FEA002343F0004323FA02F06D
:1011500070474FF00000704712F1610F01D1420259
:1011600002D14FF0FF3070474FF00000704700BFD2
:1011700053B94AB9002908BF00281CBF4FF0FF31FE
:101180004FF0FF3000F02AB8ADF1080C6DE904CE45
:1011900000F075F8DDF804E0DDE9022304B07047E3
:1011A000D0B50C4B002206460F46FFF7B5F900F00C
:1011B00017F80446FFF736F9074B0022FFF7ACF9A2
:1011C00002460B4630463946FEF7EEFF00F008F8BF
:1011D0002146D0BD0000F03D0000F041704700BF47
:1011E0004A0011D212F5001211D20DD56FF47873A6
:1011F000B3EB62520ED44FEAC12343F0004343EAFB
:10120000505323FA02F070474FF00000704750EA45
:10121000013002D14FF0FF3070474FF000007047AF
:101220004FEA40024FEA41037FEA226C02D15FEAB3
:10123000402C08D17FEA236C02D15FEA412C02D115
:101240004FF0000070474FF00100704738B5054679
:101250000C460022002328462146FFF7CFFB28B981
:1012600028462146BDE83840FFF79ABF284604F1DA
:101270000041FFF795FF404261EB410138BD2DE988
:10128000F04F07468C460846099E15463C461946CF
:10129000002B40F0C6808242B2FA82F746D94FB1A5
:1012A000C7F1200E24FA0EFE00FA07F3BD404EEA05
:1012B000030CBC404FEA15481FFA85FEBCFBF8F949
:1012C000220C08FB19C309FB0EFA42EA03439A45B4
:1012D00028D9EB1809F1FF3004D29A4502D9A9F1B7
:1012E00002002B44A3EB0A03A4B2B3FBF8F208FB01
:1012F000123302FB0EFE44EA0344A64514D92C190E
:1013000002F1FF3303D2A64501D9931E2C44A4EB6E
:101310000E0443EA00401EB1FC40002334607360B9
:10132000BDE8F08F4846DDE71346F0E702B9FFDE7F
:1013300087BB831A01214FEA154EAAB2B3FBFEFC0C
:10134000200C0EFB1C330CFB02F840EA03439845CB
:1013500063D9EB180CF1FF3004D2984502D9ACF1F7
:1013600002002B44A3EB0803A4B2B3FBFEFC0EFB6C
:101370001C330CFB02F244EA0344A2424FD92C195D
:101380000CF1FF3304D2A24202D9ACF102032C4487
:10139000A41ABEE7C7F1200C20FA0CF800FA07F3F4
:1013A00024FA0CFCBD404CEA03024FEA154EABB2E6
:1013B000B8FBFEFC110C0EFB1C800CFB03F941EA90
:1013C0000040814504FA07F423D928180CF1FF31B5
:1013D00004D2814502D9ACF102012844A0EB0900F6
:1013E00092B2B0FBFEFC0EFB1C000CFB03F842EAC1
:1013F000004398450FD9EB180CF1FF3204D2984501
:1014000002D9ACF102022B44A3EB080342EA0141EA
:1014100091E76146E2E76246F6E76046A2E7634687
:10142000B6E7834205D90EB1C6E90070002108462F
:1014300076E7B3FA83F181B9834201D3BA420AD87D
:10144000BC1A60EB030301209C46002E68D0C6E95D
:10145000004C002164E70846F7E7C1F1200C8B40FF
:1014600022FA0CF41C4302FA01F500FA01F327FA00
:101470000CF220FA0CFB4FEA14491343BBFBF9F8BA
:101480001FFA84FE09FB18BB1A0C08FB0EFA42EA8D
:101490000B42924507FA01F73ED9A21808F1FF3036
:1014A00004D2924502D9A8F102002244A2EB0A021A
:1014B0009BB2B2FBF9F809FB182208FB0EFE43EAC7
:1014C000024296452AD9A21808F1FF3304D2964564
:1014D00002D9A8F10203224443EA0040A0FB05938D
:1014E000A2EB0E029A42CE46984602D306D14F4551
:1014F00004D2B9EB050E63EB0408013886B1B7EBF3
:101500000E0362EB080707FA0CFCCB404CEA03031E
:10151000CF40C6E900379CE74046C7E74346DBE7D4
:101520003146FDE610F8012B11F8013B012A28BFD6
:101530009A42F7D0D01A7047034613F8012B002ABD
:10154000FBD1181A013870472DE9F14F9B460A9BD1
:1015500006464FF00040D8400F469246FEF772FF15
:10156000524604460D465B4630463946FEF7D4FFE8
:1015700002460B4620462946FEF7CEFF0AA3D3E9D2
:101580000023DDE90B8904460D46FFF755FA10B13B
:1015900005A5D5E900454B4642462046294601B0FF
:1015A000BDE8F04F08F0EABF0000C0FFFFFFDF41D9
:1015B0002DE9F74F0446C86816469A460D46FEF7D1
:1015C00053FF8046F0688946FEF74EFF02460B4601
:1015D00040464946FEF7A0FFDDE90C7B8046894680
:1015E000BAF1000F1BD0DAF80C00FEF73DFF0246FF
:1015F0000B4640464946FEF7D7FD8146F86821F084
:101600000048FEF731FF02460B4648464146FFF7C9
:10161000ADF80FA3D3E90023FFF7FAF950B13B4629
:10162000324629462046CDF830B003B0BDE8F04F31
:1016300009F02EB8084B009320466569074A08490F
:101640004FF49F73A847012003B0BDE8F08F00BF9F
:101650007B14AE47E17A943FF0F9020065F902008D
:10166000B5F70200000000002DE9F04F0B681E687E
:10167000012E89B0044688460FD00125934B019373
:10168000CDE90265924B00934469924A92495D23E9
:10169000A047284609B0BDE8F08F4B681D68012DB2
:1016A0000CD08A4B0193CDE902568C4B00934469D0
:1016B000884A89495E23A0470125EAE7002220F0F5
:1016C00035FE074640B9864B009366696023814A20
:1016D00084492046B047DCE783681B68002B04DCA4
:1016E000814B009366696123F1E700224146204661
:1016F00020F035FE814620B97C4B00936669632358
:10170000E5E7D8F8106026B9794B00936669652340
:10171000DDE73B78072B17D1A36B40F2024120464F
:10172000984720B9734B009366696B23CFE7B0628B
:10173000A36B40F202412046984720B96E4B0093BC
:1017400066696F23C3E7F06299F800203B78072AA7
:101750000CD1092B3DD0072B17D0684B009365693E
:1017600075235C4A5F492046A847A5E79A4230D0D6
:10177000CDE90232624B0193624B00936569782395
:10178000544A55492046A84796E7D9F810304BB13E
:101790000022CDE902325C4B01935C4B00936569FA
:1017A0007D23EDE740F201250095B36A5849594879
:1017B000002217F0A9FB0095F36A57484FF07E52BC
:1017C000002117F0A1FBD9F81030F361D9F80C30E3
:1017D00033623D78D8F81480092D3CD0072D40F0B5
:1017E0002181D9F810304BB10022CDE90232464BAD
:1017F0000193464B009365692523C1E7D9F80C9006
:101800004FF060514846FFF763FC00B34FF0605162
:101810004846FFF797F94149FFF75AFC054600286B
:1018200000F0BF804FF07C5300224846CDE90423EE
:10183000FEF71AFE3A4B0193CDE90201394B0093B2
:1018400065692623234A38492046A84734E7494694
:101850004FF06050DDE799F80000072870D1D9F803
:10186000103013F5004F09D0304ACDE90232304B29
:101870000193264B009365692B2381E7D9F80C501F
:101880004FF05E512846FFF723FCD0B14FF05E5178
:101890002846FFF757F92749FFF71AFC002800F000
:1018A0009D80254B00222846CDE90423FEF7DCFD70
:1018B000224B0193CDE902011A4B009365692C2359
:1018C000C0E729464FF05E50E3E700BF84370300CE
:1018D000AF010300A132030018FA0200D1FF020099
:1018E000CCFE0200B5F702006B090300D301030030
:1018F000F63203001133030028330300590C0300B0
:10190000F83D0300103E0300E2160300ED1903004A
:10191000000020C1E9950200D39502006F12033345
:101920006B330300773303004B3303000080FFFF6A
:101930008C3303006F1283320000F03E93330300B8
:10194000092812D0676908F0D3FD0646284608F03A
:10195000CFFD514B0193514B0093CDE90260504AAA
:1019600050492F232046B847A6E6D9F8103013F186
:10197000800F0AD06FF07F02CDE902324A4B01930B
:101980004A4B009365693023FAE6D9F80C004FF012
:101990006E51FFF775FB08BB454B0093656931231A
:1019A000DFE6F868FEF760FD8246D8F800008B4657
:1019B000FEF75AFD02460B4650465946FEF7ACFD6F
:1019C00006F1080432A3D3E90023FEF7CFFE07ABEC
:1019D000224608F099FD079BF3605AE6F868FEF787
:1019E00043FD0446D8F800000D46FEF73DFD07AB69
:1019F0000293052706F10803019322462B46009720
:101A0000FFF7A2FD0799F1601F22384620F039FC4C
:101A1000FEF718FD01F100431946FFF717F8B06112
:101A2000002536E6012D13D02846666908F060FDD2
:101A30000546012008F05CFD1E4B01931E4B0093F0
:101A4000CDE90250164A17494E232046B04733E6E7
:101A500099F80000012812D0676908F049FD064690
:101A6000284608F045FD134B01930C4B0093CDE93C
:101A700002600B4A0B494F232046B84709E6D8F8C5
:101A80000000FEF7F1FCC6E90001C9E7AFF30080F2
:101A9000140014001400243F42090300F83D030021
:101AA000A1320300E2FF02009F330300ED1903009F
:101AB000A4330300A30C0300103E03000000000049
:101AC0002DE9F04F4D698BB004460E460DB92AF052
:101AD00022F9002220F02AFC069068B9984B65692B
:101AE000009340F25713974A97492046A84701258B
:101AF00028460BB0BDE8F08F01223146204620F089
:101B000015FC089028B9914B009365694FF4AD73AB
:101B1000E9E702223146204620F008FC814628B938
:101B20008B4B0093656940F25D13DCE7032231467D
:101B3000204620F039FC042280463146204620F021
:101B4000F5FB834628B9834B009365694FF4B17365
:101B5000C9E7089B2A689B685B68059393FBF2F3CF
:101B600007930799059B02FB113272B10023CDE95F
:101B70000223794B01936569784B009340F2691316
:101B8000704A77492046A847B1E7069B1D7805F0C3
:101B9000F705012D05D0734B009365694FF4B773BA
:101BA000A1E7069B9B68196802290ED00223CDE9A4
:101BB00002136D4B019366696C4B00934FF4B8733D
:101BC000604A67492046B04792E771680968012971
:101BD00009D0674B0193674B0093CDE90215666905
:101BE0004FF4BA73ECE7D3E9013A0493D9F808301B
:101BF00031469B680993204620F0B1FB099B0746BC
:101C000048B95D4B666900934FF4BB734D4A4E492A
:101C10002046B0476CE781680A68022A0AD002238E
:101C2000CDE90223504B0193544B0093666940F277
:101C30007713C5E74868DDF810C0604509D0504B00
:101C40000193504B0093CDE9020C66694FF4BC73CD
:101C5000B6E789680798814209D04B4B01934B4BFB
:101C60000093CDE90210666940F27913A8E708995C
:101C700088680168022909D03B4B0193444B0093CB
:101C8000CDE9021266694FF4BE7399E78268524546
:101C900009D0404B0193404B0093CDE9022A66697D
:101CA00040F27D138CE7D9F808201068022809D08B
:101CB0002D4B0193394B0093CDE9020166694FF436
:101CC000C0737DE751680598814209D0344B019378
:101CD000344B0093CDE90210666940F281136FE73F
:101CE00092689A4209D0CDE902232F4B01932F4BE2
:101CF000009366694FF4C17362E7B8F1000F0FD02B
:101D0000D8F80820079952688A4209D01E4B0193DF
:101D1000274B0093CDE9022166694FF4C3734FE767
:101D2000DBF808201168022946D00223CDE902130E
:101D30000D4B01931F4B009366694FF4C5733FE74A
:101D4000CCFE0200AD390300B5F70200FF390300F5
:101D50001A3A0300323A0300E21603004E3A030037
:101D600018FA020012090300BE1B03003F0A030019
:101D70008437030000080300D3010300C4180300E4
:101D8000613A03006C3A0300823A03008C3A030084
:101D9000A23A0300C13A0300CC3A0300EB3A030035
:101DA000AD3B0300073B0300233B03002F3B030035
:101DB0004B3B03005F3B030051680498814209D00C
:101DC000A94B0193A94B0093CDE90210666940F23B
:101DD0008B13F5E6059992684B439A4209D0CDE9F9
:101DE0000223A34B0193A34B009366694FF4C67380
:101DF000E6E69BF82D3053B90122CDE902329E4B25
:101E000001939E4B0093666940F28F13D8E63368C6
:101E10001B68052B0AD00522CDE90232984B0193AD
:101E2000984B0093666940F29113C9E63669002E1B
:101E30003FF44DAE089B93F800A0069B1B78092B3E
:101E400040F0BB80BAF1090F09D0CDE902A38E4B57
:101E500001938E4B0093666940F29713B0E699F8B0
:101E60000030072B0AD00722CDE90232884B0193BC
:101E7000884B009366694FF4CC73A1E69BF8003061
:101E8000072B0AD00722CDE90232814B0193824B06
:101E90000093666940F2991392E6B8F1000F0ED0F4
:101EA00098F80030022B0AD00222CDE902327B4B97
:101EB00001937B4B0093666940F29B1380E6387870
:101EC000092813D0676908F013FB0646092008F0BB
:101ED0000FFB6D4B0193CDE90260724B00934FF401
:101EE000CF73714A71492046B84701E6DBF80CB060
:101EF000D9F80C105846FEF72FFF8246D8F80C0090
:101F0000FEF7B2FA804650468946FEF7ADFA024621
:101F10000B4640464946FEF747F921F0004950A3D9
:101F2000D3E900234946FEF769FD28B9604B0093C9
:101F300066694FF4D47369E6089BFD68D968069B0F
:101F4000D868FEF709FF5946FEF7BAFF06F1080800
:101F5000FEF78AFA4346324608F0D6FA294650463A
:101F6000FEF7AEFF06F10C0906F10408FEF77CFA55
:101F70004B46424608F0C8FA069B1B69B3613B69B1
:101F8000F361236C002B3FF4A2ADDDE90421514342
:101F9000890006F1100220469847054600287FF484
:101FA000A7AD079B04995943236C06F114028900DD
:101FB00020460BB0BDE8F04F1847BAF1010F0AD028
:101FC0000123CDE902A33B4B0193304B009366699B
:101FD00040F2C313F4E599F80030012B09D0CDE9A4
:101FE000023A344B01932B4B009365694FF4E27333
:101FF000C6E59BF80050012D0AD02E4B0193012617
:10200000254B0093CDE9025640F2C5136569B7E54B
:10201000B8F1000F0ED098F80030012B0AD0012241
:10202000CDE90232234B01931D4B0093666940F2C8
:10203000C713C5E5387801283ED0676908F058FA1B
:102040000646012008F054FA1A4B0193154B0093F1
:10205000CDE9026040F2C91343E700BFAFF300804F
:10206000F168E388B5F8E43E613A03007F3B030082
:102070009F3B0300B93B0300D93B0300DE3B030059
:10208000D13C03009120030042090300FC3B030004
:10209000860C0300123C0300253C0300372003009C
:1020A0003C3C0300F83D0300AD390300E2FF0200B1
:1020B000473C0300A30C0300236C002B3FF407AD47
:1020C000DDE90412514306F1100270E70000000040
:1020D0002DE9FF47CE4A21F00043934205460C46C6
:1020E0000E465BD9CB4A93421DD9CB4A93420ED9B7
:1020F000C1F313030343024603D00B46FEF756F821
:102100004DE1002980F24D81C44C002549E1A8A38E
:10211000D3E90023FEF790FC28B1002004B0BDE80D
:10212000F04729F0C8BD002E0CDAA3A3D3E90023A1
:1021300028462146FEF73AF800220023FEF75EFC0F
:102140000028E1D19EA3D3E9002328462146FEF7CB
:10215000E3F9002EB4BFB24BB24B0022FEF726F8D3
:10216000FEF774FC8246FEF76DF997A3D3E90023CE
:1021700080468946FEF7D0F902460B46284621469E
:10218000FEF712F892A3D3E9002306460F46404615
:102190004946FEF7C1F98046894616E0A24A9342B5
:1021A00040F2A980A14A9342CCD8002986A3D3E962
:1021B0000023C0F29580FDF7F7FF0FF21429D9E94B
:1021C000008906460F464FF0010A42464B4630460C
:1021D0003946FDF7E9FF02460B4605460C463046F8
:1021E0003946FDF7E1FF42464B46FDF7DDFFCDE9FD
:1021F00000018C4B002228462146FEF78DF9064649
:102200000F4602460B4628462146FEF785F972A383
:10221000D3E9002380468946FEF77EF970A3D3E90F
:102220000023FDF7C3FF42464B46FEF775F96EA348
:10223000D3E90023FDF7B8FF42464B46FEF76CF9A1
:102240006BA3D3E90023FDF7B1FF42464B46FEF7EF
:1022500063F969A3D3E90023FDF7A6FF42464B4685
:10226000FEF75AF9724B0022FDF7A0FFCDE90201FB
:1022700002460B4630463946FEF74EF902460B46FB
:1022800000206C49FDF790FF02460B4606460F46BC
:10229000DDE90201FDF788FF3246CDE902013B4648
:1022A00028462146FEF738F902460B4600206249CF
:1022B000FDF77AFF02460B46DDE90201FEF756FA0A
:1022C00042464B46FEF728F902460B46BAF1000F8C
:1022D00027D128462146FEF71FF942464B4614E017
:1022E000FDF764FF0FF21819D9E9008906460F4679
:1022F0004FF0FF3A69E7514A93420FD842A3D3E91E
:102300000023FDF753FF02460B46FDF74DFF024643
:102310000B4628462146FDF747FF40E04FF0000AF4
:1023200067E7DDE90023FDF73FFF2A462346FEF776
:10233000F3F8DDE90023FDF737FF42464B46FDF792
:1023400033FFBAF1FF3F06460F460CD102460B465B
:1023500028462146FDF728FF324B0022FEF7DCF825
:10236000304B0022D7E7BAF1010F78D1344B00226D
:1023700028462146FEF742FB002863D0294B002265
:1023800028462146FDF712FF02460B4630463946E5
:10239000FDF70AFF00224FF04043FEF7BDF8054667
:1023A0000C462846214604B0BDE8F087AFF3008014
:1023B000EF39FAFE422E864059F3F8C21F6EA5018E
:1023C000FE822B654715F73F0000E0FE422EE63FF8
:1023D000763C7935EF39EA3D2DC3096EB7FD8ABEEB
:1023E0003952E686CACFD03EB7DBAA9E19CE143F3B
:1023F0008555FE19A0015A3FF41011111111A13F8A
:10240000763C7935EF39EABD9C7500883CE4377E2F
:1024100079684340412E8640FFFFEF7F0000F0BF08
:102420000000E0BF0000E03F422ED63FB1A2F03FE7
:102430000000F03F0000084000001840FFFF8F3C04
:102440000000D0BF32463B4628462146FDF7ACFE91
:1024500002460B46FDF7AAFE224B00224EE60AF189
:102460000103392B4FEA0A560DD92A462346FDF7B8
:102470009BFE02460B4600201A49FDF795FE194BBC
:102480007118002247E7BAF1130F17DC2A462346DA
:102490004FF40017FDF788FE47FA0AFACAF17F5990
:1024A0004FF0000809F5401902460B4640464946E0
:1024B000FDF77AFE731805461C4672E7CAF57F7A67
:1024C0000AF1030A4FEA0A530022FDF76FFE0246A3
:1024D0000B4628462146FDF767FE024B0022FDF71A
:1024E00065FEE7E70000F03F2DE9F843C1F30A5825
:1024F000A8F2FF36132E02460B4607460C46054649
:1025000033DC002E14DA34A3D3E90023FDF74EFEAA
:1025100000220023FEF790FA38B1002C58DA24F09C
:1025200000431D4301D02E4C002523462F4625E0B5
:102530002C4A42FA06F801EA080202431ED026A3FA
:10254000D3E90023FDF732FE00220023FEF774FAE0
:102550000028EAD0002CBEBF4FF4801343FA06F6E1
:10256000A41924EA08040025DFE7332E0ADDB6F5B6
:10257000806F03D1FDF71AFE07460B463846194611
:10258000BDE8F883A8F213484FF0FF3222FA08F8AA
:1025900018EA000FF2D010A3D3E90023FDF706FEDE
:1025A00000220023FEF748FA0028BED0002C02DAF1
:1025B000142E03D1013425EA0805B6E70123C6F13C
:1025C000340603FA06F63544BD4238BFE418F2E794
:1025D00000252C46A9E700BF9C7500883CE4377EA7
:1025E0000000F0BFFFFF0F00F8B506460F4600F0F1
:1025F0003BF81B4B93F90030013304460D4612D0D3
:102600003046394629F05CFB68B111A3D3E90023B9
:1026100030463946FEF710FA40B11EF019FC114D54
:1026200022230360002420462946F8BD0AA3D3E9EB
:10263000002330463946FEF7E1F90028F3D01EF0BA
:1026400007FC2223036000240025ECE7AFF30080A1
:10265000EF39FAFE422E864051302DD5104987C001
:10266000700200200000F07F2DE9FF47AA4F21F003
:102670000043BB4205460C464FEAD1762FD9A74FFF
:10268000BB4211D9C1F313020346134306D00246DD
:102690000B46FDF78BFD05460C4600E0E6B92846E3
:1026A000214604B0BDE8F08785A3D3E90023FEF7F7
:1026B000C3F938B184A3D3E9002310461946FDF7C6
:1026C0002BFFE8E782A3D3E9002328462146FEF743
:1026D00095F9002800F0828000252C46DFE7904A1B
:1026E000934240F2A7808F4A934277D88E4B03EBF8
:1026F000C603D3E90023FDF757FD8C4BF4002344B8
:10270000D3E90034CDE90034C6F1010A8046894698
:10271000AAEB060ADDE9002340464946FDF744FDE1
:1027200005460C462A46234628462146FDF7F4FE78
:1027300069A3D3E9002306460F46FDF7EDFE68A323
:10274000D3E90023FDF730FD32463B46FDF7E4FEBA
:1027500065A3D3E90023FDF729FD32463B46FDF78B
:10276000DBFE63A3D3E90023FDF71EFD32463B46A3
:10277000FDF7D2FE60A3D3E90023FDF717FD324633
:102780003B46FDF7C9FE02460B4628462146FDF7AB
:102790000BFD02460B4606460F4628462146FDF72E
:1027A000BBFECDE90201BAF1000F5AD100224FF071
:1027B000804330463946FDF7F7FC02460B46DDE91B
:1027C0000201FDF7D3FF2A462346FDF7EDFC024642
:1027D0000B4600205649FDF7E7FC5CE7554848A347
:1027E000D3E9002300EBC60621462846FDF794FEF8
:1027F000D6E90023FDF7DAFCFEF728F98246FDF75B
:1028000021FE41A3D3E9002306460F46FDF784FECF
:1028100002460B4628462146FDF7C6FC3CA3D3E9F9
:1028200000238046894630463946FDF775FECDE9DE
:1028300000016FE7404A93420ED823A3D3E9002357
:10284000FDF7B4FC3A4B0022FEF7F6F838B1384BEE
:102850000022284621461CE74FF0000A62E7824624
:1028600060E732463B4600204FF08041FDF79CFC7C
:1028700002460B46DDE90201FDF778FF02460B46F2
:10288000DDE90001FDF790FC42464B46FDF78CFC6C
:1028900002460B4600202649FDF786FC6FF47F7246
:1028A000924502DB01EB0A51F5E60AF57A7A01EB73
:1028B0000A5100224FF0B87301E700BFAFF3008068
:1028C000EF39FAFE422E86409C7500883CE4377E44
:1028D00051302DD5104987C0D0A4BE726937663EED
:1028E000F16BD2C541BDBB3E2CDE25AF6A56113F10
:1028F00093BDBE166CC1663F3E5555555555C53FF7
:10290000FE822B654715F73F0000E0FE422EE63FB2
:10291000763C7935EF39EA3D412E8640FFFFEF7F67
:10292000422ED63FB1A2F03F80D6020090D60200E0
:102930000000F03F70D60200FFFF2F3E70B54A4BFB
:102940001A68D20786B006D401221A604749484A5D
:1029500048481EF044FA484D464B2B60474B484CC4
:102960001A68D118D3582160CB1A1A88042A0FD9B3
:102970009A8812B18A58032A0CD042493D48032351
:102980001FF0B8FD404806B0BDE870401DF052BDD4
:102990000022F2E73D4E3368DB0709D43C4805F0DE
:1029A00059FF0123324A3B49394833601EF017FA78
:1029B000394E336813F0010312D102932B6801934F
:1029C0004FF42A330093324A344B2168344806F0DE
:1029D00069FD0123264A3349314833601EF0FFF96F
:1029E000314E2F48306006F0D1FE044628B12F4901
:1029F00028681FF07FFD2E48C5E70146306806F0C5
:102A000089FD2C4B21461860306806F09BFD2A4D4D
:102A1000284628F0C2FD28B32A69A968136843F440
:102A20000053136028460B68244A0D21984720461E
:102A3000059401F047F9A8B9214C059B93B9A36807
:102A40001B6D1BB105AA042120469847AB684FF4C3
:102A500000515B6928469847002140F6CD401AF0A6
:102A6000A7FDEAE706B070BDFC060020D90302000E
:102A70003C1A00200000002008070020B8CC02000B
:102A80001007002070E10200B7E1020000070020FB
:102A9000AC070020DB030200F8060020B828002065
:102AA00014070020AD1D020004070020C5E102004C
:102AB000DEE102000C070020D0C202000100060087
:102AC00000C302002DE9F04FDFF88490DFF884A006
:102AD00091B00A254FF0405800241CF0A1FE064694
:102AE0001CF09EFED9F8003007463046D3F804B0FB
:102AF000FEF7DEF84146FEF72FF906463846FEF7A8
:102B0000D7F84146FEF728F901463046FEF71AF895
:102B10004BF804000434B4F5804FDED1DAF800003D
:102B200006F010FF28B10C4811B0BDE8F04F1DF0C1
:102B300081BC013DD0D1094A402168461CF0D8FE35
:102B4000074869461DF076FC11B0BDE8F08F00BF64
:102B50000C07002004070020F4E1020001E202005B
:102B600004E202000B6801330B60014B1B6818473D
:102B700004000020014B1860704700BF04000020D3
:102B80001FB5002402460B46009403A90248039493
:102B900000F044F904B010BD652B00002DE9F84F9A
:102BA000B0F81C9019F00808044693460DD001298E
:102BB0000CBF49F0100949F02009A0F81C908BF3D4
:102BC0001188BFF36F8FBDE8F88F09F0070902295C
:102BD00007D120461DF055FC0028F0D00128A38B1A
:102BE0004ED1A769A18B002F15DA256821F00701C6
:102BF000C4E9008841F00101A1830026A18B01F006
:102C0000070ACA4502D0A368002B5AD10DB9002E7D
:102C100071D0002356E001F007035A1F012A1ED885
:102C200021F00701062B256889B2C4E900880AD182
:102C30003DB1E38B2A46126801339BB2002AFAD1D8
:102C4000E38341F00201A18320461DF01AFC0646F1
:102C50000028D3D0A38B43F02003A383CDE7042B1C
:102C60000CD121F0070189B2A18320461DF009FC97
:102C700005460028C1D041F02001A1830025BCE712
:102C8000032809D1226923F00703166843F00603DD
:102C9000A38300252F46B1E7042806D1226923F03B
:102CA0000703566843F00403F2E7052806D12269BA
:102CB00023F00703966843F00503E9E700252E4655
:102CC000E8E7012341F00801A1838BF31188BFF3EA
:102CD0006F8FFBB985BB16B11F492046B0474FF037
:102CE0002003EFF3118B83F31288BFF36F8FA38B55
:102CF00023F00803A383A38BDA0625D523F0100362
:102D0000A3830121B4F81C9009F0070900297FF47E
:102D10005EAF54E7A1680029DCD0D1F80090D1F86B
:102D200004B03B4652462046D847B9F1000FD1D0F7
:102D30004946D9F80090F2E729463B4652462046DC
:102D40002D681DF0BAFBC5E713F020011EBF23F06C
:102D50002003A3830221D5E7E7040200F0B5084E63
:102D6000026803460A270020114601320C78A55D4F
:102D70006D0701D41960F0BD07FB00403038F3E760
:102D8000CB4003002DE9F84F15469A46D378224AE6
:102D900013F802B06F2B80460F460BF0030B29D0BF
:102DA00024D8582B14BF0A261026DDF82890324666
:102DB000002340463946FEF7DBF9092AD4B21ED873
:102DC0003034B045E4B277F1000309F8014D01D386
:102DD000D14511D82B789B0605D5082E15D1AB7897
:102DE00043F00803AB704846BDE8F88F03F0F703E3
:102DF000702BD7E70826D8E780460F46D7E7BBF108
:102E0000010F0CBF37345734DBE7102EEBD1AB7812
:102E100043F01003E6E700BFCB4003002DE9F04F7D
:102E2000824693B08B4691461C46002599F80000D7
:102E300008B9284641E309F101032528029306D089
:102E40005946D0470028C0F238830135F5E11822F1
:102E500000210CA828F0D2FF99F80130252B5AD078
:102E600009F10102164612F8013B2B2B00F08B8072
:102E700079D8202B00F08C80232B00F08E809DF8D9
:102E8000383003F04402442A03D16FF386138DF8DF
:102E900038309DF83830059643F080038DF838308F
:102EA00033782A2B7ED19DF8393043F001038DF819
:102EB0003930731C05931A782E2A9DF839200CBFDF
:102EC0000121002161F341028DF839200BD15A1CF8
:102ED00005925A782A2A7BD19DF8392042F00402C3
:102EE0008DF839200233194611F8010B6C2800F0D7
:102EF000B6807DD8682800F084806A2800F0B98008
:102F00004C2800F0BD809DF839206FF3C6028DF883
:102F10003920194680E009F1020202928DF83B3017
:102F20009DF83930D90740F14A8154F8048BB8F143
:102F3000000F07DA9DF8382042F004028DF838209F
:102F4000C8F100085A0740F1438154F8047B002F70
:102F500080F242819DF839306FF341038DF83930AA
:102F60004FF0FF3738E12D2B06D0302B87D19DF85D
:102F7000383043F0400303E09DF8383043F0040359
:102F80008DF838306EE79DF8383043F00803F7E7E6
:102F90009DF8383043F01003F2E79DF8383043F0E5
:102FA0002003EDE705A8FFF7D9FE059BB34281D0CA
:102FB0009DF838100F90C1F3400242EAD0725200DF
:102FC00062F07F0201F07D010A438DF8382071E73D
:102FD00005A8FFF7C3FE9DF838301090C3F34002F8
:102FE00042EAD07060F341038DF83830059B7AE7F0
:102FF00074289DF8392040D07A2884D113460622BF
:1030000028E05A78682A9DF8392021D1012161F3FE
:10301000C6028DF83920991C0B4613F8012B029338
:10302000782A9DF839308DF83B2000F2C080572A6D
:1030300033D8412A03D0453A022A00F2B8809DF8DD
:103040003A30042262F302038DF83A30012385E01E
:103050001346022262F3C6038DF83930DCE75A7852
:103060006C2A9DF8392001D10421D0E713460322B0
:10307000F0E79DF839300522ECE713460722E9E72F
:10308000BDF8383023F4F04323F0020343F48043C7
:1030900043F00203ADF83830BEE7A2F15801202911
:1030A00000F2858001A050F821F000BF71310000CE
:1030B000AF310000AF310000AF310000AF31000090
:1030C000AF310000AF310000AF310000AF31000080
:1030D0003F300000AF31000071310000313100009D
:1030E0003F3000003F3000003F300000AF310000B3
:1030F00031310000AF310000AF310000AF310000CE
:10310000AF310000793100007131000095310000CD
:10311000AF310000AF31000095310000AF31000049
:1031200071310000AF310000AF310000713100009B
:103130009DF83A10012003F0780360F30201402B60
:103140008DF83A1002BF9DF8381041F001018DF85A
:103150003810632A31D1003B18BF01239DF8382075
:10316000C2F340010B4363F341028DF83820D7E6E8
:103170009DF83A100220DEE79DF83A2003F078032C
:10318000A3F14000032161F3020243428DF83A208B
:103190004341E3E79DF83A20032113F0780F61F3F0
:1031A00002028DF83A2014BF01230023D6E79DF8D0
:1031B000383043F001038DF838300023CEE79DF915
:1031C0003820002AB4BFDDF83C804FF0FF38B9E664
:1031D0009F077FF5C5AE109F9DF839100023CDE9FC
:1031E0000F339DF83A3003F00703012BC1F3C301FD
:1031F00036D1CB1E042B23D8DFE803F003090922C4
:10320000220054F8043BDA17CDE90C3206E007340B
:1032100024F00704F4E80223CDE90C239DF83830AC
:1032200013F003065AD0029B4A46594650461DF0F9
:10323000E4FB0028C0F241810544DDF80890F5E583
:1032400054F8043B01294FEAE372CDE90C3202D174
:103250009DF93030D7E70229E0D1BDF93030D2E70F
:10326000022B29D1CB1E042B13D8DFE803F0030A6D
:103270000A12120022680C920023201D0D930446AE
:10328000CCE7E01D20F00700F0E80223CDE90C2395
:10329000F5E754F8043B0C9301294FF000030D931C
:1032A00005D19DF830300C9300230D93B6E7022929
:1032B000B4D1BDF83030F6E7042B09D1E31D23F07B
:1032C000070303F10804D3E90023CDE90C23A5E7A4
:1032D000032B04BF54F8043B0C939FE79DF83B007D
:1032E0007828AAD8622820D825283FF4A9AD5828E4
:1032F000A3D10DF12E030093DDE90C0106AB0EAA5C
:10330000FFF740FD8146002F0DF12E000BDB9DF8ED
:103310003820A0EB09036FF386129F428DF8382006
:1033200001D9FB1A0F9307463DE06338152884D86E
:1033300001A252F820F000BFB7330000193400009A
:103340003B3200003B3200003B3200003B320000C9
:10335000193400003B3200003B3200003B320000D9
:103360003B3200007334000041340000453400005B
:103370003B3200003B320000913300003B32000042
:10338000413400003B3200003B3200004134000079
:10339000002FDDF830900ADB3946484628F010FE51
:1033A00009EB00070026B9F1000F0CD145E74846AC
:1033B000FEF7C2F8F4E70C9B8DF8183000260DF1EB
:1033C00019070DF11809A7EB090306B101339DF8A0
:1033D0003A20D00666D5023352060F9948BF109A9C
:1033E0000B4448BF9B18B8F1000F73DD9DF83820DF
:1033F000A8EB0308C2F38003039353076AD4500673
:103400005ED53EB159463046D047002855DB039B78
:1034100001351E46302354E01E070FD413F010066A
:1034200018BF2026DDE90C23002BBFF662AF524205
:1034300063EB4303CDE90C232D265AE72B26F1E756
:10344000002656E70C9840B30DF12E0300930EAA08
:1034500006AB0021FFF796FCBDF83A3003F0EF030E
:1034600043F4F04343F010038146ADF83A300026B0
:1034700049E70C9B07293FF6E0AEDFE801F00C04BA
:10348000060C08080C0C1D70D7E61D80D5E6EA175F
:10349000C3E90052D1E61D60CFE62E4F0646A7F1E4
:1034A000050990E7110748BF013395E718465946CB
:1034B0000393D0470028039B04DA13B0BDE8F08FD4
:1034C000202345444246002AA5EB080108F1FF38B5
:1034D000ECDC0D462EB159463046D0470028ECDBD7
:1034E00001359DF83A30D90601D41A0705D5594659
:1034F0003020D0470028E0DB01359DF83A30DB066C
:1035000006D59DF83B005946D0470028D5DB01354C
:103510000F9E2E44731B002B15DC3B464A46594632
:1035200050461DF06AFA0028C7DB0544A844A8EB02
:103530000503002B7FF781AE59462020D047002895
:10354000BBDB0135F3E759463020D0470028B4DB18
:103550000135DFE70DE2020038B5044C044DAC4202
:1035600000D338BD54F8043B9847F8E7F8C402008C
:10357000F8C4020038B5054C256804EB850405B98C
:1035800038BD54F80439013D9847F8E7ECC402000F
:103590000C4BF0B45F6A0C4E0C4BB34203D36FF08C
:1035A0008500F0BC70475D68BD4209D31C693CB121
:1035B00095F802C00579AC4502D12346F0BC184706
:1035C0002433EAE7401A0020EC030020C80300205F
:1035D0002DE9F047134CDFF85080DFF85090054696
:1035E0000E461746444503D36FF08500BDE8F087CB
:1035F0006268D9F824309A4212D3A36983B19078D3
:103600002979884205D13A4631462846BDE8F04737
:1036100018475279012A03D13A463146284698473D
:103620002434DFE7C8030020EC030020401A002008
:103630002DE9F0410B4CDFF8308005460E46174669
:10364000444502D36FF0850009E063690BB9243467
:10365000F6E73A463146284698470028F7D1BDE8B4
:10366000F08100BFC8030020EC03002007B5837879
:103670008DF800300379427943EA0223ADF8023035
:10368000C378684603F003038DF8043002F010F9A4
:1036900010F1780F04D018B1002003B05DF804FBDE
:1036A0009DF8000002F08AF910F1780F01D000288F
:1036B000F2D1024B012083F8B900EEE7401A002056
:1036C000034B0022C3F8BB20C3F8BF20704700BFE4
:1036D000401A002070B50B4B0B4CA34201D30020C5
:1036E00070BD196A1E7F00220439D5B2AE4201D8DE
:1036F0002433F2E7013211F832508542F5D101202E
:10370000EEE700BFC8030020EC030020094808B51D
:103710000378C3F341130A3350F823303BB100F16F
:10372000080200F110019847C043C00F08BD1846B9
:10373000FCE700BF401A002004282DE9F047DFF81D
:10374000888004460E460ED1FFF7BAFFDFF87C9062
:1037500099F8B9305BB100F0B3FD042C01D0012C15
:1037600005D11B4D16E00528F0D00128EED0184DEC
:1037700045451ED3154B1B6A1BB331462046BDE899
:10378000F0471847D5F820A000272A7FFBB29A42BD
:1037900003D824354545F5D307E00AEBC3030137C9
:1037A000187902F035F90028EFDA002389F8B930EA
:1037B000DDE7EB681BB132462146284698472435A1
:1037C000D6E7BDE8F08700BFEC030020401A0020D8
:1037D000C803002073B5C4B263060D468DF80740D8
:1037E00007D02046FFF776FF88B10F4B93F8BA0059
:1037F00068B10D4E204665B102F07CF8F3690BB953
:10380000012004E008200DF107019847284602B086
:1038100070BD02F097F8F369002BF1D00DF10701AC
:1038200009209847ECE700BF401A00202DE9F04737
:10383000A84EB36905460F46904663B9287800F054
:103840001F00012800F0A680022800F00E8138B188
:103850006FF0150095E098470028EFD1002090E028
:1038600095F900206B78002A31DA062BD8F8002071
:1038700010D0082B25D0002BEAD1012153701170F4
:1038800096F8C310002918BF022343F001031370F8
:1038900002231AE06B881A0A111F0129D8D9072AB6
:1038A000D6D8D9B2736A1C78002CD1D05D789542F5
:1038B00003D1814200F0128101302344F3E71B78E9
:1038C00012E196F8BA30137001233B6059E0013BD6
:1038D000082BBDD801A252F823F000BF75390000B3
:1038E00051380000873900005138000001390000CC
:1038F0005138000051380000513800000D390000E7
:10390000A87801F0C3FF0028A8D0A1E76C8844B1D3
:103910004FF0FF08776A0020C1463C786CB9002858
:1039200096D0FFF7CDFE6B8886F8BA30F369002B8E
:1039300094D069490320984790E77B78042B0CD0FA
:10394000052B0DD0022B05D197F805806A884245DA
:1039500008BF01203B781F44DFE797F80390F9E7A1
:103960006B884345F6D1B9F1000FF3D13846FFF724
:103970007DFEEFE76B88012B7FF46AAF002086F8AD
:10398000C300BDE8F0876B88012B7FF461AF86F838
:10399000C33063E796F8BA30002B3FF459AF746A2E
:1039A000B5F804C0287923461A78002A3FF450AFAE
:1039B0005978022904D193F804E0864500F29680F4
:1039C0001344F1E7107050703960DAE70C449BE063
:1039D0000B287FF43DAF00274FF0FF0AD046B946D1
:1039E00006E06378042B0FD0052B22D023781C44EB
:1039F0002378002BF5D1F36913B149460720984786
:103A0000002F7FF42BAF23E794F802A0AA8894F844
:103A1000038092455346E9D1698888451FFA88F2A8
:103A2000E4D1072B1ED83344A14683F8BB200127DD
:103A3000DCE7AB885345D9D1AB7843450DD0A778A7
:103A4000384600F01FFC384601F0E2FF10F1780F15
:103A5000EDD0B0FA80F77F09C8E72046FFF706FEF1
:103A60000746C3E7A1460027C0E795F900206B7819
:103A7000002A19DA002B7FF4EBAE2C7963060AD00A
:103A80002046FFF727FE00283FF4E2AE96F8BA3052
:103A9000002B3FF4DDAED8F800502046294601F057
:103AA00071FF00206870F3E6012B08D0032B7FF430
:103AB000CFAE6B88002B7FF4CBAE012103E0698889
:103AC00000297FF4C5AEA888FFF784FE00287FF4A4
:103AD000C5AEBDE6401A0020FA1A0020022AC8F836
:103AE00000307FF4ECAE5B883B60B7E695F90030C0
:103AF0006878002BBFF66CAFD8F8002000283FF4A0
:103B000061AF0A287FF4A4AE217800293FF4A0AE6B
:103B10006378042B7FF45AAFA3789C457FF456AFAB
:103B2000072B96BF9B19002393F8BB30137001231A
:103B3000DAE700BF13B5134C237DCBB9E268A16867
:103B4000019201AB80201DF01DF8019AA368134477
:103B5000A360E3689B1AE36043B93AB12369E28842
:103B60009A4203DD9B0601D10123237502B010BDEB
:103B700000231A4619468020237502B0BDE8104084
:103B800001F06CBF401A002030B585B0002302461A
:103B90000D46019300285FD100293CD108220B4635
:103BA0000DEB02011DF097F9002804DA802001F0E6
:103BB000A1FE05B030BD2D4C9DF809309DF80820C0
:103BC0006370BDF80A306380BDF80C302270A380AA
:103BD00004F13801BDF80E30E3801206C4E9035544
:103BE000A16025750AD4802B04D9802001F082FEC3
:103BF0000020DCE713B1C4E90333DAE7FFF786FD01
:103C00000028D3D0E28823699A42D4BFE260E360FF
:103C1000FFF790FFCDE7154CD4E90215002D01AB5D
:103C200004DC1DF058F90028C3DABFE72A461DF06E
:103C300052F90028D9DB0199A268E3680A445B1AAB
:103C4000A260E360002BB4D104F13803A360FFF756
:103C50005DFD0028DCD1A9E78028AAD1034BDA68F2
:103C6000002AD5D11B7D002BD2D1A2E7401A00201B
:103C7000054B064A9A62064ADA62064A1A63064AFF
:103C800058629A6100207047401A00202D380000C9
:103C90009135000031360000D1350000084B10B5D9
:103CA00093F8B84034B900F0A3F930B1FFF7E0FF62
:103CB000204610BD6FF07700FBE74FF0FF30F8E7CC
:103CC000401A00202DE9F3410446354D35484FF0A8
:103CD000FF324FF0FF3318F047FF95F8B860002E21
:103CE0005BD131482C62E86101F0CEFF01F090FD1C
:103CF000041E36DB00F00CFB041E32DB402368465A
:103D0000ADF802308DF804608DF8006001F0D0FD50
:103D1000041E26DB802768468DF8007001F0C8FD80
:103D2000041E1EDB2149304601F09AFF041E18DBF9
:103D30001E49384601F094FF041E12DB1C4CDFF8CC
:103D40007480444514D3002001F038FE041E08DBC3
:103D5000802001F033FE041E03DB012385F8B83018
:103D60000024104818F078FF204602B0BDE8F0812A
:103D7000276A0026227FF3B29A4201D82434E0E772
:103D800007EBC30257F83310107901F069FF0136D1
:103D90000028EFD04FF0FF34E3E76FF07704E0E75F
:103DA000401A0020E802002039370000893B00005B
:103DB000C8030020EC03002030B51F4B8BB005AAD0
:103DC00003F1100518685968144603C40833AB4260
:103DD0002246F7D11B7823701022002101A828F079
:103DE0000DF812220021154828F008F8102101A82A
:103DF0001DF060F900281BDD0828B8BF082008382E
:103E000001AB0E4A1844002110F8013B0AAC04EB48
:103E1000131403F00F0314F8144C14700AAC234469
:103E2000013113F8143C5370082902F10202EBD15E
:103E300002480BB030BD00BF0EE20200B8D0022035
:103E40002DE9F04F044685B000254FF0011BA9462F
:103E50002E46AA46207820B9614B02349C421FD0DE
:103E6000F2E76378052B05D8DFE803F078040378E0
:103E70000720A24623781C44ECE7E378002BF9D115
:103E8000A37883B109F101095FFA89F9F2E7726851
:103E9000944200F09D8024369E42F8D34FF0FF30CC
:103EA00005B0BDE8F08F4F4E4F4BF5E7002EF5D033
:103EB00000230121327F9342F0D2326AA77802EBCD
:103EC000C3021079874201D00133F3E70127E0787C
:103ED00094F805C000F003008DF80C00207940EA4A
:103EE0000C20ADF80A0094F9020000285FFA87F868
:103EF00028DA07F1100001FA00F010EA0B0F29D1BF
:103F000068F07F008DF8080002A8CDE900321CF0AF
:103F1000CAFFDDE900320121E0B99DF80830A37045
:103F200013F0800F1CBF08F110085FFA88F81371B6
:103F30000B4615BF01FA08F8BB404BEA080B4BEAE9
:103F4000030B97E701FA07F010EA0B0F02D18DF887
:103F50000880D9E70137102FB9D1B5E7032D1DD15E
:103F6000FFF72AFF074668B1FDF7E6FA804648B139
:103F70001E48FDF7E1FA804504D142463946A01CAF
:103F800027F001FF23786FF00201E218091B04EB10
:103F90005303D14213D50135EDB26BE7002DF1D1BA
:103FA000BAF1000F3FF47AAFA4EB0A038AF80230AB
:103FB000C3F307238AF803308AF80490EBE74FF045
:103FC000000002F8010C13F8010902F8020DE0E705
:103FD000B368002B3FF456AF49462046984751E757
:103FE000C7030020C8030020EC0300200EE20200FB
:103FF00008B50448FFF724FF0028024818BF002036
:1040000008BD00BF1003002010B5094B00211A465F
:104010001C78844204D15C6814B102EB811010BD9D
:104020000131042903F14003F2D10020F7E700BF7A
:10403000041B00202DE9F34150F8283C10F82C6CAB
:104040001033044610D1036950F8202C99073CD551
:1040500002BB13F0040304D11A46194630461CF083
:1040600091FD002344F8283C54F8283C10330ED02E
:1040700054F8185C5DB154F81C7C54F8148C27F08B
:10408000EAFA00284CD02E48214627F0B8FB02B0AF
:10409000BDE8F08150F8241C01AB30461CF072FDE5
:1040A00010B16FF01503DDE7019A54F8243C134476
:1040B00044F8243C54F8203C9B1A44F8203C54F823
:1040C0001C3C134444F81C3CCEE750F8241C01ABC4
:1040D000304601F03BFD0028E3D1019D54F8243C1B
:1040E0002B4444F8243C54F8203C5B1B44F8203C0F
:1040F00054F81C3C2B4444F81C3C002DB1D03046F5
:1041000001F0C8FDB5FBF0F303FB1055002DA8D15D
:1041100054F8203C002BA4D0304601F05FFDA3E70B
:1041200044F8180CA4F1100018F004FE54F8283CD0
:104130008C33ACD0424639463046A847A7E700BF8B
:10414000F00300204B1E012B73B506460D460FD819
:10415000FFF75AFF044668B9012D09D101AB0122CE
:104160000DF10301304601F0F1FC019B002BF5D16C
:1041700002B070BD27F06FFA04F12C0108B1012DD7
:1041800005D1084602B0BDE87040FFF753BF0348B1
:1041900002B0BDE8704027F032BB00BFF003002042
:1041A0002DE9F74F06460191154698461CF032FD61
:1041B000044600285CD14FF02003EFF3118A83F30B
:1041C0001288BFF36F8FDFF8B0B0A7010022002381
:1041D000584618F0CFFD68B9DFF8A09009EB070446
:1041E000636813F1100F14D10193584618F0A2FD23
:1041F000019B06E00134042C0BF1400BE5D16FF07C
:104200000B038AF31188BFF36F8F184603B0BDE824
:10421000F08F019B2061C4E902350C9B63610D9B0B
:10422000A3616FF00F03C4F83C806360304609F867
:10423000076001F02FFD58B1304601F02BFDB5FBB2
:10424000F0F202FB10551DB1E36B43F00403E3638E
:1042500018F0020F07D02C37094809EB070127F0A7
:10426000CEFA0023CDE7304601F0B8FC0346C8E79C
:104270006FF00F03C9E700BF201B0020041B0020C4
:10428000F003002010B54FF02003EFF3118483F307
:104290001288BFF36F8FFFF7B7FE50B1436810333A
:1042A00007D16FF08B03436000F12C01034827F026
:1042B000A6FA84F31188BFF36F8F10BDF0030020BE
:1042C0002DE9F041104CDFF8448004256FF08B0796
:1042D0004FF02003EFF3118683F31288BFF36F8F43
:1042E0006368103305D104F12C014046676027F064
:1042F00086FA86F31188BFF36F8F013D04F1400405
:10430000E6D1BDE8F08100BF041B0020F0030020CF
:1043100070B50A4C0A4E00253146204627F052FA65
:104320000122A4F110001146013527F02DFA042DC9
:1043300004F14004F0D1002070BD00BF301B00200C
:104340003540000008B5014603481CF04DFC10B193
:10435000012300F8033C08BD041C0020016901236F
:1043600081F82B300B6833B191F829301BB102482A
:10437000083127F044BA7047F00300200169012397
:1043800081F82A300B6833B191F828301BB102480C
:10439000083127F034BA7047F0030020012310B52C
:1043A00082F82830136814463BB192F82A3023B1C2
:1043B000084802F1080127F022FA236F9A681B6966
:1043C0009A4206D004F118010248BDE8104027F0D7
:1043D00016BA10BDF003002038B5056995F87E00C7
:1043E00070B195F87F3063B985F82830286F1CF0DC
:1043F0004DFB05F118010446034827F000FA20465A
:1044000038BD0020FCE700BFF003002073B5144660
:1044100002F12C060A1E054610DDE06E31461CF046
:1044200035FB012384F8293023683BB194F82B3005
:1044300023B1084804F1080127F0E1F9064B009385
:1044400001940123402231462846FFF7A9FE02B01D
:1044500070BD00BFF00300200D44000013B50469D7
:104460008DF8071094F87E308BB194F87F3073B9D3
:104470000DF10701206F84F8283001221CF006FBA3
:10448000014630B10A4804F1180127F0B8F902B02A
:1044900010BD206F01221CF04BFB0028F7D0206FCD
:1044A00001220DF107011CF0F1FA0028EAD1EEE734
:1044B000F00300207FB5836E5B681B6A1E7D054696
:1044C00030461CF0A7FBD0B9A86D4FF4806203A959
:1044D0001CF0FBFA044690B18306A5F1180308BF4F
:1044E00000F1FF340193074B039900932246022306
:1044F0003046FFF755FEA86D21461CF005FB04B0C1
:1045000070BD00BF9D43000070B504460E460179A2
:10451000154815461CF05AFB10B394F90020637837
:10452000002A16DB202B04D0222B0ED06FF0850042
:104530000AE02B681A6840F80C2C9A8820F8082C9E
:104540009B7900F8063C002070BD638800F8053CAC
:10455000F9E7212BEAD10C38072328603360F2E712
:104560006FF01200F0E700BF041C00200B4A034666
:104570000021A0F87E100185106858679088927914
:10458000A3F8780083F87A2083F87C1083F87B10F6
:10459000402203F12C0027F031BC00BFA0CC020068
:1045A00038B50D46014624481CF004FB044680B390
:1045B0000246691E52F880395B68052929D8DFE870
:1045C00001F020280320252914F8021C31B91B6AA8
:1045D000187BFFF71BFF012304F8023C14F8583C3A
:1045E000BBB9012304F8583C54F8803C8BB114F853
:1045F000563C73B1A4F178011048BDE8384027F06B
:10460000FEB8BDE838401046FFF7B0BF012304F8FC
:10461000013C38BD14F8011C0029FAD014F8020C32
:10462000002104F8011C0028F3D01B6A187BBDE8A8
:104630003840FFF7EBBE00BF041C0020F003002051
:1046400010B504690023C4F884300C4BC4F8800012
:10465000596804F1840269B9C3E9002204F1080031
:10466000074927F0AFF804F11800064927F0AAF827
:10467000002010BD0A605A60F0E700BF041C002053
:104680003F0C0200B544000030B585B0A123056998
:104690008DF80430202342688DF80530002385F81A
:1046A0007D300220ADF80A00106AADF80C10ADF8AC
:1046B00008300079ADF806300A2201A91CF062FA30
:1046C000054C95F87D3023B9012027F0D0F9013C45
:1046D000F7D105B030BD00BFA186010037B5094D47
:1046E0000949002400944FF0FF334FF480622846BC
:1046F00018F04EFC0549284626F0B3FF204603B0CB
:1047000030BD00BFF003002040D5022029E20200A6
:104710002DE9F84305464FF02003EFF3118683F3AC
:104720001288BFF36F8F0E4B1C689CB10D4FDFF8E2
:1047300038804FF00C09D4E90132002D08BF134630
:104740002BB198F8142009FB02F2B85C9847246852
:10475000002CF0D186F31188BFF36F8FBDE8F8838A
:104760000C1C0020201C00206828002038B51A4BA3
:104770001C7DBFF35B8F04F01F0301229A40174B8F
:104780006109D04303EB810353E8001F01EA0005F0
:1047900043E8005CBCF1000FF6D1BFF35B8F114220
:1047A00013D00F4B0F4D8BB10C236343EA18E85C19
:1047B00051781CF05BFB0020FFF7AAFF0C235C4341
:1047C0002A1900232B51C2E9013338BD83F3118824
:1047D000BFF36F8FEFE700BF682800202C1C00207C
:1047E0006D0E0200201C00202DE9F041334B0746DE
:1047F0001D7D4FF02003EFF3118883F31288BFF380
:104800006F8F0C242E4B2F4E6C431A19195D002903
:1048100049D007CA06EB040C8CE8070000221A55A1
:1048200088F31188BFF36F8F0C236B43F218F05C91
:10483000B8B37B1C0FD0D2F808C02348234A4FF4EA
:10484000004400210023ECFB0401FCF791FC012152
:10485000381A27F0EEF818F02BFC0120FFF758FF6C
:10486000BFF35B8F05F01F0201219140184A6B09CD
:1048700002EB830353E8002F0A4343E8002000289B
:10488000F8D1BFF35B8F134B33B10C20684333185F
:10489000305C59781CF0DEFAFFF768FF18F0D8FD9D
:1048A0000120BDE8F0810146284600F015F80028F7
:1048B000B6D007C8344484E80700B1E76828002070
:1048C000141C0020201C00203F420F0040420F001B
:1048D0002C1C0020550E02002DE9F04F85B00E462D
:1048E00003A900F041F8039B01931C4BDFF8708093
:1048F000D3F800A0441E24B24FF400474FF0000B41
:10490000631C04D10025284605B0BDE8F08F019B4B
:10491000144A04EB440503EB8505C4466868594610
:10492000E0FB07C100236046FCF722FC8146A86833
:104930000C4AC4465946E0FB07C100236046FCF719
:1049400017FCBAF1FF3F01D0824504D9721CDAD0BE
:104950004844B042D7D9013C24B2D1E7E800002056
:104960003F420F0040420F0008B9024B0B6000208D
:10497000704700BFF4D60200014910220A60704758
:1049800010ED00E072B6404080F31188BFF36F8FE6
:10499000BFF34F8F30BF62B6BFF36F8F704700BF5A
:1049A00072B6494081F3118820BF80F3118862B646
:1049B000704700BF43B2002B08DB012200F01F004C
:1049C00002FA00F05B09024A42F82300704700BF78
:1049D00000E100E043B2002B0DDB01225B0900F097
:1049E0001F0002FA00F02033034A42F82300BFF30D
:1049F0004F8FBFF36F8F704700E100E0054B420916
:104A000000F01F0053F82220012303FA00F01040A9
:104A1000704700BF00E100E043B2002BA8BF03F1E4
:104A2000604301F10101B8BF064B4FEA4111ACBF31
:104A300003F5614300F00F00C9B2B4BF195483F805
:104A40000013704714ED00E030BFFFF7FDBF00BF5B
:104A50000F4A08B50F4B22F07F029A60BFF34F8FC9
:104A6000BFF36F8FD3F8882022F47002C3F8882038
:104A7000EFF3148323F0040383F31488BFF36F8FE1
:104A800017F09EFE18F026FE00F0D6F917F0DCFEB7
:104A90000000000000ED00E0094A0A499368096837
:104AA0009967094958674B6843F080534B6000236E
:104AB00083F31188BFF36F8F9368986F704700BFBF
:104AC00068280020F4DC020000ED00E012498A684A
:104AD0004FF030001044EFF3098C80E8F01F2020E5
:104AE00080F31288BFF36F8F0C4F4FF00066CA69D6
:104AF0008A603E60506F0023536780F3118804B5CD
:104B0000104600F0DFF9BDE8044002F1300090E803
:104B1000F01F8CF3098870476828002004ED00E03E
:104B20001EF0040F0CBFEFF30880EFF309808169DA
:104B300011F8021C0229FFD001B51CF041F901BD9A
:104B400042F8203C009B42F81C3C0A49019B42F879
:104B5000183C029B42F8143C21F001014FF0807395
:104B600042F8043C42F8081C0023203A02654367DF
:104B7000704700BF5B060200094A0346906870B1A7
:104B800013F1160F406E05D0A0F140029A4205D8ED
:104B9000834203D2814228BF002070470020704723
:104BA0006828002008B5094B98600D46144600F0AF
:104BB00089F9204685F30988002163B681F31188BD
:104BC000BFF36F8F002200231BF047FD68280020F1
:104BD00001B572B60B4A906900281EBF0021916191
:104BE00026F044FD62B6EFF30580A0F110004FEA15
:104BF000C0000549014409C99847BDE8014003497F
:104C0000084700006828002048C30200114C00003B
:104C1000044B9968D869884203D003494FF0805209
:104C20000A6070476828002004ED00E038B51C4B8E
:104C300014469A6A9A6A9A6A0546900720D5586B74
:104C40009A6A12061CD519B19A6A22F080029A62F9
:104C50009A6A9A6A9A6AD20615D49B6A9B0712D4FA
:104C600000200F4B9A6A920642BF5A6A22F4005201
:104C70005A629A6A42F0FF029A620023237038BD9A
:104C80006FF01500E4E7064B5B681905E8D5294687
:104C9000FFF772FF0028E3D080F309880220E0E7E5
:104CA00000ED00E00D4B9A6A9A6A9A6A920508D55F
:104CB0009A6B9A6A120404D518B19A6A22F40042D7
:104CC0009A62064B9A6A9A6AD20558BF9A6A9A6A99
:104CD000002042F47F429A620870704700ED00E0C5
:104CE000F0B54B4B5B688BB00C46C3F30803002553
:104CF00085F31188BFF36F8F02F07F41B1F17F4FD1
:104D000011D102F00C0108290DD0160701D4044678
:104D100001250022033B8DF80720032B71D8DFE823
:104D200003F0045B5F632C46F3E7394AD36A13F060
:104D3000020366D1D16A002915DBD16A490012D578
:104D4000A16931F8020C4DF6027188420AD092F83E
:104D5000281039B30DF1070201212046FFF766FF45
:104D6000034600E023689DF80720CAB902AE04F1AB
:104D7000200720686168324603C20834BC421646E8
:104D8000F7D1099A002D3ED0C2F3080121B96FEA8C
:104D900052226FEA4222099202A918461CF00EF82C
:104DA0000BB0F0BD92F8291029B10DF107010120D7
:104DB000FFF778FFD4E7518D89B20029D3D0916AEB
:104DC000916A916A916A916A916A916A6FEA014166
:104DD0006FEA11419162C6E70DF107020021BCE7BD
:104DE0000DF107010020E3E7094B9A6A9A6A9A6A73
:104DF0009A6A9A6A9A6A9A6A6FEA02426FEA124259
:104E00009A620023AFE722F4FF7222F00102C2E7A8
:104E100000ED00E0024A536943F01003536170470C
:104E200000ED00E0EFF30880EFF3098101B5724671
:104E3000FFF756FF01BD00BF044800232021C21820
:104E40000133302B82F80013F9D1704700E100E004
:104E500027F0E8F9202080F3118808484FF4046116
:104E6000401880F30988EFF314800221084380F38F
:104E70001488BFF36F8FFFF7EBFD000080E702207F
:104E8000084B9B6883420BD1EFF3058343B1064B7C
:104E90005A6842F080525A605A6A22F400425A62BA
:104EA00018F0A6BB6828002000ED00E0024B034A82
:104EB0000348012100F06EB800000420000000202B
:104EC000F4D60200426E054B403A1A60044A402173
:104ED000C3E901121846012100F066B8301C002019
:104EE00000000B15F0B51F4F00268E4201DB104667
:104EF000F0BD44689CB353B104F1FF3C14EA0C0FBD
:104F000018D11F2C16D905681CEA050F12D1202CC8
:104F10000568D0F808C0D2B20FD9B4F1004F0ED84E
:104F2000013CB4FA84F4C4F11F046400072A4CEA7B
:104F3000040406D96FF01502D9E70824F6E73E24E9
:104F4000F4E725F01F05154345F0100544F0010472
:104F5000C7F89820C7F89C500132C7F8A040013626
:104F60000C30C2E700ED00E0044B0522C3F89420AA
:104F7000BFF34F8FBFF36F8F704700BF00ED00E0AE
:104F8000BFF35F8F024B0022C3F89420704700BF2D
:104F900000ED00E010B5034C01232278FFF7A2FFDB
:104FA000207010BDCAD0022008B5094A002312782B
:104FB000FFF798FF10F1160F02D0064A072800DD10
:104FC00008BDC2F89800C2F8A0300130F6E700BF73
:104FD000CAD0022000ED00E014490868082810B586
:104FE00021D8FFF7CDFF124C49680022904201F111
:104FF0000C0105D10F4B1870FFF7B6FF002010BD54
:10500000C4F8982051F80C3C23F01F03134343F0DD
:105010001003C4F89C3051F8043C43F00103C4F879
:10502000A0300132E2E74FF0FF30E8E700D702009E
:1050300000ED00E0CAD00220014B1860704700BFAD
:10504000F0000020F8B5084F06460D460024AC429B
:1050500008DA3B6898470A28305504F1010401D06A
:105060000D28F4D12046F8BDEC000020F8B50A4F19
:105070000D46461EC0F10104A3199D4201DC2846DD
:10508000F8BD73780A2B02D13B680D2098473B6826
:1050900016F8010F9847EFE7F000002008B5024826
:1050A0000521FFF7E3FFFEE732E2020010B5074CEF
:1050B0002368C2180648C0F1005101F580218A42D8
:1050C0003ABFC01822604FF0FF3010BD3C1C0020DA
:1050D00080FE022008B51D210448FFF7C7FF4040AD
:1050E00080F311884FF0030002DF00BF38E20200B6
:1050F00010B54FF02003EFF3118083F31288BFF354
:105100006F8F114A0123C2F840354FF080424FF0B3
:105110008051C2F87835D1F83041082C08D1D1F847
:105120003411052904D8094C615C09B1C2F838363C
:105130004FF080430122C3F8802580F31188BFF32C
:105140006F8F002010BD00BF00E0014065E202004B
:1051500020B1034B800143F001031847704700BFA3
:10516000B0CC020000F07F03082B42B204D010F054
:10517000780F01D000207047002A00F00F0300F0E4
:10518000080005DA58B9084800EB43104C30704766
:1051900038B9054800EB431000F5B6707047034876
:1051A00070470348704700BF402200208C23002036
:1051B000AC2400200146014826F0DBBAFC020020A6
:1051C0000149024826F01BBB682200209004002001
:1051D00013B50B4802F0B4F900240A4802F0F6F9BE
:1051E0004FF0FF334FF4806207490848009417F0EE
:1051F000CFFE0749074826F0E5FA204602B010BD69
:105200006EE2020020D7020080D902209004002024
:105210002D5500006822002002480022002317F0CC
:1052200057BD00BFFC02002010B5054CFFF7F4FF8E
:1052300020B1011D204626F0E5F9F7E710BD00BFBB
:105240008C02002007B500230E48002201A917F0A8
:1052500087FB90B1FFF7E8FF0A480022002301A96D
:1052600017F07EFB38B90198042340600374FFF700
:10527000A1FFFFF7A5FF002001E00198406003B007
:105280005DF804FB8C020020817870B50646084664
:10529000FFF768FF0B06F578044612D5002D43D1C1
:1052A000FFF7D0FF034600283ED00122A577027405
:1052B000032202739C60FFF77DFFBDE87040FFF79B
:1052C0007FBF4DB1012D2FD1FFF7BCFF034658B36F
:1052D000657705740573EDE7FFF7B4FF20B3B27887
:1052E000124B12F0800F02F0080111D041B1D3F837
:1052F000A836E36001230374022303738460DAE7B2
:1053000002F00F02142101FB0233D3F80836F0E754
:1053100011B1D3F8A837ECE702F00F02142101FB1A
:105320000233D3F80837E4E770BD00BF00700240D5
:10533000022810B511D8094B1C5CFFF783FF60B140
:10534000002202740472FFF735FF054B93F82430F6
:105350001BB1BDE81040FFF733BF10BD6BE2020088
:105360004022002010B50F49BFF35B8F01F12003ED
:10537000002253E8000F012803D143E80024002C49
:10538000F7D1BFF35B8F0BD1CC690C3120461BF0FA
:1053900048F9783004D12046BDE810401BF01CB914
:1053A00010BD00BF40220020F0B5064689B014228F
:1053B000002103A826F022FD3378013B052B21D8DC
:1053C000DFE803F07A0314146A1603238DF814300F
:1053D0000024FFF737FF0346A0B1047400F1080270
:1053E000DDE9050182E8030018461DE00423EDE72E
:1053F000B1780846FFF7B6FE837A044623B1013B35
:10540000022B43D909B0F0BD0B06F57813D5002D5A
:10541000F8D1FFF717FF03460028F3D00122A57744
:105420000274032202739C60FFF7C4FE09B0BDE85A
:10543000F040FFF7C5BE55B1012DE3D1FFF702FFE4
:1054400003460028DED0657705740573EBE7FFF7A8
:10545000F9FE07460028D5D0012303740223037305
:10546000846004F10C01B0781CF0CDF9134AE168B6
:10547000B2F88C328B4206D95B1AA2F88C3202F059
:1054800003FE3846D0E7A2F88C52FAE7304609B05E
:10549000BDE8F040FFF7F8BE01A802F0D3FD9DF88B
:1054A0000530052B04D19DF8043013F0600FA9D00E
:1054B000034B059301248CE702248AE74022002055
:1054C000AC23002038B5002464F07F00C0B2FFF7A1
:1054D00049FE01341BF0D0FC082CF5D10F4D0024FF
:1054E000E0B2FFF73FFE036903B9056101341BF029
:1054F000C3FC082C05F14005F2D1094C04F5A67057
:105500001BF0BAFCD4F87C3213B9064BC4F87C32D9
:1055100005481BF0B1FC002038BD00BF4020002032
:1055200040220020401C0020AC2400202DE9F04344
:10553000A74CDFF8A08285B00746FFF76DFE10B9D3
:1055400005B0BDE8F08394F82530027C00F1040931
:105550003BB9002A00F084804946404626F052F8C4
:10556000EBE7042AF8D8DFE812F07B000500010120
:1055700017014101037B8568032BEDD8DFE803F0B9
:10558000023B585D6E69944B002232607260D3F822
:1055900080143170D3F884147170D3F88814D3F860
:1055A0008C0441EA00217180D3F89014D3F894045C
:1055B00041EA0021B180D3F89814D3F89C3441EA31
:1055C0000323F3800823EB6030687168834B03C3C7
:1055D00011462B68687A984796F90030002B06DB55
:1055E000F38823B1A4F88C3202F04EFDB4E7002317
:1055F000A4F88C32B0E76B7F002BADD02B7F002B53
:10560000AAD000266E774FF0FF3275482E774FF004
:10561000FF331BF044FC6B6901936B68CDE90236E4
:1056200001A9687A02F03EFB6D481BF03AFC93E753
:105630002B680121687A98478EE7AB7A6BB9EB7FCC
:105640005BB967484FF0FF324FF0FF331BF027FC88
:1056500002F04AFD62481BF024FC2B680221E9E7B6
:10566000027A042A3FF678AFDFE802F05B0325698F
:10567000750002F0C7FA054600287FF46DAF02F00E
:1056800005FABFF35B8F5749012351E8002F002A29
:1056900003D141E800300028F7D1BFF35B8F7FF4DE
:1056A0005BAF41F8105C41F8085CE0696361143954
:1056B0001AF049FF50E7002565F07F00C0B2FFF700
:1056C00051FD037A13B1407A02F0FAFE0135082D3C
:1056D000F2D194F854311BB194F8550102F0F0FE68
:1056E0000025E8B2FFF73EFD037A13B1407A02F0DD
:1056F000E7FE0135082DF4D194F874321BB194F80B
:10570000750202F0DDFE012002F05EFA012384F84A
:1057100025302368002B3FF41FAF0021022098475B
:105720001AE7002584F8255002F056FEFFF71AFE0E
:105730002368002B3FF410AF29460420EFE7002B2D
:105740003FF40AAF02F060FE2368002B3FF404AF81
:1057500000210520E3E72268002A3FF4FDAE002B7C
:105760003FF4FAAE002106209047F5E607F1100558
:105770004FF0FF334FF0FF3228461BF090FBFFF74E
:10578000A1FE28461BF08DFB57F8283C002B3FF468
:10579000E3AE00210120C2E794F874327BB1012509
:1057A00084F8895284F88852FFF74CFD38B10E4ACC
:1057B000057405738260FFF7FDFCFFF701FD57F8E4
:1057C000283C002B3FF4C8AE00210A20A7E700BF09
:1057D000402200208C020020007002404422002061
:1057E0007822002060220020AC2400201BF078FFEB
:1057F00002F0F2FD02F040F9FFF716FDFFF762FE3E
:105800001BF067FF014802F007FAA5E6A953000064
:1058100038B51A4D95F824405CBB05F1380025F0E9
:1058200034FF204600F030FB2246E86101212720AA
:10583000FFF7F2F8124802F0EFF9124B98421AD132
:105840001BF047FFFFF73EFE044610B9012385F821
:1058500024300D4B1B680BB1FFF7B2FC4FF08043B7
:10586000D3F83834DB0702D50020FFF761FD20466E
:1058700038BD0024FBE76FF00404F8E74022002065
:10588000A95300000000AD0BFC020020074B93F869
:1058900024203AB193F82530002B0CBF6FF0120092
:1058A000002070476FF01200704700BF40220020B8
:1058B0000F4B93F8243010B50146B3B1047820465D
:1058C000FFF750FC10B96FF0150010BD44720B7952
:1058D000837249884160230702D44B1E0B42F2D1E8
:1058E00020461BF08BFF0020EFE76FF01200ECE783
:1058F00040220020124B93F8242010B50146CAB173
:1059000093F82530B3B1FFF72DFC0446A8B1837A94
:10591000012B12D007D9023B012B07D96369A36180
:105920000020E06010BD02F0E7FBF7E7084602F058
:105930005BFBF3E76FF01200F4E76FF01500F1E79F
:105940004022002038B50E4B93F82420054682B142
:1059500093F825306BB1FFF705FC68B115F008042A
:105960000AD1284602F062FB284602F0FBFD2046E1
:1059700038BD6FF01200FBE76FF01500F8E700BFCD
:105980004022002038B50C4B93F8242005460C46E5
:1059900062B193F825304BB1FFF7E4FB48B141B158
:1059A000284602F029FB2070002038BD6FF012005D
:1059B000FBE76FF01500F8E740220020F8B5134F21
:1059C00097F824300446BBB1FFF7CCFB0546B0B1D5
:1059D000230705D4204602F029FB204602F0C2FD31
:1059E0002E7A7EB997F8250001232B7218B1204634
:1059F00002F066FD3046F8BD6FF01200FBE76FF075
:105A00001500F8E76FF07700F5E700BF40220020AF
:105A100038B5114B93F8242001469AB193F82530FC
:105A200083B1FFF79FFB054678B1037A83B108463F
:105A3000002402F019FD2846AC771BF01DFA2C72E9
:105A4000204638BD6FF01200FBE76FF01500F8E755
:105A50006FF07700F5E700BF402200202DE9F0430A
:105A6000DFF8DC801C4698F8243085B0074689466C
:105A70001646002B5DD098F82530002B59D0030630
:105A80005AD5FFF76FFB0546002855D0037A002B47
:105A900052D04FF0FF334FF0FF3208F138001BF0C7
:105AA000FEF9AB7F4BB108F138001BF0FAF96FF04B
:105AB0000A04204605B0BDE8F08316B9EB7F03B1B8
:105AC000EE77AB7ABBB95EB1B8F80A30B34207D90A
:105AD0006A68B6FBF2F302FB13630BB90123EB77A1
:105AE00002F012FBB84206D002F0FEFA15481BF095
:105AF000D8F90024DDE70123AB774FF0000801A9B6
:105B00003846CDE90196CDF80C8002F0CBF80E4B6B
:105B1000984207D085F81E800CB1C4F800806FF061
:105B2000040402E00CB12660444606481BF0B9F9B3
:105B3000BFE76FF01204BCE76FF01504B9E700BFD0
:105B400040220020782200200000AD0B2DE9F0411A
:105B50001D46204B174693F824200E46002A33D0CA
:105B600093F8253083B3030631D401B97FBBFFF727
:105B7000F9FA044658B3037A4BB34FF0FF33164893
:105B80004FF0FF321BF08BF9E3689F42B84628BF05
:105B9000984646B93FB905B12B600F481BF081F913
:105BA0000020BDE8F081A1694246304626F0EBF8BE
:105BB000A3694344A361E368A3EB0803E360002DFA
:105BC000EBD0C5F80080E8E76FF01200E9E76FF06E
:105BD0001500E6E7402200207822002070B51E4D17
:105BE00095F82420034682B395F825206AB31B0656
:105BF0002ED4FFF7B7FA044650B3037A43B34FF0FD
:105C0000FF334FF0FF3205F138001BF048F9E3682D
:105C1000B3B9012663692677A361637F83B1FFF778
:105C200011FB30B905F138001BF03BF96FF00B00A8
:105C300070BD067484600673FFF7BCFAFFF7C0FA04
:105C400006481BF02EF90020F2E76FF01200EFE794
:105C50006FF01500ECE700BF402200207822002002
:105C600008B5084B93F824302BB1FFF77BFA28B125
:105C70000160002008BD6FF01200FBE76FF0150017
:105C8000F8E700BF40220020014B1860704700BFBA
:105C90004022002008B5074B93F8243023B1FFF7CA
:105CA00061FA20B1406808BD6FF01200FBE76FF0A9
:105CB0001500F8E74022002070B50D460649411A4C
:105CC00004464911054840221BF030F92B46014695
:105CD0002046BDE870401847E0240020B8C202000A
:105CE00037B50C460A490B4A411A40230093491123
:105CF0000546234608481BF045F9011E05DA2846EB
:105D0000234603B0BDE83040184703B030BD00BFA4
:105D1000E0240020F50F0200B8C20200002270B596
:105D2000012104461046FEF777FE0F4801F052F8B5
:105D30000E4B984215D101F05DF826690C493046AA
:105D40001AF0EEFB00280BDB246909490125B56434
:105D500004F120001AF0E4FB002801DB6565002057
:105D600070BD6FF00400FBE7A95D00000000AD0B03
:105D700050D7020001460C2309484B4370B5C418A4
:105D8000D4E9105600224833226418441BF0BBF8B3
:105D90002DB132462B460348BDE87040184770BD10
:105DA000E0240020B8C2020010B1012804D07047DE
:105DB000034B9B6C5B0701D1FFF7DCBF704700BF53
:105DC000E024002008B54FF02003EFF3118183F3A6
:105DD0001288BFF36F8F124A136843F0020013F06A
:105DE000010310600CD04FF08042D2F80C34D2F88E
:105DF0000C2413F0010303D00A481BF084F801239C
:105E000081F31188BFF36F8F23B1BDE808400020F4
:105E1000FFF7B0BFBDE8084001201BF0B9BB00BFD1
:105E200038250020282500201FB500220123CDE9B8
:105E30000223094ACDF800D06B46CDF804D01BF000
:105E4000D2F8002805DB4FF480420023684616F0A4
:105E500091FF05B05DF804FB0D100200094BBFF384
:105E60005B8F53E8002F22F0020143E80010002866
:105E7000F7D1BFF35B8FD30702D401201BF0C5BB62
:105E8000704700BF38250020024BC0B203EB401022
:105E9000704700BFE02400202DE9F0413949BFF3ED
:105EA0005B8F0746012251E8003F41E800200028AF
:105EB000F9D1BFF35B8F33B9334934484B60CB60C2
:105EC0008A601AF040FB7B1E012B2FD8012F07D1CF
:105ED0004FF08043D3F81C3403F00303012B25D08B
:105EE00025F0B9FB044618B9294B1B78002B41D18A
:105EF0004FF02003EFF3118683F31288BFF36F8F07
:105F00000124DFF890804FF08045D5F81834D5F89B
:105F10001824D2030CD503F00303012B01D0012F69
:105F200006D10CB386F31188BFF36F8FBDE8F08103
:105F3000ACB13046FEF734FDD5F81835002BE4D16E
:105F4000D5F80421002AE0D0C5F80431D5F8043191
:105F50000123C5F81835C8F88031AB60D5E70021BA
:105F6000212017F025FBE7E74FF080430222C3F81A
:105F70000423DBE74FF080430222C3F808230646E0
:105F8000BFE700BF3C250020D024002000250020D2
:105F900025D5022000E100E008B5084B084818604C
:105FA00025F0FBFA38B10748FFF746F80548FCF73B
:105FB000E1FD002008BD6FF01200FBE74025002046
:105FC00000C30200C95F00000A2838B5074D044627
:105FD00004D1286883680D215B6898472868836826
:105FE000E1B25B689847204638BD00BF40250020DD
:105FF00030B54068047B01F01F05B2F5001F45EA8B
:10600000441585B04FF0000404D1284601F076F91C
:10601000002032E0B2F5800FCDE902442FD1B3F178
:10602000007F0CBF042305238DF80830836823FA12
:1060300001F1C9072FD4B2F1A07F2CD16A09012A3E
:1060400005F01F031C4A03F5E07318BF4FF0A04290
:1060500052F82330DB071ED40DF1070421462846F1
:1060600001F0B0F8154B984214D1204601F0F8F831
:10607000134B98420ED06FF00B0005B030BDB3F15A
:10608000C06F05D0B3F1007F0CBF02230123CBE723
:106090000323C9E703940023194602AA284600F007
:1060A0006BFF074B984204D10121284601F0DEF82E
:1060B000AEE76FF00400E0E7000300500400AD0B12
:1060C0000000AD0B10B501F0BBF8044668B901F053
:1060D0008FF8084B98420AD10748214601F06CF826
:1060E000224605210620FEF797FC002010BD6FF028
:1060F0000400FBE70000AD0BFD600000420970B535
:10610000034602D0012A15D070BD0B4E326951688A
:106110000029F9D003F01F0301250C689D408A680F
:106120002A4002D04B6830469847002CECD02146DC
:106130002468F4E7014EE9E7D0C20200E8C2020099
:106140002DE9F04347683B7B01F01F0585B00E4603
:1061500045EA43151446CAB902A9284601F032F8A7
:106160000446284601F0F2F84A4B984204D06FF0FA
:10617000040005B0BDE8F083844205D19DF8080015
:1061800001F068F8A042F2D10020F2E74FF00009D8
:106190000DF103012846CDE9029901F013F84B46B1
:1061A000804602AA4946284600F0E6FE394B98424E
:1061B00002D06FF01500DCE7804503D19DF80300A5
:1061C00001F048F8A30351D540F20663234040F2A2
:1061D000062293423BD00CD8062B15D004D89BB195
:1061E000022BE6D104230FE0B3F5007FE1D10123B8
:1061F0000AE040F2024293422BD0B3F5C06F2AD09E
:10620000B3F5806FD5D102238DF8043084F4803348
:10621000C3F30043E0068DF8053054BFC4F34013C8
:10622000032321038DF8063017D57B68012101FA7D
:1062300006F6C3F80865002201A9284600F04AFFC7
:10624000144B984214BF6FF01500002091E707230C
:10625000DAE70523D8E70323D6E7620341BF7B686B
:10626000012101FA06F6C3F80C65E4E7E3064FF0F6
:10627000000354BFC4F3401403241A4601A928465E
:106280008DF8044000F078FE024B98423FF47CAF5A
:106290008FE700BF0000AD0BF0B54B79012B26D086
:1062A000032B21D110268B79032B1DD1CC790CB176
:1062B000012C19D10A7912B1022A15D10E220B68CC
:1062C0004568B3F5164F2D6865D02DD8B3F5165F28
:1062D00064D016D8B3F5966F62D00AD8B3F5967F1E
:1062E00061D0B3F5167F61D06FF0850052E00026D3
:1062F000D9E7B3F5166F5CD0B3F5965FF4D1374BA1
:106300003CE0B3F5E14F57D007D8B3F5615F55D006
:10631000B3F5964FE8D1324B30E047F61227BB4237
:10632000E2D14FF4000329E0B3F5613F48D013D820
:10633000B3F5963F47D009D84DF6C027BB4244D0AD
:10634000B3F5614FD0D14FF46B0317E0B3F5E13FE4
:10635000CAD14FF0EB7311E0B3F5612F38D008D8F4
:10636000204FBB4237D0B3F5E12FBDD14FF0E863EA
:1063700004E01D4FBB42B7D14FF080530069C5F810
:106380002435031D03C934432243C5F86C2583E833
:1063900003000020F0BD4FF41D03EFE7134BEDE7C2
:1063A0004FF49E23EAE74FF4A033E7E74FF41C33A2
:1063B000E4E74FF41D23E1E70D4BDFE70D4BDDE78D
:1063C0004FF06C73DAE70C4BD8E74FF46503D5E771
:1063D0004FF07063D2E74FF08063CFE700B0130057
:1063E00000A04E0090D0030040420F000050270054
:1063F00000C0750000F03A0000903A012DE9F74323
:10640000D0F804800669D8F80040D8F80C90002134
:10641000C4F800150746306001AA48461AF0F0FF9C
:10642000051E55DB019BD9F80020197918681BF06F
:1064300004F8051E4CDB311D3846FFF72DFF0546DD
:10644000002845D1D8F80430990719D506F11C0069
:1064500001F016F9224B98423ED1307FC30003F180
:10646000804303F5F83304F10C0204F59071C3F88E
:106470001015C3F814251B4A01238340C2F80435C4
:106480000823C4F8003598F8083053B9C4F810311F
:10649000D4F81031B369C4F834350123C4F8383561
:1064A0002360D8F804309A075CBF4FF48072C4F8B8
:1064B0000423DB0644BF4FF48003C4F8043373693C
:1064C000C4F844350023C4F848350123A360E360D1
:1064D000284603B0BDE8F0836FF00405F8E700BF7D
:1064E0000000AD0B00F00140F8B5076905460E4607
:1064F00025F0B1F810B9204B1B7883B94FF0200379
:10650000EFF3118483F31288BFF36F8F68681AF07A
:10651000AFFE28BB84F31188BFF36F8FEEE76424CE
:1065200068681AF0A5FE70B901201BF02FF8013C35
:10653000F6D10021212017F03BF8F0E784F3118811
:10654000BFF36F8FF5E74FF02003EFF3118483F370
:106550001288BFF36F8F68681AF08AFE0028EDD0AA
:106560007B691E707969686801221AF066FE84F3FF
:106570001188BFF36F8FF8BD25D5022010B5012318
:106580008340114ABFF35B8FDC4352E8001F01EAEE
:10659000040C42E800CEBEF1000FF6D1BFF35B8FD2
:1065A0004FF4803202FA00F002F1804202F580528C
:1065B000C2F80803BFF35F8FBFF36F8F0B4214BFA6
:1065C0000120002010BD00BF602500201949F8B54A
:1065D000044622F07F450868C1E90023A5F50013B1
:1065E000101AB3F5400F22D2134B1B681A0A1B0670
:1065F0005E19124B42F10007C3E90067012617F04C
:1066000047F9A30003F1804303F58833D3F840250D
:10661000AA420BD11EB94FF40002C3F84025084B23
:106620004FF4803000FA04F4C3F84443F8BD002668
:10663000E5E700BF48050020642500203005002064
:106640000010014019B3BFF35B8F0123104A834050
:1066500052E8001F194342E8001CBCF1000FF7D1BB
:10666000BFF35B8F0B4A4FF480338340C2F804338F
:10667000094BBFF35B8F1B68BFF35B8F23FA00F0FE
:10668000C30742BF054B4FF40032C3F800217047E7
:1066900060250020001001405C25002000E100E0A2
:1066A0000D4B1868010A0006BFF35F8F0B4BD3F840
:1066B0000435181841F10001B3F5801F0AD2084BC8
:1066C000D3E90023904271EB030303D210F18070F1
:1066D00041F10001704700BF642500200010014017
:1066E000300500202DE9F04F85B016469846054646
:1066F000FFF744FF0090FFF7D3FFB04271EB0803B0
:1067000078D2464B301A68EB0101984271F10003D0
:1067100080F08180424B03EB0513D3E902ABD845EF
:1067200008BF564551D04FEA850909F1804905F166
:10673000500709F58839BF004FF4803101FA05F39D
:10674000BFB226F07F4207F180470193D9F8400598
:10675000344B07F588371446D3F80415401A20F057
:106760007F4021F07F4C0128C9F840C507D1CDE911
:106770000221132025F07BF9DDE90221294B01F1EB
:10678000020CA4EB0C0020F07F40B0F5000F88BF96
:1067900064460020386038680198C3F8440324F048
:1067A0007F40C9F84005D3F80405814206D0201A7D
:1067B000023820F07F40B0F5000F19D8A41A24F059
:1067C0007F4414EB060A48F1000B15490E982B0183
:1067D00001EB0512C2E902ABC8500F9B53600024C5
:1067E00028460099FFF72EFF204605B0BDE8F08F40
:1067F0002046B1E701230C4ABFF35B8FAB4052E860
:10680000001F194342E800100028F8D1BFF35B8F46
:10681000B246C346D9E76FF01504E1E70100000175
:1068200038050020001001405C25002073B5194B8D
:10683000194D00244FF0FF304FF0FF31C5F80845E7
:10684000C3E902014FF48033C5F80433134B022629
:106850004FF400320121C5F804631120C3F88021F0
:106860002246FEF7D9F81120FEF7A4F80C4A0123BE
:10687000AB602B6013600B4B0B4A00930194002319
:106880002046FFF72FFF3046FFF706FB204602B0F9
:1068900070BD00BF380500200010014000E100E09D
:1068A00060250020CD650000FFFF7F002DE9F74344
:1068B000354CD4F804339A070BD5D4F8043143B1DE
:1068C000324A0023C4F80431D4F804311368013388
:1068D00013604FF02003EFF3118283F31288BFF3AC
:1068E0006F8FD4F80433DB0312D5BFF35B8F284BD3
:1068F00053E8001F21F0010043E80006002EF7D105
:10690000BFF35B8F002936D1D4F84031002B32D150
:10691000002382F31188BFF36F8F4BB3FFF7C0FEE4
:106920004FF02003EFF3118C83F31288BFF36F8FC6
:10693000184BD3E90267B04271EB07024FF0000237
:1069400020D34FF0FF384FF0FF39D3E90015C3E9EA
:1069500002891A604FF48033C4F848338CF31188ED
:10696000BFF36F8F21B1009532463B460020884728
:1069700003B0BDE8F0830023C4F84031D4F84031BF
:106980000123C6E71146E9E7001001406425002015
:106990005C25002038050020431C13B521D00128B8
:1069A00021DDB0F5000F20DA441EFFF779FE104B11
:1069B000D3E90013401AB0F5000F28BF00240130BE
:1069C00002190C48824228BF024652184FF00000BC
:1069D00009490190009143F10003FFF783FE02B0E3
:1069E00010BD0448E0E70024DFE7024CDDE700BF0C
:1069F00048050020FFFF7F00CD65000008B5FFF7C8
:106A00004FFE024B1B68C01A08BD00BF480500209E
:106A100000F01F0140090128044B4FF0010218BF8C
:106A20004FF0A0438A40C3F80C2570470003005084
:106A300000F48053002B30B507BF14460D460124E7
:106A40000025C0F3811200F01F0110F0200F00F4A8
:106A5000706040EA8202064B42EA050208BF4FF02E
:106A6000A04301F5E07142EA440243F8212030BD21
:106A70000003005000F01F0140090128044B4FF0B3
:106A8000010218BF4FF0A0438A40C3F808257047A1
:106A9000000300504FF08053D3F83021082A06D16C
:106AA000D3F83431052B02D8024AD05C704700205D
:106AB000704700BF97E20200024AD2F80034002B70
:106AC000FBD0704700E0014010B51AF055FD40B111
:106AD0004FF080430022C3F80C21C3F81021C3F803
:106AE00038251AF049FD002846D04FF08052604BFF
:106AF000D2F80414C3F82015D2F80814C3F82415EA
:106B0000D2F80C14C3F82815D2F81014C3F82C15B9
:106B1000D2F81414C3F83015D2F81814C3F8341589
:106B2000D2F81C14C3F84015D2F82014C3F8441549
:106B3000D2F82414C3F84815D2F82814C3F84C1519
:106B4000D2F82C14C3F85015D2F83014C3F85415E9
:106B5000D2F83414C3F86015D2F83814C3F86415A9
:106B6000D2F83C14C3F86815D2F84014C3F86C1579
:106B7000D2F84424C3F87025FFF78CFF18B13D4BC1
:106B80003D4AC3F88C26FFF785FF18B13B4BFB222B
:106B9000C3F81825FFF77EFF70B14FF080414FF02A
:106BA0008053D1F8E42ED3F8583222F00F0203F0CC
:106BB0000F031343C1F8E43EFFF76CFF20B1304BE5
:106BC0004FF40072C3F840261AF0D6FC48B14FF0DB
:106BD0008043D3F80024D20744BF6FF00102C3F80A
:106BE00000244FF08053D3F83021082A0ED1D3F877
:106BF0003431052B02D8234AD35C3BB14FF010232C
:106C0000D3F808224FF08043C3F858254FF01023E3
:106C1000D3F80022002A03DBD3F80432002B22DA57
:106C2000194901234FF01020C1F804351224FFF751
:106C300043FFC0F80042FFF73FFFC0F80442FFF7F0
:106C40003BFF0023C1F80435FFF736FFBFF34F8F3A
:106C50000E490F4BCA6802F4E0621343CB60BFF3E6
:106C60004F8F00BFFDE70B4B0B4A1A6010BD00BFF2
:106C700000C00040005000404881030000F0004088
:106C80000090024091E2020000E0014000ED00E0CF
:106C90000400FA055C0100200090D00370B50125C6
:106CA0000268B2FA82F3C3F11F035E1CDCB214D097
:106CB000BFF35B8F05FA03F322EA030350E8006F8A
:106CC000964204D140E8003CBCF1000FF6D1BFF37E
:106CD0005B8FE5D102480C7070BD0248FCE700BF35
:106CE0000000AD0B0200AD0B0368CB40DB0710B515
:106CF00015D4012303FA01F10368BFF35B8F41EA66
:106D0000030250E8004F9C4204D140E8002CBCF143
:106D1000000FF6D1BFF35B8FEED1024810BD0248E1
:106D2000FCE700BF0000AD0B0400AD0BF7B5044657
:106D300018B1012829D003B0F0BD4FF080430222E2
:106D4000C3F80823C3F80401D3F804210122DA6050
:106D500001239C428DF8073014BF00250DF1070573
:106D600042F210774FF08046D4B1012CE3D125B127
:106D7000D6F80C3403F001032B70D6F80C34DB0387
:106D800018D4134B00225A71D5E74FF080430022EC
:106D9000C3F80803C3F80021D3F800215860D7E7EF
:106DA00025B1D6F8183403F003032B60D6F8183455
:106DB000DA03C0D52DB901201AF0E8FB013FD3D189
:106DC00003E09DF80730012BF5D0012CD9D0B2E7B4
:106DD00068250020044B1A7922B9012218609A8094
:106DE0000248704702487047682500200000AD0B3C
:106DF0000C00AD0B08B50020FDF700FE08B9FDF74B
:106E0000D9FD4FF080430022C3F81825014B012221
:106E10001A7008BD0FD102204FF0804310B5D3F88F
:106E200000216AB10022C3F80021D3F80021012219
:106E3000C3F80823114B587910B95A711B68984749
:106E40004FF08043D3F8042172B10022C3F804212B
:106E5000D3F80421D3F81824D3F81814920704D1D6
:106E60000122C3F818259A6010BD0222C3F8082336
:106E7000024BBDE810401B68012018476825002020
:106E8000036803F01F025B09012B0260024818BF70
:106E90004FF0A040704700BF00030050034B083084
:106EA00033F81000C0F34010704700BF60010020AD
:106EB00070B500F108030C4C34F81330DA050546C0
:106EC0000E4607D5C3F3432304EBC30254F8333013
:106ED00052689847A3682BB1E26831462846BDE85E
:106EE0007040184770BD00BF60010020124A083092
:106EF00010B432F81030D9051BD5C3F3432123F465
:106F0000F85322F8103002F11004002034F8023B4C
:106F100013F4807F03D0C3F34323994209D0013097
:106F20003028F3D1002342F83130044810BCFFF779
:106F3000DBBE10BC704700BF60010020D401002000
:106F400038B50246FFF7AAFF094C02F1080540B127
:106F500034F8153007495B0B03F5A273002041F8A4
:106F600023001046FFF7C2FF002324F8153038BD78
:106F700060010020006000402DE9FF4104461746F3
:106F80001D4621B34E4E00F1080836F818309B0715
:106F900006D5FFF783FF18B14A4804B0BDE8F08179
:106FA0000023CDE900338DF80E308DF80F300DF150
:106FB0000F020B4620460DF10E011AF028FB36F8A1
:106FC000183023F0020343F0010326F8183097B17C
:106FD0003B4B3E787A6804F1080033F810108F07B5
:106FE0000CD5002AD8D133F8102022F01C0242EA36
:106FF000860223F81020CDBB3348CEE721F02001D4
:10700000C904C90C23F81010002AECD0032EC3D8F1
:1070100017782EB92D4A07F5A27142F82160E2E7F0
:10702000BA0002F1804202F5C04241EA4731D2F88B
:1070300010C52CF0030CC2F810C5D2F810C52CF402
:107040004F3C2CF4407CC2F810C5D2F810E54FEA52
:10705000042C0CF47C5C4EEA064E4CEA0E0C41F01B
:10706000200123F81010C2F810C5BCE7D5E900676D
:107070002046FFF73BFF002EBED0114D2B689E42ED
:1070800004D16B689F4201D100220AE010480DF143
:107090000F01FFF703FE0C4B98427FF47EAF9DF883
:1070A0000F2045F8326005EBC20308345F6035F805
:1070B000143043EA422343F4807325F814309BE7ED
:1070C000600100200400AD0B0000AD0B006000402B
:1070D000D4010020F0B5044685B0154619B3334EEF
:1070E00000F1080736F81720930703D4FFF7D6FE00
:1070F000002858D112F01C0F02D04B78012B52D02F
:1071000001238DF80F300023CDE900134A1C8B1C9E
:1071100020460DF10F011AF07AFA36F8173043F0D5
:10712000030326F8173015B9214805B0F0BD1F4EEE
:1071300004F1080736F81700830734D595F800C026
:107140006146890020F0200001F18041C00401F572
:10715000C041C00C26F817000023C1F810356A782A
:10716000002AE1D0D1F81035AD7823F4991323F437
:10717000F853C1F81035D1F810E5230203F47C531D
:10718000120402F4403243EA0E0313432A0502F4C8
:10719000801240EA4C30134340F0200026F81700DC
:1071A000C1F81035C0E70348BFE700BF6001002009
:1071B0000000AD0B0400AD0B014BC3E902017047A9
:1071C0006001002008B50246FFF768FE38B1054BA4
:1071D0000548083233F812305B0B0B7008BD0348CA
:1071E000FCE700BF600100200000AD0B0400AD0B08
:1071F00038B50F4C94F87850BDB96022294604F197
:10720000100024F0FBFD0620FDF7D4FB094B0A48D3
:10721000C3F87C51D3F87C214FF00042C3F804231B
:10722000012384F87830636738BD0448FCE700BF69
:1072300060010020006000400000AD0B0500AD0BB8
:10724000034B93F87800003818BF0120704700BF47
:107250006001002001460148FFF746BDD001002033
:1072600001460148FFF71ABDD001002037B504469A
:10727000FFF714FE04F108021E4B33F81230E8B198
:1072800013F002051AD15B0B9A0002F1804000F561
:10729000C24002F1804202F5C04205600068D2F8A7
:1072A000100540F00100C2F8100529B1012202FAD0
:1072B00003F3114AC2F8043303B030BDC3F38203B1
:1072C000042B12D0052B12D001A80194FFF7D8FD92
:1072D000019BD0F81015D94001F001010231204680
:1072E00003B0BDE830401AF0D9B90321F7E7022115
:1072F000F5E700BF600100200060004008B50246CD
:10730000FFF7CCFDC0B102F108010E4B33F811308C
:10731000990711D45B0B01229A409B000A4903F1A3
:10732000804303F5C043C1F80823D3F8102522F0A9
:107330000302C3F8102508BDBDE80840002110462F
:107340001AF0ACB960010020006000400E4B00F163
:10735000080213B533F81230DB07044611D5FFF7E6
:10736000CDFF2046FFF7ECFD01A80194FFF788FD53
:10737000019B03F5E073022240F82320034802B08A
:1073800010BD0348FBE700BF600100200000AD0B0B
:107390000400AD0B2DE9F04F644B654865490026AC
:1073A00087B0012234461D6835B1D0F80453154228
:1073B0001EBF1C601D68164304338B424FEA420215
:1073C000F1D1DFF86C81D8F87C31002B00F091808E
:1073D0004FF0A043D3F820250492C3F82025D3F81A
:1073E00020280592C3F8202800270DF110097B0101
:1073F00000934FF0010A49E0009B4F4A94FAA4F42D
:10740000B4FA84F41C4404F10803E00832F81330A1
:10741000039404F007020AFA02FC19F8002022EA99
:107420000C0209F8002003A8C3F382059908FFF7AE
:1074300027FD039A02F5E0724B0750F82220AB4675
:10744000C2F3014229D520465946D5B2FFF730FD97
:1074500003A80394FFF714FD039B03F5E07350F8B2
:107460002330C3F301439D4207D1002120461AF087
:1074700015F9294620461AF011F903A80394FFF7DD
:10748000FFFC039B0AFA03F3C0F8203559F82740A4
:10749000002CB1D1CFB90127A9E7022A0CBF0321E3
:1074A0000221204601921AF0F9F8032D04D0019A26
:1074B000022A06D1012DE0D159462046FFF7F8FCFB
:1074C000DBE7032AD9D1022DF5E7C8F87C41D8F8CB
:1074D0007C311A494FF0A043D3F820250492C3F819
:1074E0002025D1F820350593C1F8203513437FF4CA
:1074F0007BAF012416B907B0BDE8F08F96FAA6F36A
:10750000B3FA83F304FA03F29B0003F1804303F51B
:10751000C04326EA0206D3F81005D3F81015C0F3CD
:107520000520C1F30141FFF7C3FCE3E70061004020
:107530000060004020610040600100200003005016
:1075400010B5184C237853BB02789107C2F340035F
:1075500011D54FF08053D3F8301108291DD1D3F83D
:107560003431052B19D81049C95C012319B14FF0EA
:107570008041C1F838364FF0804102F00102C1F875
:1075800080350020C1F87825FDF738FA08B9FDF7F5
:1075900011FA01230548237010BD0123EBE70448CD
:1075A000FAE700BF10D102209DE202000000AD0BFF
:1075B0000C00AD0B4FF080434FF46072C3F808230A
:1075C000014B00221A6070477825002008B5FFF7AC
:1075D000F1FF03680BB1014A136008BD7825002054
:1075E0004FF0804310B5D3F80443620707D54FF43A
:1075F00084701AF062F810B11E4B1B689847A306FE
:1076000008D54FF48A701AF058F818B11A4B0020B8
:107610001B689847600608D54FF48C701AF04DF837
:1076200018B1154B01201B689847210608D54FF467
:107630008E701AF042F818B1104B00201B68984762
:10764000E20508D54FF490701AF037F818B10B4BDB
:1076500001201B689847A3050AD54FF492701AF0D1
:107660002CF828B1054BBDE810401B6802201847D4
:1076700010BD00BF70250020742500207825002053
:1076800001460148FFF70ABBDC0100204FF08053A0
:10769000D3F83021082A06D1D3F83431052B04D889
:1076A000034AD05C7047002070470120704700BF3C
:1076B000A3E20200054B10F0800FA3F1900208BF77
:1076C000134600F00F0003EB00107047EC2600207B
:1076D00008B51AF013F818B1034B0022C3F81C2C9C
:1076E000024B00221A7008BD0070024012D1022025
:1076F00007B5094A00231370084AADF80530137026
:107700008DF8073001238DF80430054B01A81B6864
:10771000984703B05DF804FB11D1022014D1022078
:107720007C270020214B13B5D3F80044C3F8004454
:10773000E105D3F800340ED51D4B01221A70002349
:10774000ADF805308DF8073002238DF80430194B61
:1077500001A81B689847A2050DD5154A0023137090
:10776000ADF805308DF8073003238DF80430114B48
:1077700001A81B689847630515D50D4A137893B186
:1077800000231370094A0121C2F808159165926D12
:10779000ADF805308DF8073004238DF80430054B23
:1077A00001A81B68984702B010BD00BF00700240DE
:1077B00011D102207C2700204FF02003EFF311802D
:1077C00083F31288BFF36F8F0A4BD3F8001C032298
:1077D00061B949F27531C3F8001CC3F8142DC3F820
:1077E000001C80F31188BFF36F8F7047C3F8142D0E
:1077F000F7E700BF00E006404FF02003EFF31180F1
:1078000083F31288BFF36F8F0A4BD3F8001C61B962
:1078100049F27532C3F8002CC3F8141DC3F8002CCC
:1078200080F31188BFF36F8F70470022C3F8142DC7
:10783000F6E700BF00E00640F8B54D680B4F9542F3
:1078400028BF15460C4606462A4609684023384696
:1078500024F0A7FA60682268401BC6E900752A4434
:1078600060600038226018BF0120F8BD802700202A
:10787000F8B54C68944228BF144606460D4694B1AC
:107880000A4F096840232246384624F08AFA3760B6
:107890006B6874601B1B6B602B68201E23442B607D
:1078A00018BF0120F8BD0460F2E700BF8027002068
:1078B00007B500238DF804300B4BD3F82025ADF825
:1078C0000620D3F8C034094A002B13680CBF4FF4CC
:1078D00080714FF001210B431360054B01A81B6819
:1078E000984703B05DF804FB007002405826002062
:1078F0007C270020064BBFF35B8F53E8002F02402C
:1079000043E800210029F8D1BFF35B8F704700BF27
:10791000E825002008B5FFF7DBFE084B93F89E2012
:10792000032A05D1BDE808406FF00100FFF7E2BF70
:10793000D3F89030002BF5D008BD00BF5C260020A6
:10794000012273B502FA01F51C491D4E0B6810F0B7
:10795000800F43EA050304460B6024D000F00F02B9
:10796000184B33F8123003F1804303F51C331A68C7
:1079700032B100221A6080281B6811D019F00EFF66
:10798000316829400AD106238DF804308DF806406D
:107990008DF807100C4B01A81B68984702B070BD0A
:1079A000FFF7B8FFECE733681D42F7D106238DF8E7
:1079B00004308DF806008DF80720EBE758260020EC
:1079C000E82500204CE102007C27002008B5054B8B
:1079D0001A78104619F0D8FEBDE808400146104656
:1079E000FFF7AEBF14D1022007B5FFF771FE0C4BB5
:1079F00093F88E20032A10D0D3F880306BB96FF043
:107A00008070FFF777FF06238DF804300823ADF868
:107A10000630044B01A81B68984703B05DF804FBCF
:107A20005C2600207C27002007B5FFF751FE104B95
:107A300093F81E21032A06D16FF4807003B05DF81D
:107A400004EBFFF757BFD3F810316BB96FF48070B8
:107A5000FFF750FF06238DF804308823ADF8063079
:107A6000044B01A81B68984703B05DF804FB00BFF6
:107A70005C2600207C270020024A00231360024A73
:107A8000137070477C27002013D1022008B5484BA3
:107A90004FF40062C3F80024D3F80034FFF7F6FD7A
:107AA00008B1FFF789FE19F029FEC8B14FF0200395
:107AB000EFF3118083F31288BFF36F8F3D4BD3F840
:107AC000001CC02200296AD149F27531C3F8001C9C
:107AD000C3F8142CC3F8001C80F31188BFF36F8F18
:107AE000334B0122C3F80025D3F80025D3F8002436
:107AF0001205FBD54FF40062C3F80024D3F800341C
:107B000019F0FCFDC0B14FF02003EFF3118083F3B7
:107B10001288BFF36F8F274BD3F8001C002941D187
:107B200049F27532C3F8002CC3F8141CC3F8002CBA
:107B300080F31188BFF36F8FFFF7A8FD30B1FFF717
:107B40005BFEFFF7A3FD08B1FFF736FE19F0D6FD87
:107B5000174B50B140F2E372C3F800284022C3F83B
:107B60000428BFF36F8FBFF34F8F00218022C3F82B
:107B70001C25C3F83015104B40F2FF121A600F4B52
:107B80001960FFF7A5FD0E4B19700E4B02221A70FB
:107B9000FFF77CFD50B1BDE80840FFF72DBEC3F8EC
:107BA000142C99E70022C3F8142CC1E708BD00BFCC
:107BB0000070024000E0064058260020E825002022
:107BC00014D1022013D102200A4B002210B51A70E2
:107BD000094A0A4B0A4C002818BF1346C4F804335C
:107BE0002720FCF7E7FE0123C4F80435D4F8043558
:107BF00010BD00BF11D102200714E0010714C0011D
:107C000000700240034B1878012894BF0020012027
:107C1000704700BF13D102202DE9F0411D4B1C78A5
:107C2000002C35D11C4A106001221A70254640F202
:107C3000FF18274665F07F0615F0080FF6B214BF4F
:107C400041464021304619F0D9FD3046FFF732FD5C
:107C50000135092D877307608760EBD1402100252E
:107C600040F2FF16204619F0C9FD2046FFF722FD1D
:107C70000134E4B2092C85730560856002D10748A0
:107C8000BDE8F08114F0080F14BF31464021E9E748
:107C90000348F5E713D102207C2700200000AD0B3C
:107CA0000500AD0B2DE9F84305464FF02003EFF337
:107CB000118883F31288BFF36F8F10F00F0403D184
:107CC000274B1B78834246D1264B274F1A683E68C4
:107CD000284619F059FDD24392B24FF001093243C0
:107CE00009FA00F912EA090F37D12846FFF7E2FC3A
:107CF0000C2254432A06034629D51C4A086814441A
:107D000000F060408A68B0F1005F02F0010219D112
:107D1000B2B9174A1A6007C984E8070000229A60BE
:107D20009A735C60134B144846EA090680223E6051
:107D3000C3F8042188F31188BFF36F8FBDE8F8837F
:107D40000E4AE7E70AB90E4AE4E70E4AE2E70E4AAE
:107D500014440E4ADEE70E48ECE70E48EAE700BF9F
:107D600014D1022058260020E8250020EC25002010
:107D70003D17020000E100E00000AD0B5F170200BC
:107D800039780000717800007C2500200F17020070
:107D90000A00AD0B0B00AD0B10F0080F074B06D01F
:107DA000D3F8C00410F4803F18BF0020704700F0E3
:107DB0000F0000F5947053F82000704700700240E7
:107DC0002DE9F04FDFF85C8198F8003085B0002B8A
:107DD0006BD1DFF85491554ED9F800103368194033
:107DE00063D011F0012314BF93FAA3F191FAA1F12A
:107DF000B1FA81F10F298ABFA1F1100441F080048A
:107E0000E4B22046FFF756FC4FF0010B4FFA84FA1C
:107E10000BFA01F1BAF1000F05466FEA010B47DAE0
:107E200003688289416802A8984700B9286019F060
:107E300065FC18B13E4B8222C3F81C2C012331682B
:107E4000039A88F80030AB6801EA0B011344BAF1D9
:107E5000000F3160AB6004F008000299344B04F06D
:107E60000F044FDA002845D0C3F8A016C3F8A426A3
:107E7000042303EB840303F1804303F51C33012245
:107E80001A601B682B4A2C4B294913EA2A0338BF76
:107E9000134633F8143003F1804303F51C331A689A
:107EA0001AB9D1F80021002AF9D005B0BDE8F08F49
:107EB0002046FFF771FFAA896968D5F800C003461C
:107EC000074602A8E047029A002AAED0039A9742DA
:107ED000ABD902275846AF73FFF70CFD06238DF888
:107EE0000430164B8DF806401B688DF8077001A80A
:107EF000984771E7142000FB0433C3F80016C3F859
:107F00000426B5E728B1C3F8A017C3F8A42728238F
:107F1000AFE7142000FB0433C3F80017C3F80427AD
:107F2000F5E700BF12D10220E825002058260020E6
:107F3000007002405EE102004CE102007C2700205C
:107F400038B50F4BD3F86C44C3F86C4401251CB909
:107F5000BDE83840FFF734BF94FAA4F3B3FA83F3D3
:107F60000F2BC8BFA3F110001946D4BF43F0800007
:107F7000C0B205FA03F324EA0304FFF7E1FCE6E7E5
:107F80000070024037B50446FFF7A2FB2046FFF71A
:107F900091FB837B032B0DD1204619F0F5FB0123C8
:107FA00003FA00F0C043FFF7A5FC03B0BDE8304082
:107FB000FFF706BF0568002DF7D1204619F0E4FB56
:107FC000012303FA00F0C043FFF794FC06238DF869
:107FD0000430044B8DF806401B688DF8075001A84B
:107FE0009847E2E77C270020024B40F48070C3F8FA
:107FF0001805704700700240020713D400F00F0309
:1080000010F0800F084A0BBF03F5887303F58473E3
:1080100002EB830352F8230008BF5868431E5842FE
:10802000584170470020704700700240044BC3F86D
:108030000C0540F48070C3F80C05D3F80C3570477C
:10804000007002400023036043600E4BD3F880248D
:108050000270D3F884244270D3F88824D3F88C14A7
:1080600042EA01224280D3F89024D3F8941442EAE1
:1080700001228280D3F89824D3F89C3442EA032367
:10808000C380704700700240024B0122DA64DB6C4F
:10809000704700BF0070024013B5FFF719FB104B8B
:1080A0009A7B032A06D16FF4803002B0BDE81040FD
:1080B000FFF720BC1C6874B96FF48030FFF71AFC1E
:1080C00006238DF80430074BADF806401B6801A865
:1080D000984702B010BD02B0BDE81040FFF7D4BF12
:1080E0005C2600207C270020024B01221A651B6DB4
:1080F000704700BF00700240024B01225A655B6D61
:10810000704700BF00700240014B1878704700BFF5
:1081100014D1022010B502464FF02003EFF3118472
:1081200083F31288BFF36F8F19F02EFB0D490123E3
:1081300003FA00F00B6823EA00030B6012F0080159
:108140000AD102F00F039B0003F1804303F51C33B7
:10815000C3F8A014D3F8A03484F31188BFF36F8F51
:1081600010BD00BF58260020F7B501464FF0200390
:10817000EFF3118583F31288BFF36F8FFFF79AFA3D
:108180000646084619F000FB012211F0800F02FAA2
:1081900000F22E4818D1036832EA03040AD00846D8
:1081A000FFF7B8FF0323B37385F31188BFF36F8F15
:1081B00003B0F0BD23EA020334600360244B186867
:1081C00020EA02001860EDE70B0715D48029214B47
:1081D0002FD001F00F0404F2DA346400C3F8004831
:1081E000D3F80448D3F80478E4B244F002043C43E2
:1081F000C3F80448D3F80438154F04683B6864EAB0
:10820000030C1CEA020FCFD0134324EA02043B60A4
:108210000023046033600323B3738DF807300E4BE3
:108220008DF8061006221B688DF8042001A89847D7
:10823000BAE740F2B474C3F80048D3F80448D3F85E
:108240000478E4B244F00404D1E700BFE82500203C
:1082500058260020007002407C27002073B5174B81
:10826000174CD3F880542368164EDA43164B3178F6
:108270001B6892B208461A4319F086FA012383401C
:10828000134202D00846FFF76FFF05F080056FF03C
:1082900001103570FFF72EFB236843F001032360C4
:1082A0000023ADF805308DF8073005238DF8043034
:1082B000064B01A81B68984702B070BD00700240D1
:1082C0005826002014D10220E82500207C27002019
:1082D0001B4BD3F8040300232DE9F04101241D4674
:1082E00070B9184F03F4000623F400044FF001089E
:1082F000BCB9FFF765FD06B3BDE8F041FFF7AEBFBF
:1083000090FAA0F2B2FA82F20F499600314404FAD0
:1083100002F20E6816B10D600968134320EA0200EC
:10832000DEE794FAA4F5B5FA85F557F8253008FA92
:1083300005F5984724EA0504DAE7BDE8F08100BFB7
:108340000070024054D8020000710240F8B5114E8E
:10835000114B34681B68240C24041C4301271CB9EE
:1083600040F2FF133360F8BD94FAA4F5B5FA85F531
:108370000F2D2846C6BFA5F11000C0B240F0800006
:10838000030701D4FFF7F0FE07FA05F524EA050418
:10839000E5E700BF58260020E82500200C4B80228E
:1083A00010B52720C3F88421FCF728FB70B1094CD5
:1083B000FFF7CCFF0023C4F804352720D4F8043598
:1083C000FCF708FB4FF0FF33C4F8083310BD00BFC3
:1083D00000E100E00070024008B5FFF7DFFF084B46
:1083E000D3F80423C3F808230022C3F80025D3F8E8
:1083F0000035FFF76DF9034B01221A7008BD00BF6D
:108400000070024013D1022038B54FF02003EFF383
:10841000118583F31288BFF36F8F114B1B7803F024
:10842000FF0433B9002485F31188BFF36F8F204612
:1084300038BDFFF78BFF0B4BD3F8002412F400720A
:10844000F0D10121C3F82C15D3F82C15D3F8001462
:10845000890542BFC3F82C25D3F82C351446E2E732
:1084600011D102200070024010B50446FFF77CFED7
:10847000104A14F0800F04F00F004FF0010314BFF6
:10848000D2F81015D2F8141503FA00F36FEA0303BB
:1084900015BF0B400B40C2F81035C2F8143514BF9D
:1084A000054B064B1A5C01239340024AC2F808337D
:1084B00010BD00BF00700240A9E20200B2E202005B
:1084C00070B543B2002B234B234AA8BF1A4600F0D5
:1084D0000F034FF00104D15C204A04FA01F1054674
:1084E000C2F804130CDAD2F81015D940C80706D424
:1084F000D2F8100504FA03F30343C2F8103570BD37
:10850000D2F81415D940C907F9D4D2F8146504FA81
:1085100003F13143C2F81415002BF0D00307EED459
:108520004FF02003EFF3118683F31288BFF36F8FB0
:10853000FFF7F0FD284619F027F9094A136804FAF5
:1085400000F023EA0000106086F31188BFF36F8FFC
:10855000D5E700BFB2E20200A9E2020000700240CB
:10856000E8250020030610B5044605D4FFF744FDB6
:1085700010B12046FFF7CEFD014BC3F8184510BDE2
:108580000070024010B5144C144A154903232361AE
:108590006361144BA261E3614FF4806323620023A3
:1085A000A3626362E36222660F4A6266E01D1022E4
:1085B000A2662367E366636723F0E6FCBFF35F8F81
:1085C0000A49204623F0E0FCBFF35F8F2023A3710C
:1085D000BFF35F8F10BD00BFC0270020BBE20200C9
:1085E000C4E2020025D1022015D10220C8E2020017
:1085F00037B505460C468069114619F0C3F96B6919
:108600001B1AA34209D2E21A009205496868224661
:1086100019F070FF002003B030BD0444AC61FAE7EC
:10862000CFE2020037B5044640690D46401B1146B3
:1086300019F0AEF9236983420AD91B1A0093054940
:108640006068EB1A2A4619F055FF002003B030BDD0
:108650006061FBE718E3020037B583690D461146F8
:1086600002699A42044606D00D49406819F042FF5B
:10867000012003B030BD806819F084F963691B1ACA
:108680009D4207D9EA1A0092064960682A4619F005
:1086900031FFEDE728442061A0610020E9E700BF39
:1086A00061E30200B6E3020010B588B008B923F018
:1086B00032FB0029FBD00A440E4C0791CDE903128E
:1086C000CDE905120422CDE901401C210DEB020089
:1086D000FFF7A8FF60B1029B4360039B8360049B8C
:1086E000C360059B0361069B4361079B0460836134
:1086F00008B010BDC0D80200034B04491B680246F5
:10870000D86816F071BD00BF0C020020611603008E
:1087100000B5C1B002460B4668464FF4807100F0C8
:10872000E9FB6846FFF7E8FF0248FFF7E5FF41B0C5
:108730005DF804FBF8E302002DE9F04100F58058F4
:108740000546D8F804307F2B0F46144609D9D8F8CF
:108750008C0220B30A46BDE8F0411249802319F08B
:10876000C9BE0368DB69984740B1D8F88C02B0B144
:108770003A460D49BDE8F04119F0BCBED8F8046096
:10878000731CC8F804300FCC05EB4616351D0FC519
:1087900094E80F0085E80F002023C6E90637BDE8FE
:1087A000F08100BFFBE302003DE4020020292DE937
:1087B000F047074688461446994600F5805608D18A
:1087C000D6F88C0200283DD0BDE8F0471E4919F0CC
:1087D00091BE03689B69984740B1D6F88C0288B374
:1087E00042461A49BDE8F04719F084BED6F804C0E5
:1087F000BCF17F0F09D9D6F88C0218B34246144950
:10880000BDE8F047802319F075BE0FCC07EB4C1E76
:108810000EF104050FC594E80F0085E80F00D6F8A7
:108820008822CEF818800CF101037360B91841F268
:10883000080301F8038002F22243013247F8239033
:10884000C6F88822BDE8F08789E40200CEE4020081
:108850001DE5020030B500F58053002589B0C3E95D
:10886000A2555D60E34B0360044668460AF090FA47
:10887000E14B6A4665212046FFF798FF684603F002
:1088800057FD2946DD4B6A462046FFF78FFF6846B5
:1088900004F0F6F8DA4B6A466A212046FFF786FFB5
:1088A000684604F047FCD74B6A4638212046FFF75C
:1088B0007DFF684604F04AFCD34B6A464F212046B0
:1088C000FFF774FF68460DF0E1FED04B6A460121C8
:1088D0002046FFF76BFF684604F092FECC4B6A46D9
:1088E00025212046FFF762FF684604F065FFC94B6B
:1088F0006A4668212046FFF759FF684607F02EF9BF
:10890000C54B6A4602212046FFF750FF684607F034
:1089100069FEC24B6A4603212046FFF747FF6846BF
:108920000AF052FABE4B6A466C212046FFF73EFF22
:10893000684608F043F9BB4B6A4680212046FFF7A2
:1089400035FF684608F09CFAB74B6A460521204679
:10895000FFF72CFF684608F029FDB44B6A46042156
:108960002046FFF723FF684609F050F8B04B6A46EF
:1089700006212046FFF71AFF09F060FFAD490246C5
:108980002046FFF7D9FE68460AF0A4FBAA4B6A46C8
:108990006F212046FFF70AFF684604F071FFA74BDE
:1089A0006A4647212046FFF701FF1CF0A6FD054659
:1089B00030B10AF09DFB2A4601462046FFF7BCFE77
:1089C00068460AF09BFC6A469D4B46212046FFF70D
:1089D000EDFE68460AF016FD6A469A4B08212046CD
:1089E000FFF7E4FE68460AF09FFD6A46964B5A215F
:1089F0002046FFF7DBFE68460AF0BCFE6A46934B52
:108A00005F212046FFF7D2FE68460BF0B1F96A46B7
:108A10008F4B09212046FFF7C9FE684604F04CFF42
:108A20006A468C4B3D212046FFF7C0FE684604F0A5
:108A300051FF6A46884B3E212046FFF7B7FE684645
:108A40000BF0DEF96A46854B75212046FFF7AEFE36
:108A500068461CF0D3FF6A46814B0B212046FFF786
:108A6000A5FE68460BF0A0FF6A46684B0C21204625
:108A7000FFF79CFE68460CF057F96A46794B622175
:108A80002046FFF793FE684604F032FF6A46764BB5
:108A90003A212046FFF78AFE684604F037FF6A460F
:108AA000724B3F212046FFF781FE68460AF09AF993
:108AB0006A466F4B49212046FFF778FE68460CF066
:108AC00059F96A466B4B56212046FFF76FFE684600
:108AD0000AF0C0F96A46684B57212046FFF766FE48
:108AE00068460CF03BF96A46644B54212046FFF778
:108AF0005DFE68460CF0A6F96A46614B0E212046E1
:108B0000FFF754FE68460DF0CFFD6A463F4B11213A
:108B10002046FFF74BFE68460CF086FC6A46594B30
:108B200037212046FFF742FE68460EF06FFA6A468C
:108B3000554B28212046FFF739FE68460CF080FC93
:108B40006A46524B39212046FFF730FE68460CF04A
:108B500085FF6A464E4B12212046FFF727FE6846E6
:108B60000DF02EF86A464B4B3B212046FFF71EFEC8
:108B7000684604F093FE6A46474B48212046FFF7BB
:108B800015FE68460DF054FA6A46444B53212046C0
:108B9000FFF70CFE68460DF033FC6A46404B22217D
:108BA0002046FFF703FE68461EF071F96A463D4B0A
:108BB0003C212046FFF7FAFD68460DF06FFE6A463D
:108BC000394B36212046FFF7F1FD68460DF014FFC2
:108BD0006A46364B72212046FFF7E8FD68460EF0E4
:108BE00023FA6A46284B52212046FFF7DFFD6846EC
:108BF0005EE000BFF4D8020001240200C9B1000009
:108C00000524020055B20000E9B200005DB7000083
:108C1000092402000D2402007DB3000005B4000009
:108C20001124020061AC00007DAE0000C9B4000058
:108C30001524020060E50200192402001D24020030
:108C40002124020025240200292402002D240200F0
:108C500095B50000312402003524020039240200B9
:108C60006DB6000069BA00003D24020041240200F4
:108C700045240200492402004D2402005124020030
:108C80005524020059240200E9AC00005D240200D2
:108C9000E5B600006124020065240200E9AE000090
:108CA000692402006D240200712402007524020070
:108CB00003F052F86A466B4B13212046FFF776FD0E
:108CC000684603F057F86A46674B15212046FFF7C0
:108CD0006DFD68460FF070F96A46644B1621204618
:108CE000FFF764FD68460FF00FFA6A46604B1721E4
:108CF0002046FFF75BFD68460FF0CCFC6A465D4BF3
:108D000061212046FFF752FD68460FF04DFE6A468E
:108D1000594B74212046FFF749FD68460AF07EF85A
:108D20006A46564B4C212046FFF740FD68460FF03F
:108D3000ADFE6A46524B4D212046FFF737FD68468F
:108D40000AF034F86A464F4B42212046FFF72EFDC9
:108D500068460FF0A9FE6A464B4B19212046FFF7E3
:108D600025FD684610F008FC6A46484B262120463F
:108D7000FFF71CFD684610F0E5FC6A46444B1A21DB
:108D80002046FFF713FD684610F062FD6A46414B2E
:108D900031212046FFF70AFD684610F0F3FD6A46D0
:108DA0003D4B66212046FFF701FD68460AF028F892
:108DB0006A463A4B4B212046FFF7F8FC68460AF01A
:108DC0003BF86A46364B5C212046FFF7EFFC6846CD
:108DD00010F01EFF6A46334B2B212046FFF7E6FCBE
:108DE000684611F029F86A462F4B2D212046FFF7DF
:108DF000DDFC684611F010F96A462C4B292120460B
:108E0000FFF7D4FC684611F0F7FB6A46284B1B219C
:108E10002046FFF7CBFC684611F064FF6A46254BFD
:108E20001C212046FFF7C2FC684613F0A5FA6A46EB
:108E3000214B43212046FFF7B9FC684612F0C0FAE7
:108E40006A461E4B27212046FFF7B0FC684613F008
:108E500069FC20461A4B6A465821FFF7A7FC2046BA
:108E600009B030BD792402007D24020019AB000056
:108E70005DAD0000EDAD00008124020085240200FC
:108E80001DB8000089240200D5BA00008D2402001C
:108E900065AF0000D1AF00003DB00000912402009A
:108EA00095240200BDAB0000A9B00000ADB80000E1
:108EB00039B9000099240200D9B900009D240200AC
:108EC0004DB1000008B50368994206D3064B074A26
:108ED00007484FF4837117F074FA043000EB8102F5
:108EE00050F82100104408BD7DE5020088E502002D
:108EF0007DE602002DE9F04F97B0904602901D46A6
:108F000001F1FF390024029A98F800302146161921
:108F10006BB34C452BDA252B08F1010240F0178189
:108F200098F80130662B5AD009D8632B00F01281D3
:108F3000642B18D0252B00F008819046E3E7752BB1
:108F400028D0782B2FD0732BF7D155F8042B013A6A
:108F500012F8013FDBB10231494506F8013B04F14B
:108F60000104F5DB13E0A9EB04030A2B01DC013457
:108F7000F6E055F8040B31460028BEBF2D2301F85A
:108F8000013B40420A2218F0A7FD861B344408F139
:108F90000202D2E7A9EB04030A2BE8DD55F8040B23
:108FA0000A223146EFE7A9EB0401092904F1010285
:108FB00006DC002333701446204617B0BDE8F08F5E
:108FC00030213170029902348B540E1955F8040B7C
:108FD0001022314618F080FD801B0444D7E7A9EB2E
:108FE0000400F7F765FE6249F8F754F80028BED18F
:108FF000073525F00705F5E80201F7F74FFD06F103
:109000002F030490042204A905A8019322F0BBFEBB
:10901000059BC3F3C752002BC3F3160E3346A2F1D0
:109020007F0A0392BCBF2D2203F8012B0022BAF164
:10903000800F1A700ED106F12F02D11ABEF1000F67
:1090400006D14C4A184618F031FD0746BE1B9DE775
:10905000494AF7E7494A06AF02F1080B1068516820
:10906000BC46ACE8030008325A456746F6D11068A2
:109070001279CCF800008CF8042006AF704600226C
:1090800017F9011B01322EFA01F10D2A0844F7D11C
:1090900031221A702E225A7000229A70019A9F1C57
:1090A000A2EB070BBBF1070FD0DD03F10802394635
:1090B000302301F8013F8A42FBD10A220AA918F0A5
:1090C0000BFD0AAA5946384618F0F0FCC21B3023A3
:1090D000D2F1070C037010D003463021A0EB030E31
:1090E000724505DD13F801ED03F80CE01970F5E7A2
:1090F00022EAE272C2F1070210440346184613F84E
:10910000012D302A01D19F42F8D300230370019B27
:109110001B4A191A18F0CAFC019BBAF1000FA3EB05
:10912000000BBFBF2D238DF82830039BC3F17F0AAE
:109130000746B4BF0DF129010AA90A22504618F0CA
:10914000CBFC0AAA594638467DE708F102020134F1
:109150003370F2E6A9EB0403002B04F1010402DCF6
:109160000023337028E755F8043B33700FE700BF46
:1091700000006041E3E60200E7E60200EFE60200DD
:10918000EBE602000368C31A10B51A88082A18D93A
:109190001B89C418ABB1C258A318A258914206D378
:1091A000094B0A4A0A484FF4837117F00AF904334D
:1091B00003EB810053F82130BDE81040184418F04B
:1091C000BABC00231B68FFDE7DE5020088E50200D3
:1091D0007DE602004369202B01D180697047DBB234
:1091E000912B9ABF024A52F823000248704700BFF1
:1091F00018D90200FAE302002DE9F74FD0F81490D5
:10920000044600254FF02C0AA3691B689D422DD20D
:10921000A06865612946FFF7B5FF4FEAC50B804698
:109220000026464520D0236953F80B100AFB06118F
:109230008B6A01939A688AB160689047019B0746E0
:1092400060B11846FFF7C6FF3B4601463246094863
:1092500018F02EFB012003B0BDE8F08F3146E06826
:1092600018F044FE0136DCE70135CDE7C4F8149070
:109270000020F0E7FEE602002DE9F04F8269436925
:109280001268416185B0914281460C46019307D333
:10929000284818F00DFB0126304605B0BDE8F08FD8
:1092A0008068FFF76FFF00250746E4004FF02C0AA7
:1092B000AB46BD4239D0D9F8102016590AFB0566D5
:1092C000D6F828804046FFF785FFD9F804200146EC
:1092D000506BCDE902B018B10268926890470290D5
:1092E000D8F80C200AB922F016FD3146D9F804004E
:1092F00090470646D9F80C00026892689047012E04
:109300000CD14046FFF766FF334601462A460A481D
:1093100018F0CEFA02A818F095FCBDE7002EF9D19E
:1093200002A818F08FFC0135C3E7019BC9F814307F
:109330000026B1E734E7020066E7020010B50446F4
:109340001046074AC4E902030023C4E90021C4E926
:10935000043310B118F0A0FBA061204610BD00BF7F
:109360006CDB020008B50368994206D3054B064A38
:1093700006484FF4837117F024F800EB8100406831
:1093800008BD00BF7DE502009AE702007DE602000D
:109390002DE9F04F074685B000264FF00C0BB86959
:1093A00003689E4264D23146FFF78CFD4FEAC6093E
:1093B000804600250421404618F066FB00285CD05A
:1093C00058F8002008EB00018B188A5895424DD2BE
:1093D000043303EB850453F825301C440E2120464A
:1093E00018F052FB00283DD0235C002B3AD03B699B
:1093F0004B440BFB05FA586803A9504418F027FBAF
:109400000346002835D101900621204618F03CFB88
:109410000146F8B12256019B092A25D10C2120468C
:1094200018F032FB98B1231824581C440A21204616
:1094300018F02AFB08B323582218D118D35843B97F
:109440000F4B104A10484FF4837116F0BAFF0446D0
:10945000ECE749683B69039A4B445B6853F80A00A0
:1094600022F0CCFC0135A5E71946F3E7013696E773
:109470000023184605B0BDE8F08F0368FFDE00BF8B
:109480007DE5020059E802007DE6020091289ABFBE
:10949000024B53F820000248704700BF18D9020061
:1094A000FAE302002DE9F041DDF81C80C0F80880E5
:1094B00000F10C0704461E46C0E900120D465C226E
:1094C0000021384622F09AFC06994246304618F0B0
:1094D000EAFC2A460346A066394604F16C00FFF711
:1094E0002DFF094A2262094AE265094A22660023E1
:1094F000089AC4F89430C4E92333A4612264A4F820
:1095000088302046BDE8F081611D0200191D02006F
:10951000351D020038B5054600680C4618F030FCD1
:10952000A042034606D80649A868224618F0E2FF82
:10953000002038BDD5F8903053F82400F9E700BF7B
:10954000ECEE020038B5054600680C4618F023FC26
:10955000A042034606D80649A868224618F0CAFF6A
:10956000002038BDD5F8943053F82400F9E700BF47
:1095700017EF02002DE9F04F04468BB04FF0000AC0
:1095800004F16C0018F058FB504540F3EA8026685F
:10959000304618F081FA5146FFF794FC814608B92D
:1095A00022F0B9FB0621304618F06EFA054610B1DC
:1095B000755930180544A06E18F0BFFC0490484659
:1095C00018F0B9FA4FEACA03059002934FF0000869
:1095D000059B984500F0C2800A21484618F054FACD
:1095E000002800F0C08059F8002009EB00018B181A
:1095F0008A58904506D35D4B5D4A5E484FF48371AF
:1096000016F0DFFE043303EB880753F828301F44BD
:109610000421384618F038FA064600B13E582B6847
:10962000B34205D85448314618F042F9012320E0EE
:109630002B1D03EB860B53F82630029A9B442C23F8
:1096400003FB08F30193E36F9B58019A13442833FB
:10965000D4E90112584602F073FA70B101905846ED
:1096600018F064FFFFF712FF0146444818F020F994
:10967000019B18460BB0BDE8F08F0299E26F52587B
:1096800001990A44926A12B93D483146CCE792F8F2
:1096900014B00790BBF1200F4FF00E0138463ED1B9
:1096A00018F0F2F9002833D1002603960621384637
:1096B00018F0D4FA08AA0146A06E18F034FC03464C
:1096C0000028D6D10821384618F0C8FA09AA014660
:1096D000A06E18F028FC03460028CAD1E26F029958
:1096E00052F801B0019A0BEB0207014628223846D6
:1096F00022F084FB019A089B4BF80230099B7B60A7
:10970000079B7B61039B08F10108C7E906365FE709
:109710003B583A18D1180431D6580391C6E718F0CF
:10972000B3F928B15846FFF7B1FE014615487BE76B
:109730006068036859461B6A9847064628B9584628
:10974000FFF7A4FE014610486EE707AB049AA16834
:109750003846B04703460028A6D08AE70AF1010A36
:109760000EE7002385E70368FFDE00BF7DE502000A
:1097700043EF02007DE6020038F0020062F00200D2
:109780008FF00200B0F00200F6F002002DE9F74F72
:1097900001680446806E00F00BF9014650B960493B
:1097A000A068012518F0A6FE84F88950284603B069
:1097B000BDE8F08F04F16C06304618F04DFA2046F3
:1097C000FFF7D8FE05460028F0D1564B6364564B90
:1097D0002361C4E91300304618F0D0F9534BE36419
:1097E0003046FFF709FD524B6564E5642365E26F7F
:1097F0002168A06E04F18C0300F0ACF90546002846
:10980000D4D1A76E206818F0BBFA3B688100DB68F2
:1098100038469847C4F8900048B9206818F0B0FA64
:1098200044498200A06818F065FE0125BEE7AA46FB
:109830002768384618F0A4FAD4F86880A842D8F807
:109840000090384621D918F027F90021FFF73AFB9C
:10985000062118F003FA2946FFF784FDCDF800A091
:109860000346D9F80090E26FD4F890B039464046EC
:10987000C847D4F890304BF8250053F8253013B979
:109880002D492A46CEE70135D2E718F084FAD9F8F7
:109890000C30810040469847C4F8940028B92068ED
:1098A00018F079FA25498200BCE70025A946276807
:1098B000384618F070FAA84226D9384618F0ECF865
:1098C0000021FFF7FFFA082118F0C8F9D4F86880E2
:1098D0002946FFF747FDD8F80020CDF80090034651
:1098E000D2F800B0E26FD4F894A039464046D84789
:1098F000D4F894304AF8250053F8253013B91049AC
:109900002A468FE70135D2E73046FFF741FD05468D
:1099100000287FF44BAF012384F8883046E700BF6E
:1099200013F10200031D0200491D0200531D020035
:109930000D1D020036F102007FF10200A4F10200C9
:10994000EEF1020090F8893010B504462BB10A49B7
:10995000806818F0CFFD012010BD90F8883033B139
:1099600004F16C000021BDE81040FFF785BCFFF753
:109970000DFF0028F4D0EFE714F2020038B50D46D1
:10998000044608B922F0C7F90029FBD00368042275
:10999000DB681C21984738B1044BC560C0E900342E
:1099A0000023C0E90533037438BD00BFC0DB0200EB
:1099B00070B504460E4609B922F0ADF9037C2BB10F
:1099C0001D49C06818F096FD002522E001230374AC
:1099D000406803680422DB680821984718B163686F
:1099E000164AC0E90023A060204618F06EFA00284D
:1099F000EAD1304618F050F8656801682B682846AF
:109A0000DB680422C9009847054620B90C4817F0C6
:109A10004FFF284670BD23680246DB693146204669
:109A200098470028D0D123682A469B6931462046B2
:109A300098470028EDD0C7E741F20200A8DB0200FA
:109A400096F20200F8B504461E460F4618F045FA95
:109A500000226569134600F1040C954206D05CF8BB
:109A60003210013108BF01330132F6E70B2B06D962
:109A70000949E0680C2218F03DFD0120F8BD00EB1B
:109A8000C5034FF0FF3240F835705A6035606369A6
:109A9000013363610020F1E7C4F2020008B50368F6
:109AA000994206D3054B064A06484FF4837116F0D7
:109AB00088FC00EBC100D0E9010108BD7DE5020092
:109AC00059E802007DE6020008B50368994206D312
:109AD000064B074A07484FF4837116F072FC0430B6
:109AE00000EB810250F82100104408BD7DE5020022
:109AF000FAF202007DE60200F7B506460F4614466C
:109B00000025384618F0BBF903689D421DD229464E
:109B1000FFF7DAFF18F0A8F9A0B101A9204617F065
:109B200096FF68B97068019903681022DB6898474E
:109B3000206038B9019A0649F06818F0DBFC012072
:109B400003B0F0BD01350C34DBE70020F8E700BFBF
:109B5000EBF302002DE9F3479846037C04460F46D9
:109B600015466BB10026384617F096FF03689E42F3
:109B70002DD23146FFF7A6F9814648B922F0CBF83D
:109B80001449C06818F0B6FC012002B0BDE8F087A7
:109B9000236862691B6B4146204698470028F4D130
:109BA00023680096D3F82CA06A68D8F800303946AC
:109BB0002046D0470028E8D123686A681B6A4946D6
:109BC0002046984708350028DFD10136CBE7002032
:109BD0002074DAE719F402002DE9F84306460F462F
:109BE00015460AB922F097F800244FF02C083846A1
:109BF00017F052FF0368A3421BD92146FFF762F911
:109C00000028EFD017F097FF73681A6808FB00F17F
:109C1000D2F80C9018460422C84730B90649F068BB
:109C200018F068FC0120BDE8F88345F834000134E1
:109C3000DDE70020F7E700BF64F402002DE9F74FED
:109C4000DDF8309006460846884617461D4617F050
:109C500023FF4946FFF736F908B922F05CF833686C
:109C600030465B6A4FF0000A9847CDE9009A3368A6
:109C70000446D3F828B002462B4641463046D84722
:109C800040B10B49F06818F035FC5446204603B04B
:109C9000BDE8F08F002FF9D007EBC9070C235D4317
:109CA0007B685A195B5963605368A360EEE700BF95
:109CB0009AF402002DE9F347DDF82890074608469C
:109CC000884616461D4617F0E7FE4946FFF7FAF8A4
:109CD00008B922F020F87868036804221B69402143
:109CE00098470122CDE900923B680446D3F828A0AA
:109CF00002462B4641463846D04740B10A49F868EB
:109D000018F0F8FB0024204602B0BDE8F087002ED2
:109D1000F9D006EBC9060C235D4373685A195B59E9
:109D200063605368A360EEE7E4F4020008B50368DB
:109D3000994206D3064B074A07484FF4837116F041
:109D400040FB043000EB810250F82100104408BDB4
:109D50007DE5020028F502007DE602002DE9F74FBF
:109D6000DDE90CA483460E46154698460CB921F051
:109D7000D2FF40220021204622F040F8284618F069
:109D80006AF85246214600F08BFE0746002853D160
:109D9000284618F069F8414684F82D00284618F046
:109DA000CEF800280CBF022301236060237501AAAE
:109DB000534604F11801284617F00FFE0746002805
:109DC0003AD10421284617F049FF002838D1414BE9
:109DD000A3600C21284617F057FE68B32B5805EBFB
:109DE00000089844404618F022F8054620B303685E
:109DF00013B3404618F025F8F0B10368E3B16B687F
:109E0000E360404618F01DF80021FFF747FE20618F
:109E1000404618F00CF8DBF80030D0F80090A6B1FE
:109E20001B6904220C21584698470646C8B92A499E
:109E3000504618F05FFB0127384603B0BDE8F08FAD
:109E4000BAF1000F93D0A060C3E7DB6804220C21B5
:109E50005846984706460028E9D0DBF80030DD6810
:109E600002E0DBF800301D69484618F0E1F90422F1
:109E700001465846A8470546706008B91749D7E714
:109E8000404617F0D4FFBAF1000F3FF470AF00283E
:109E90003FF46DAF30604FF0000AC5F80090CA453E
:109EA0000ADA404617F0CDFF5146FFF7F7FD0AF1F9
:109EB000010A45F8040FF2E71021404617F0E4FDCF
:109EC00008B158F80000B060012384F830306663B0
:109ED000B2E700BF9CDB020019F6020047F6020061
:109EE0002DE9F041069C26461F460023C4E90033B5
:109EF00046F8083F08460D46904617F0ACFF31463D
:109F00003A4600F0CDFD064658B94146284618F0BD
:109F100016F804212060284617F0A0FE20B9054B52
:109F200063603046BDE8F0810FB921F0F4FE606057
:109F3000F7E700BF9CDB02002DE9F04F85B0044637
:109F4000884602920AB921F0E6FE00264FF00C0A7C
:109F5000404617F0A1FD0368B3423ED93146FEF7F3
:109F6000B1FF81460028EED017F089FFD0F800B08D
:109F7000606803680AFB0BF5DB68042229469847F2
:109F8000074640B916492A46E06818F0B3FA01209E
:109F900005B0BDE8F08F0025AB4518D0484617F056
:109FA0006EFF2946FFF790FD0390404617F071FFC2
:109FB0000AFB0573024600930399E3686068FFF7A4
:109FC0008FFF10B107492A46DEE70135E4E7029B1F
:109FD000043343F836700136BAE70020D8E700BFF3
:109FE00075F60200BCF602002DE9F04F97B004466A
:109FF000084605920893884617F04EFD2099FEF713
:10A0000061FF074617F03BFF626903686068D31879
:10A010000493049A182353430293036802991B691B
:10A0200004229847064648B9029AB349E06818F0F6
:10A0300061FA0123184617B0BDE8F08F384617F0D3
:10A040001EFF03680393636906931021E368079377
:10A05000404617F019FD0546002800F0AE810025A6
:10A06000DFF898B2AA461021404617F00DFD0028EF
:10A0700000F0DE8158F8002008EB00018B188A58A8
:10A08000524540F29A81043303EB8A0953F82A308F
:10A0900099440421484617F0F7FCA8B309EB0003E4
:10A0A00059F80000034458460993F7F745FA099B0D
:10A0B00002465946181D21F06FFF38BB404617F085
:10A0C000E8FE06210546484617F0DEFC014608B1C9
:10A0D00059F800102846FFF729FE0421814617F0A1
:10A0E000D3FC002800F0A28109EB000559F800001C
:10A0F000039B0544103555F8042C934206D0804943
:10A10000079818F0F7F994E70346CCE70AF1010A3B
:10A11000A9E721F000FE4FF0FF337EE1384617F04B
:10A120000AFD002503904FF0180BAA460621384679
:10A1300017F094FD0268AA4208D92946FFF712F9E0
:10A140000BFB00600135C0F808A0EFE700254FF0D9
:10A15000180A0821384617F081FD0268039BAA42BD
:10A1600003F1FF3B42D92946FFF7FCF80AFB0060E8
:10A170000135C0F80CB0ECE7043303EB8B0553F862
:10A180002B304FF0000A1D440621284617F066FDCB
:10A19000026852450FD95146FFF7E4F8182303FB34
:10A1A0000060C268511C01D0934501DDC0F80CB0BD
:10A1B0000AF1010AE8E74FF0000A0821284617F0E3
:10A1C0004DFD026852450FD95146FFF7CBF81823D1
:10A1D00003FB00608268531C01D0934501DAC0F88C
:10A1E00008B00AF1010AE8E70BF1FF3BBBF1000FF1
:10A1F000C0F2BD800A21384617F046FC002800F066
:10A2000017813A5839188B188A585A45B4D83D4B9B
:10A210003D4A3E484FF4837116F0D3F81021606830
:10A2200017F032FB05466068036829461B69102257
:10A230009847014658B9E168354B019340F2D23353
:10A240000093344A344B084618F062F9F1E62A4686
:10A250000BA800F013F9D4F80C8035460027049BB6
:10A26000BB426AD02B7D13B901371835F7E71021AF
:10A27000286817F091FB2B69591C02460FD1EB6837
:10A280000093AB6841460BA800F0D6F803460028BF
:10A29000EAD00BA8029317F091FE029BCAE6019345
:10A2A000EB680093AB6841460BA817F0ADFEEDE7F5
:10A2B000606817F0E7FA029B05461E444FF000085D
:10A2C0004FF0FF3AB14529D099F814308BB10AAB61
:10A2D000424639460BA8CDF828A000F0EDF8034619
:10A2E0000028D6D10A9BD9F804202B44136008F12A
:10A2F000010809F11809E5E7DBF6020033F802006E
:10A300001CF702007DE5020043EF02007DE602003B
:10A31000CCF70200B5F7020067F702000BA817F0B0
:10A320006AFFA369834200D2A0616068A1690368E3
:10A3300010229B6898470346ABE7606803685B6937
:10A3400098471021606817F09FFA05460BA817F090
:10A3500052FFA842E768ABD90BA817F04CFF2B4679
:10A3600002463449384618F0C5F8012391E72046E3
:10A3700017F0B3FDDDF818C0089B182202FB086235
:10A38000C4444FF0FF370125C44502F1180200F123
:10A3900008007FF643AF50F8081C42F8181C50F82C
:10A3A000041C42F8143C42E9041142F8087C02F80B
:10A3B000045C08F101080433E6E7059B002B3FF439
:10A3C000A8AEB1469A46B3464FF00008039B4345FA
:10A3D0003FF4A4AECBF804A05946504617F037FB23
:10A3E000034600287FF426AEDAF800104FF0FF3263
:10A3F000CBE9022251B9384617F041FD4146FFF73B
:10A4000063FB17F031FD80F00100C0B28BF814003F
:10A41000002D3FF480AE55F82830CBF8103008F10D
:10A4200001080BF1180B0AF10C0ACFE7C368FFDE35
:10A430000368FCE7E5F7020070B504461646D4E968
:10A4400001259542084604DB0B4918F053F801201A
:10A4500070BDE268280102EB051116508B60049B69
:10A46000CB604FF0FF334B6001350123A56084F8CA
:10A4700028300020ECE700BF4BF8020010B50D4C6F
:10A48000046000248460012480F82840C1602824EE
:10A49000B2FBF4F201EB0211016101EB82014161B7
:10A4A0000C2401EB8201816104FB021142604162D4
:10A4B00010BD00BFFCDB0200F8B5144605460F4690
:10A4C0001E4617F0DFFD002C02DBAB68A34207DC61
:10A4D000AB6806492246384618F00CF80120F8BD52
:10A4E0006B6A53F8243033600020F8E768F8020004
:10A4F00010289ABF024B53F820000248704700BF53
:10A5000014DC020091F802002DE9704316461C4647
:10A510000022002380468946F6F766FA054620B1F8
:10A52000002333602360BDE87083224640464946DD
:10A5300013F082FA104B0022F5F7EEFF13F0B0FA99
:10A54000F6F784FE4FF00042824275EB010C0346A1
:10A5500001DA21F0E0FBA94208BF904202BF236864
:10A5600001332360226808BF4FF080431F32BCBF15
:10A57000002323603360D6E70000E041F8B51546BC
:10A580001C460022084B06460F46F6F755FA08B956
:10A5900021F0C1FB23462A4630463946FFF7B4FF77
:10A5A0002368002BF4DBF8BD0000F03FF7B5174639
:10A5B0001E4600220D4B04460D46F6F71FFA08B959
:10A5C00021F0A9FB0022002320462946F6F734FAA1
:10A5D0000028F5D001AB3A4620462946FFF794FF04
:10A5E000019B002BECDC336003B0F0BD0000F03FBA
:10A5F00070B515460A1E044601DBAA4206DB6669F1
:10A6000008492B462046B047012070BD53F8223040
:10A61000591C03D1436904499847F5E7049A00207F
:10A620001360F2E709F9020033F9020073B504463A
:10A6300018461646F6F744FCF5F716FF13F030FA05
:10A64000F6F72CFA4FF04F410546F6F737FD70B19B
:10A650004FF09E412846F6F727FD40B12846F6F711
:10A6600041FD069B30441860002002B070BD054BD0
:10A67000009320466569044A044940F25913A847EB
:10A680000120F2E7B1F9020065F90200B5F7020016
:10A6900073B504460846D168C0681E46F6F75CFBF1
:10A6A00000210546F6F70AFD58B90F4B00932046E6
:10A6B00065690E4A0E4940F24B13A847012002B0CB
:10A6C00070BD2846F5F7D0FE0446F0680D46F5F754
:10A6D000CBFE0B46024629462046F6F747F8069B76
:10A6E000C3E900010020EAE7D7F9020065F902009A
:10A6F000B5F702002DE9F04F1E46137885B0032B05
:10A70000DDF838A004460FD0092B29D0072B2BD019
:10A71000374B00934469374A374940F29113A047B9
:10A72000012005B0BDE8F08FFF254FF0000801299A
:10A73000D2F80C90D2F810B01BD103AB00935A465C
:10A74000002349462046FFF771FF0028E9D1039B0B
:10A750004345ACBF3360C6F80080CAF80050E0E75C
:10A760007F256FF07F08E2E7DFF8908047F6FF75FE
:10A77000DDE7032920D103AF009700235A4649465D
:10A780002046FFF753FF0028CBD1039B4345ACBFC6
:10A790003360C6F800801A4B00975A464946204657
:10A7A000FFF744FF0028BCD1039BAB42D4BFCAF8DB
:10A7B0000030CAF80050B4E7022913D103AF114B9F
:10A7C00000975A4649462046FFF730FF0028A8D197
:10A7D000039B4345ACBF3360C6F8008000974FF041
:10A7E0007E53DAE7C6F800800020CAF8005098E7E8
:10A7F00012FA020065F90200B5F702000080FFFFBF
:10A800000000C040000080BF2DE9F04F97B091F8E4
:10A8100030700893209B0493219B0993229B0A93F9
:10A82000239B0B93249B0C93259B0D93269B0E93AC
:10A83000279B0F93012F289B059304468A461546B4
:10A840000FD00126704B0193CDE902766F4B009338
:10A8500044696F4A6F49DA23A047304617B0BDE814
:10A86000F08F92F83060012E0CD0CDE90267664B74
:10A870000193694B00934469654A6649DC23A0470C
:10A880003E46EAE7526B3AB9644B00934469E723CA
:10A890005F4A6349A047E0E7D2F800B0BBF1000F80
:10A8A00004D1604B00934469E823F1E7DBF80070C2
:10A8B000012F36DD0B78092B06D0072B04D05A4B1D
:10A8C00000934469EC23E3E72B78092B0DD0092290
:10A8D000CDE90232554B0193554B00936569EE2348
:10A8E0004B4A4C492046A847B7E7059B9F4208D0F2
:10A8F000CDE902734F4B01934F4B00936569EF23F2
:10A90000EEE7AB68926803EB82035B68BB4208D05A
:10A91000CDE90273494B0193464B00936569F023DF
:10A92000DEE7DAF80C300693049BDB6807930BF143
:10A93000040300261093059B9E422FDA012FCABF05
:10A94000109BDBF8043053F8263006981193F5F786
:10A950008BFD119B804618468946F5F785FD02461A
:10A960000B4640464946F5F7D7FD8046079889468D
:10A97000F5F77AFD02460B4640464946F5F7F6FEE6
:10A9800014AB13AAFFF7C0FD0E9A139B42F82630B2
:10A990000F9A149B42F826300136CCE79AF8003023
:10A9A000032B1BD100220023CDE9142314AB019308
:10A9B000049B00932A46089B51462046F6F7F8FD73
:10A9C000064600287FF449AF0A9A13ABDDE914016B
:10A9D000FFF79AFD139B0B9A5B4213609AF80030C5
:10A9E000092B03D003F0FB03032B0BD10D9B09991B
:10A9F0002093049A0C9B0978204617B0BDE8F04FCD
:10AA0000FFF778BE002628E732FA02004CFA02006F
:10AA100065F9020018FA020065FA02007FFA0200E6
:10AA2000B5F7020093FA0200590C03004209030033
:10AA3000AEFA0200BBFA0200C8FA0200E9FA02000C
:10AA400038B5044610461A4624B9104917F052FD8D
:10AA5000012038BD2568082D0DD8224600239D42CF
:10AA600011D02068834208D3094B0A4A0A484FF4A0
:10AA7000837115F0A6FC0949E8E752F8040F41F884
:10AA800023000133EBE70020E3E700BF26FB0200D1
:10AA90007DE502009AE702007DE6020054FB020019
:10AAA00008B513460F282CD8DFE800F00C08131760
:10AAB0001B1F211123190F251D2729150A230B7090
:10AAC000002001E001230B7008BD0B23F7E70723EB
:10AAD000F5E70223F3E71023F1E70323EFE7092368
:10AAE000EDE70423EBE70D23E9E70523E7E706237A
:10AAF000E5E70823E3E70C23E1E70E23DFE70F2375
:10AB0000DDE700220A7002460249184617F0F2FCFF
:10AB10000120D9E795FB02002DE9F34716460546CB
:10AB200089461F4617F054FC336804221B68242111
:10AB300030469847044660B32422002121F05EF994
:10AB4000284617F0B6FC112818D1284617F04EFCFD
:10AB5000054698B1042116F097FF78B155F800A08A
:10AB6000124B05EB00084A46214608EB0A00FFF7A6
:10AB700067FF054640B958F80A3023623C6000255B
:10AB8000284602B0BDE8F0872146304617F02BFC7E
:10AB9000F6E7074B019340F2C3630093054A064B67
:10ABA0004946484617F0B4FC0125E9E7B9FB020025
:10ABB00019FC0200B5F70200C1FB02002DE9F347C2
:10ABC0001646054689461F4617F002FC33680422E4
:10ABD0001B68242130469847044660B32422002194
:10ABE00021F00CF9284617F064FC1E2818D12846DD
:10ABF00017F0FCFB054698B1042116F045FF78B12B
:10AC000055F800A0124B05EB00084A46214608EB18
:10AC10000A00FFF715FF054640B958F80A302362CD
:10AC20003C600025284602B0BDE8F087214630464A
:10AC300017F0D9FBF6E7074B019340F2B673009388
:10AC4000054A064B4946484617F062FC0125E9E7EC
:10AC50002BFC020019FC0200B5F70200C1FB020048
:10AC6000F7B5144605460E461F4617F0B1FB23689C
:10AC700020461B68012202219847044608B300269B
:10AC800006704670284617F014FC662815D1284631
:10AC900017F0ACFB054680B13246042117F000FCEA
:10ACA000801B18BF0120207032460621284617F06D
:10ACB000F7FB801B18BF012060703C60002003B0D0
:10ACC000F0BD064B019340F26D430093044A054BDF
:10ACD0003146304617F01CFC0120F0E719FC020059
:10ACE000B5F70200C1FB0200F7B5144605460E4653
:10ACF0001F4617F06DFB2368012220461B68114692
:10AD000098470446B0B100260670284617F0D1FBDC
:10AD10001B280BD1284617F069FB38B132460421B5
:10AD200017F0BEFB801B18BF012020703C60002084
:10AD300003B0F0BD064B019340F299630093054ABE
:10AD4000054B3146304617F0E3FB0120F0E700BF2A
:10AD500019FC0200B5F70200C1FB0200F7B514466A
:10AD600005460E461F4617F033FB236820461B6836
:10AD7000012202219847044628B300260670467037
:10AD8000284617F096FB0F2819D1284617F02EFBFE
:10AD90000546A0B13246082117F082FB801B18BF80
:10ADA0000120207032460A21284617F079FB801BCB
:10ADB00018BF012060703C60002003B0F0BD00238C
:10ADC00023706370F7E7064B01934FF4DD63009344
:10ADD000044A054B3146304617F09AFB0120ECE758
:10ADE00019FC0200B5F70200C1FB0200F7B51446DA
:10ADF00005460E461F4617F0EBFA236820461B68EF
:10AE0000012202219847044628B3002606704670A6
:10AE1000284617F04EFB4A2819D1284617F0E6FAC3
:10AE20000546A0B13246042117F03AFB801B18BF3B
:10AE30000120207032460621284617F031FB801B86
:10AE400018BF012060703C60002003B0F0BD0023FB
:10AE500023706370F7E7064B019340F2037300938E
:10AE6000044A054B3146304617F052FB0120ECE70F
:10AE700019FC0200B5F70200C1FB0200F7B5144649
:10AE800005460E461F4617F0A3FA23680422204603
:10AE90001B6811469847044698B10026066028466C
:10AEA00017F007FB5E2808D1284617F09FFA20B15B
:10AEB0003246042117F003FB20603C60002003B001
:10AEC000F0BD064B01934FF491630093044A054B88
:10AED0003146304617F01CFB0120F0E719FC020058
:10AEE000B5F70200C1FB0200F7B5144605460E4651
:10AEF0001F4617F06DFA236820461B6804220821BC
:10AF000098470446D8B10026C0E90066284617F0E5
:10AF1000D0FA3B280FD1284617F068FA054650B101
:10AF20003246042117F0CBFA32462060062128462B
:10AF300017F0C5FA60603C60002003B0F0BD064B1E
:10AF400001934FF4C7630093044A054B31463046E2
:10AF500017F0DEFA0120F0E719FC0200B5F7020055
:10AF6000C1FB0200F7B5144605460E461F4617F012
:10AF70002FFA2368042220461B681146984704468E
:10AF800098B100260660284617F093FA132808D1D6
:10AF9000284617F02BFA20B13246042117F08FFA19
:10AFA00020603C60002003B0F0BD064B019340F2EE
:10AFB0006E730093044A054B3146304617F0A8FAE9
:10AFC0000120F0E719FC0200B5F70200C1FB020006
:10AFD000F7B5144605460E461F4617F0F9F92368E3
:10AFE000042220461B6811469847044698B1002663
:10AFF0000660284617F05DFA232808D1284617F086
:10B00000F5F920B13246042117F059FA20603C606E
:10B01000002003B0F0BD064B019340F2857300930E
:10B02000044A054B3146304617F072FA0120F0E72A
:10B0300019FC0200B5F70200C1FB0200F7B5144687
:10B0400005460E461F4617F0C3F923680422204622
:10B050001B6811469847044698B1002606602846AA
:10B0600017F027FA4F2808D1284617F0BFF920B16A
:10B070003246042117F023FA20603C60002003B020
:10B08000F0BD064B019340F29D730093044A054BBB
:10B090003146304617F03CFA0120F0E719FC020077
:10B0A000B5F70200C1FB0200F7B5144605460E468F
:10B0B0001F4617F08DF9236820461B6804221421CF
:10B0C0009847044670B31422002120F097FE2846CA
:10B0D00017F0EFF9202821D1284617F087F9054607
:10B0E000E0B10022042117F0EAF9002220600621D5
:10B0F000284617F0E4F9002260600821284617F07E
:10B10000DEF90022A0600A21284617F0D8F90022B3
:10B11000E0600C21284617F0D2F920613C60002045
:10B1200003B0F0BD064B01934FF4FD630093054A55
:10B13000054B3146304617F0EBF90120F0E700BF30
:10B1400019FC0200B5F70200C1FB0200F7B5144676
:10B1500005460E461F4617F03BF9236820461B683C
:10B160000422082198470446D8B10026C0E90066A9
:10B17000284617F09EF940280FD1284617F036F9D7
:10B18000054650B13246042117F099F93246206045
:10B190000621284617F093F960603C60002003B058
:10B1A000F0BD064B019340F663030093044A054B40
:10B1B0003146304617F0ACF90120F0E719FC0200E7
:10B1C000B5F70200C1FB0200F7B5144605460F466D
:10B1D0001E4617F0FDF8236820461B680122022155
:10B1E0009847044618B3002707704770284617F0A1
:10B1F00060F90B2817D1284617F0F8F8054690B1EA
:10B200003A46042117F064F9C2B2531E042B88BFDA
:10B210003A46227006210122284617F041F9C01B48
:10B2200018BF012060703460002003B0F0BD064BF1
:10B23000019340F2A5330093044A054B3946384642
:10B2400017F066F90120F0E719FC0200B5F70200DB
:10B25000C1FB02002DE9F743164607460D46984606
:10B2600017F0B6F8336801221B681146304698473C
:10B27000044628B34FF0000980F80090384617F0D4
:10B2800018F9282806D0C8F800400025284603B041
:10B29000BDE8F083384617F0A9F80028F3D04A46F5
:10B2A000042117F015F92A462146C0B2FFF7F8FB32
:10B2B00005460028E7D02146304617F094F8E5E728
:10B2C000064B01934FF47173009329462846044BB3
:10B2D000044A17F01DF90125D8E700BF19FC020048
:10B2E000C1FB0200B5F702002DE9F74316460746F9
:10B2F0000D46984617F06CF8336801221B6811461A
:10B3000030469847044628B34FF0000980F8009073
:10B31000384617F0CEF8392806D0C8F80040002586
:10B32000284603B0BDE8F083384617F05FF80028E0
:10B33000F3D04A46042117F0CBF82A462146C0B282
:10B34000FFF7AEFB05460028E7D02146304617F050
:10B350004AF8E5E7064B019340F2DD3300932946B6
:10B360002846044B044A17F0D3F80125D8E700BF5C
:10B3700019FC0200C1FB0200B5F70200F7B5144644
:10B3800005460E461F4617F023F8236820461B6823
:10B39000042208219847044600B30026066006717F
:10B3A000284617F086F80A2814D1284617F01EF808
:10B3B000054678B13246062117F08AF8C1B24B1E15
:10B3C000042B88BF3146217132460421284617F0EC
:10B3D00076F820603C60002003B0F0BD064B01937E
:10B3E00040F232430093054A054B3146304617F090
:10B3F0008FF80120F0E700BF19FC0200B5F702004A
:10B40000C1FB0200F7B5144605460E461F4616F06E
:10B41000DFFF236820461B68042218219847044652
:10B4200000283DD01822002120F0E8FC284617F023
:10B4300040F8012806462FD1284616F0D7FF0546CA
:10B4400050B30022042117F043F8C0B216F0B8FF41
:10B45000002220700621284617F031F80022606093
:10B460000821284617F02BF80022A0600A21284660
:10B4700017F02EF8C1B24B1E042B88BF0021217398
:10B4800032460C21284617F01AF8324620610E2168
:10B49000284617F014F860613C60002003B0F0BD4E
:10B4A000064B019340F24D430093054A054B31464C
:10B4B000304617F02DF80120F0E700BF19FC02001C
:10B4C000B5F70200C1FB0200F7B5144605460E466B
:10B4D0001F4616F07DFF236820461B6804221C21AE
:10B4E00098470446002842D01C22002120F086FC08
:10B4F000284616F0DEFF022835D1284616F076FFE2
:10B50000054680B30022042116F0E2FFC0B216F017
:10B5100057FF002220700621284616F0D0FF002297
:10B5200060600821284616F0CAFF0022A0600A21A8
:10B53000284616F0C4FF0022E0600C21284616F0D1
:10B54000C7FFC0B2431E042B88BF00202074012215
:10B550000E21284616F0B3FF012260611021284613
:10B5600016F0ADFFA0613C60002003B0F0BD064BBB
:10B57000019340F2A2430093044A054B3146304602
:10B5800016F0C6FF0120F0E719FC0200B5F7020033
:10B59000C1FB02002DE9F74F17460546884699463C
:10B5A00016F016FF3B6801221B68042138469847B5
:10B5B0000446002845D04FF0000BC0F800B02846E4
:10B5C00016F077FF0828824635D1284616F00EFF80
:10B5D000054680B35A46042116F07AFFC6B2731EA0
:10B5E000042B88BF5E465A4651462670284616F000
:10B5F00057FFB0EB0B0018BF0120A0705A460A217C
:10B60000284616F04DFFB0EB0B0018BF0120E0708C
:10B610005A460621284616F05BFF58B1012809D08A
:10B620000E49404616F066FF2146384616F0DBFE0E
:10B63000012003E06070C9F80040002003B0BDE8BD
:10B64000F08F074B019340F21D530093054A064BC0
:10B650004146404616F05CFFEAE700BF33FC0200BB
:10B6600019FC0200B5F70200C1FB0200F7B5144651
:10B6700005460E461F4616F0ABFE23680122204603
:10B680001B68114698470446C0B10026067028463C
:10B6900016F00FFF0C280DD1284616F0A7FE48B172
:10B6A0003246042116F014FFC0B2431E042B88BF9B
:10B6B000304620703C60002003B0F0BD064B019383
:10B6C00040F297530093054A054B3146304616F039
:10B6D0001FFF0120F0E700BF19FC0200B5F70200D0
:10B6E000C1FB0200F7B5144605460E461F4616F08C
:10B6F0006FFE2368012220461B68114698470446C6
:10B70000C0B100260670284616F0D3FE15280DD1CC
:10B71000284616F06BFE48B13246042116F0D8FEDA
:10B72000C0B2431E042B88BF304620703C6000200E
:10B7300003B0F0BD064B019340F20F630093054A3E
:10B74000054B3146304616F0E3FE0120F0E700BF1E
:10B7500019FC0200B5F70200C1FB0200F7B5144660
:10B7600005460F461E4616F033FE236820461B682A
:10B77000042228219847044600283CD02822002192
:10B7800020F03CFB284616F094FE05282FD12846D1
:10B7900016F02CFE054650B30022042116F098FE48
:10B7A000C0B216F00DFE002220700621284616F0C9
:10B7B00086FE002260600821284616F080FE0022E6
:10B7C000A0600A21284616F07AFE0022E0600C21D3
:10B7D000284616F074FE002220610E21284616F03D
:10B7E00077FEC0B2431E042B88BF00202075346052
:10B7F000002003B0F0BD064B019340F2616300935B
:10B80000044A054B3946384616F082FE0120F0E71F
:10B8100019FC0200B5F70200C1FB02002DE9F74355
:10B8200098461368164601221B6807460D463046A7
:10B8300011469847044628B34FF0000980F800905D
:10B84000384616F036FE372806D0C8F800400025E6
:10B85000284603B0BDE8F083384616F0C7FD00283F
:10B86000F3D04A46042116F033FE2A462146C0B2E0
:10B87000FFF716F905460028E7D02146304616F0B6
:10B88000B2FDE5E7064B019340F22A730093294687
:10B890002846044B044A16F03BFE0125D8E700BFBA
:10B8A00019FC0200C1FB0200B5F70200F7B514460F
:10B8B00005460F461E4616F08BFD236820461B6882
:10B8C000012202219847044618B3002707704770E9
:10B8D000284616F0EEFD1C2817D1284616F086FDE6
:10B8E000054690B13A46042116F0F2FDC2B2531E4D
:10B8F000042B88BF3A46227006210122284616F002
:10B90000CFFDC01B18BF012060703460002003B061
:10B91000F0BD064B019340F604030093044A054B27
:10B920003946384616F0F4FD0120F0E719FC020014
:10B93000B5F70200C1FB02002DE9F34114460546AC
:10B940000E46984616F044FD236820461B680422E4
:10B9500008219847044660B3002606608680284682
:10B9600016F0A7FD062807461DD1284616F03EFD15
:10B970000546C0B13246042116F0A1FD32462060D2
:10B980003946284616F0A4FDC1B24B1E042B88BFD1
:10B990003146217132460821284616F081FD801B70
:10B9A00018BF01206071C8F80040002002B0BDE857
:10B9B000F081064B019340F61E030093044A054BA9
:10B9C0003146304616F0A4FD0120EFE719FC0200D5
:10B9D000B5F70200C1FB0200F7B5144606460D4656
:10B9E0001F4616F0F5FC236820461B6804220C2134
:10B9F0009847044628B30025C0E901550570304634
:10BA000016F057FD312818D1304616F0EFFC0646E7
:10BA100098B12A46042116F05BFDC0B216F0D0FCA6
:10BA20002A4620700621304616F049FD2A466060FD
:10BA30000821304616F043FDA0603C60002003B0B2
:10BA4000F0BD064B019340F64B030093044A054BAF
:10BA50002946284616F05CFD0120F0E719FC02009B
:10BA6000B5F70200C1FB0200F7B5144605460E46C5
:10BA70001F4616F0ADFC2368042220461B681146C1
:10BA80009847044698B100260660284616F011FD36
:10BA90004B2808D1284616F0A9FC20B132460421D3
:10BAA00016F01FFD20603C60002003B0F0BD064B87
:10BAB000019340F2AF530093044A054B31463046A0
:10BAC00016F026FD0120F0E719FC0200B5F7020090
:10BAD000C1FB0200F7B5144605460E461F4616F098
:10BAE00077FC2368042220461B68114698470446C9
:10BAF00098B100260660284616F0DBFC092808D11C
:10BB0000284616F073FC20B13246042116F0E9FCF9
:10BB100020603C60002003B0F0BD064B019340F272
:10BB20004C730093044A054B3146304616F0F0FC46
:10BB30000120F0E719FC0200B5F70200C1FB02008A
:10BB40002DE9F843984604460023C8F8003017460C
:10BB50000E4616F0EBFC2368E31A05461A88082AFD
:10BB60000DD9198959B154F80190912D0AD91C4960
:10BB70002A46384616F0BEFC0120BDE8F8834FF097
:10BB80000109F2E7202D11D033684A461B68294687
:10BB900030469847C8F8000000BB124A124952F8D4
:10BBA00025204B46384616F0A5FCE5E7062A10D9B5
:10BBB000DB88E1186BB1E358194433684A465B6887
:10BBC000043130469847C8F80000B0FA80F04009C8
:10BBD000D3E70649384616F08DFCCDE70020CCE7C8
:10BBE0005DFC020018D90200B1FC020053FD020006
:10BBF000F0B50F698FB006460C460FB920F08BF8F0
:10BC0000224B1A6816F0CBFC214B054621461A68D8
:10BC1000304616F0D2FC0446287A01280AD00928BA
:10BC200022D07469FEF764FC1A4902463046A047E8
:10BC3000012017E0294602A819F07BFE214608A83A
:10BC40002D6819F076FE04B12468234608AA294617
:10BC500002A816F01CFD08A816F096FC02A816F023
:10BC600093FC00200FB0F0BD294602A819F061FE38
:10BC7000214608A819F05DFE2B6804B124680094E1
:10BC800008AA02A9384600F083F8E4E758DC02006D
:10BC90005CDC02008AFD02002DE9F0410F698EB0E4
:10BCA00006460C460FB920F036F8284B1A6816F0F5
:10BCB00076FC274B054621461A68304616F07DFC77
:10BCC0000446287A01280AD0092823D07469FEF78F
:10BCD0000FFC204902463046A047012017E02946C4
:10BCE00002A819F026FE214608A82D6819F021FEA9
:10BCF00004B1246802A8234608AA294600F0BEF829
:10BD000008A816F041FC02A816F03EFC00200EB078
:10BD1000BDE8F081294602A897F9016097F9007003
:10BD200019F007FED5F8008008AD2146284619F025
:10BD300000FE04B124683046CDE90054434602AA0F
:10BD4000394616F0BFFC2846DBE700BF58DC02008E
:10BD50005CDC02008AFD020070B5054D0646044613
:10BD60000FCD0FC495E80F0084E80F00304670BD7A
:10BD700000C5020070B5054D064604460FCD0FC440
:10BD800095E80F0084E80F00304670BD20C5020022
:10BD90002DE9F84F0546084611461F4616F02CFCC3
:10BDA000DFF8C8E000266FF000434FF0010C864238
:10BDB00059DAB957EA682C698A1AD5E90581002948
:10BDC00021EAE17BD8BFC1F1000A02FA0BF1C8BF3A
:10BDD0004FF0000A884524D108F10049D9F100024A
:10BDE00042EB090281FB0818B8F1000FACBF4FF01D
:10BDF000804BF346BAB91BEB010248EBEB7100290B
:10BE000002DAD21841F10001D20F42EA4102BAF13E
:10BE10001F0F0BDD164B174A174840F2671114F03D
:10BE2000D0FA0022DEE76FF00042F0E70CFA0AF8E1
:10BE300008F1FF3808EA020B4FEA680808EBD278ED
:10BE400042FA0AF26968C345C8BF013202EB04092D
:10BE50008945B8BF8946A9680A9A4945A8BF494695
:10BE600091550136A3E7BDE8F88F00BF010000C07F
:10BE7000B6FD0200C5FD02001AFE02002DE9F047E2
:10BE8000884611461E4616F0B7FBDFF83890074685
:10BE900000244FF0000ABC4212DA58F824504946F8
:10BEA0002846F5F715F930B951462846F5F7F2F866
:10BEB00010B1554600E04D4646F824500134EAE7FB
:10BEC000BDE8F0870000C0402DE9F0430D698FB058
:10BED00007460C460DB91FF01EFF002216F026FA89
:10BEE000064658B9284B00937C6979233846274A7F
:10BEF0002749A04701200FB0BDE8F083214600226A
:10BF0000384616F02CFA044620B9224B00937C697F
:10BF10007B23EBE73378092B33D1C168F068F4F762
:10BF2000CFFFF4F7A1FA8046894602A8314616F001
:10BF30008CFB214608A816F088FB05F1180305F1D3
:10BF4000140240464946FEF7DFFAE16827690020FF
:10BF5000F4F7B6FF11F0A6FEF5F7C4F86FF07F0313
:10BF600038449842ACBF68606B607F23AB60336934
:10BF7000EB6023692B6108A816F006FB02A816F0F7
:10BF800003FB0020B7E700BFCCFE020073FE0200F7
:10BF9000B5F70200D30103002DE973430E6905468E
:10BFA0000EB91FF0B8FE002216F0C0F9044658B9C9
:10BFB000144B009328466C69134A14498923A047FF
:10BFC000012002B0BDE870830378092B18D1C16845
:10BFD00005690F48F4F774FFF4F746FA11F060FDB5
:10BFE000804689462846F4F72DFA4B464246F4F738
:10BFF000DDF8F4F72BFD00F3070030702369737050
:10C000000020DEE7CCFE020073FE0200B5F702005E
:10C010000000C040884210B523D100F100435C42CB
:10C020005C4180FB010100291A4BA8BF4FF08043FF
:10C03000CCB9181841EBE371002904DA6FF0004322
:10C04000C01841F10001C00F40EA4100002AC2F1CE
:10C0500000010BDD104B114A4FF4B371104814F07E
:10C06000B0F90024DDE76FF00040EFE71F3204DA9B
:10C070000C4B0A4A40F26711F0E701238B40013B69
:10C0800003EA00025B1003EBD07308419A42C8BF79
:10C09000013010BD010000C0DDFE0200C5FD020040
:10C0A0001AFE0200B6FD02002DE9F74F0446D4E95E
:10C0B0000BBAD34508460092194601DD1FF02BFE4E
:10C0C0000D9A16F09FFBD4F804801E4B98458146CC
:10C0D000F4DB47F6FE729045A368EFDC1A444FF696
:10C0E000FC718A42EAD80025A94528DD0C9A019303
:10C0F00032F91560A7691E44009B33F915004044CE
:10C10000D4E90712B840FFF785FFBE40D4E9091211
:10C1100007463046FFF77EFFD4E904123844FFF7A4
:10C1200079FFE2680E9B10445845B8BF5846504509
:10C13000A8BF504623F81500019B0135D4E703B092
:10C14000BDE8F08F0280FFFF2DE9F04F87B0DDE9F9
:10C15000106401900D46104619469846924616F016
:10C1600026F9337880F00100092B207001D0072BCD
:10C1700074D1DAF81020DAF80C705242A262D8F8C2
:10C180001020D8F80C80072BC2F100020CBF4FF032
:10C190000F094FF01409E26232692263C4F8249057
:10C1A00041463846F4F776FF002855D13846F4F773
:10C1B0005BF902460B46F3F7F9FF82468B46404691
:10C1C000F4F752F952465B46F4F7D0FACDE9020192
:10C1D000012000FA09F0F4F735F98046F068894645
:10C1E000F4F742F902460B4640464946F4F794F903
:10C1F00002460B4650465946F4F7B8FACDE9040119
:10C200003846F4F731F904F1040952465B4604F16B
:10C210001408F4F7ABFA4B464246FEF7C7F9DDE9DE
:10C22000020104F1080304F11802FEF7BFF9DDE989
:10C23000040104F1200304F11C02FEF7B7F904F134
:10C240001003297801981093324604F10C0307B0CB
:10C25000BDE8F04FFEF74EBA4046A8E7012B0CD1DF
:10C260002B78012B03D1002363630B4B04E0032BDA
:10C2700007D100236363094BA363002007B0BDE827
:10C28000F08F022B04D1064B63634FF07E53F3E72C
:10C290006FF40003E8E700BFFFFF7F7F0000C040AE
:10C2A000000080BF0B69F7B504460D460BB91FF0BF
:10C2B00032FD4B69002BFAD0002216F037F8064603
:10C2C00050B9164B65690093D5232046144A154989
:10C2D000A847012003B0F0BD01222946204616F0F0
:10C2E00025F8074620B9104B00936569D723ECE782
:10C2F00000222946204616F032F820B90B4B009355
:10C300006569D923E1E72B69CDE900033246696904
:10C310003B462046FFF718FFDCE700BF35FF020071
:10C32000EBFE0200B5F7020047FF0200D301030055
:10C3300070B5054D064604460FCD0FC495E80F00B5
:10C3400084E80F00304670BD40C502002DE9F04F73
:10C35000DDB05A6A48929A6A43925A6949925A6879
:10C360004A92DA6A44929A694B929A684C921A6B92
:10C370004592DA694692DDE966571A6A4792D3E92F
:10C3800003323AAC2946814632A8CDE94D32DDF878
:10C39000A08119F0CEFA3946204619F0CAFA42AA0D
:10C3A000214632A816F09CFA0646204616F0ECF814
:10C3B00032A816F0E9F898F80800072800F0C080C5
:10C3C000092840F00B812946002E00F0828008A841
:10C3D00019F0AFFA0DB91FF09EFC2B680693394691
:10C3E0000EA819F0A6FA002FF5D03B680593414638
:10C3F00026A819F09EFAD8F80030049332AA2346F2
:10C400000EA908A816F05DFB012326AA04212CA87A
:10C4100016F09DF9002500212CA816F0DCF8A842A2
:10C4200047DD00260DF1B0080121404616F0D3F893
:10C43000B0423CDD00270221404616F0CCF8B8425D
:10C4400033DD4FF000090321404616F0C4F848459B
:10C4500029DDCDF800903B463246294632A816F039
:10C46000E5F9CDF8009082463B4632462946204603
:10C4700016F0DCF9CDF8009083463B46324629465B
:10C48000404616F09DF9059B079013F90B10069B8B
:10C4900042AA13F90A0016F0FEF9049A079B09F163
:10C4A0000109D054CFE70137C5E70136BAE70135B6
:10C4B000B1E72CA816F068F826A816F065F80EA8C3
:10C4C00016F062F808A816F05FF800205DB0BDE82D
:10C4D000F08F14A819F02DFA002D3FF47CAF3946E7
:10C4E0001AA8D5F8009019F024FA002F3FF473AF82
:10C4F00041462046D7F800A019F01BFA42A816F0D2
:10C50000B9F922461AA914A816F07CF9074642A8E0
:10C51000D8F8005016F0AEF9B74209DD1AF9061046
:10C5200019F9060042AA16F0B6F9A8550136F3E744
:10C53000204616F029F81AA816F026F814A8C2E723
:10C5400029462EB320A819F0F4F9002D3FF443AF8B
:10C55000394626A82D6819F0ECF9002F3FF43BAFBF
:10C56000414620463E6819F0E4F9D8F800300096BC
:10C570002A4620A9CDE9014342A826AB16F0DCFBF0
:10C58000204616F001F826A815F0FEFF20A89AE72D
:10C590002CA819F0CEF9002D3FF41DAF394632A872
:10C5A0002D6819F0C6F9002F3FF415AF414620461B
:10C5B0003F6819F0BEF9D8F8003000972A462CA938
:10C5C000CDE9014342A832ABFFF76EFD204615F0DE
:10C5D000DBFF32A815F0D8FF2CA874E7D9F8144077
:10C5E000FDF786FF98F80830024902464846A04702
:10C5F00001206BE759FF02002DE9FF47D1E90489CB
:10C6000004460D46B8F1000F01D11FF084FB002253
:10C6100015F0C5FF012207462946204615F0BFFF49
:10C620008246002CF1D06A68636D516820469847B5
:10C630000646007A01280CD12046CDE901A60097D4
:10C6400043464A46294616F0FCFA002004B0BDE8ED
:10C65000F087092801D0072809D1CDE901A6009764
:10C6600043464A4629462046FFF770FEEEE76569D5
:10C67000FDF73EFF337A034902462046A8470120D2
:10C68000E4E700BF59FF02002DE9F04F0B68D3F833
:10C690000080B8F1010F8BB005460F4607DC7E4BDA
:10C6A000009344697D4A7E493223A0473CE04B68B1
:10C6B0001E68012E0FD001247A4B0193CDE902644C
:10C6C000794B00934569754A78493323A84720463A
:10C6D0000BB0BDE8F08F07AB002215F02AFE044630
:10C6E0000028F4D1024608AB3946284615F046FE2C
:10C6F00004460028EBD1089B1878079B1B788342DF
:10C7000014D06F69FDF7F4FE079B04461878FDF717
:10C71000EFFE674B0193674B0093CDE902405F4A00
:10C7200065493D232846B8470124D0E709AB324686
:10C730003946284615F0FDFD04460028C7D1099961
:10C74000079815F034FE38B95C4B00936C694123AF
:10C75000524A53492846A8E7079B099A1878117846
:10C76000814213D06E69FDF7C3FE099B0446187819
:10C77000FDF7BEFE524B01934D4B0093CDE90240B5
:10C78000464A4D4942232846B047CDE7092912D1F0
:10C7900018691169884204D04A4B00936C6946239A
:10C7A000D6E7D168D868F4F76BFC20B9464B009304
:10C7B0006C694823CCE70136B045B7D1089B18789F
:10C7C00001280CD12B6C09AA4FEA8801284698470A
:10C7D000044600287FF47BAF099B3B6177E709287B
:10C7E00052D1AB6B2821284698472B6C386100F159
:10C7F000240206464FEA8801284698470446002846
:10C800007FF465AF079A089F1369D0685B42B360F5
:10C810003B69F36014233362F3F726FE02460B46AE
:10C8200082468B46F3F7C2FC8046F8688946F3F7E8
:10C830001BFE264B0022F3F76FFE02460B464046D6
:10C840004946F3F793FF06F11007CDE9040142468C
:10C850004B4650465946F3F789FF06F118033A460E
:10C86000FDF7A4FEDDE9040106F11C0306F1140244
:10C87000FDF79CFE331D00932146089A3346284657
:10C88000FDF738FF044622E76C69FDF731FE1049D9
:10C8900002462846A04747E7C1FF020075FF020095
:10C8A000B5F7020084370300D1FF020018FA020036
:10C8B000FCFF0200F83D0300E2FF02001500030048
:10C8C000103E03003F0003008100030000003041E0
:10C8D000B90003002DE9F04F894691B0074608B929
:10C8E0001FF019FA0029FBD04A68436D5168984738
:10C8F0000446007A01283BD1D9F80030D9F810104D
:10C90000D3F800807B6C3846984700260546B04532
:10C910000BDD32464946384615F041FE0028DFD08F
:10C92000036845F826300136F1E721460AA819F0D8
:10C9300000F80AA815F0FBFED4F80090064605EBB7
:10C94000880800244FF0000AA64200F086804FEAD3
:10C95000840B2F465046B84506D057F8043B53F891
:10C960000B10F4F7F1F8F6E749F824000134EBE78F
:10C97000092879D1D9F80030D9F81050D3F80080BF
:10C98000696A7B6C384698474FF0000A0646D045E6
:10C990000CDD52464946384615F001FE00289FD06E
:10C9A000036846F82A300AF1010AF0E7EB680393BE
:10C9B0006B690493EB6905932B68019321466B68BF
:10C9C00002930AA8D5F82090AF68D5F810A0D5F842
:10C9D00018B018F0AEFF23680693DDE901329342E8
:10C9E0003FF77EAF07F17F03FF2B3FF679AF0AA831
:10C9F00015F09DFE07FA09F3079008930024079BA2
:10CA0000A3422AD008985A465146FFF703FB002359
:10CA1000054698450ED056F8232009931057384400
:10CA20005A46514600FA09F0FFF7F4FA099B05440B
:10CA30000133EEE7DDE904122846FFF7EBFA039B2A
:10CA40001844019B9842B8BF1846029B9842A8BF61
:10CA50001846069B18550134D1E70AA815F094FD35
:10CA6000002011B0BDE8F08F7C69FDF741FD03495E
:10CA700002463846A0470120F3E700BFB900030093
:10CA800070B5054D064604460FCD0FC495E80F005E
:10CA900084E80F00304670BD60C502002DE9F04FFC
:10CAA0001446B1B0002205460E4615F078FD01226D
:10CAB00007463146284615F072FD80460DB91FF035
:10CAC0002AF9002EFBD072686B6D51682846984792
:10CAD000064698F80800022840F02183307A0228A0
:10CAE00040F01D83387A032800F02681092800F0E1
:10CAF0001882012840F00A8339460CA818F019FF63
:10CB00003B680093314612A8D8F8007018F011FF66
:10CB100033680C9D0293002C00F08180002DCEDD47
:10CB2000129A6B1E9342CAD13C68002CB8BF64199C
:10CB300021460CA815F04FFD002601904FF001088A
:10CB4000B4420EDD31460CA815F045FD31460746CE
:10CB500012A815F040FD8742B1D107FB08F8013655
:10CB6000EEE7661C0124B5423ADC019B63430025D5
:10CB70000893A30007934FF0010B2B462A469045DC
:10CB800040F3D080029901EB83010591009904FBE9
:10CB90000BF601EB860601EB850106914FF00009CB
:10CBA0004C4535DD069850F8041B06900020B2462F
:10CBB000012704900198B84221DDCDE90A23DAF873
:10CBC0000030039318460991F4F782FADDE909125F
:10CBD0000B9B08B103990497079801378244E9E752
:10CBE00031460CA815F0F7FC711E074612A815F087
:10CBF000F2FC87427FF463AF7C430136B3E7DDE9A3
:10CC0000040141F8040B09F1010905910436C7E755
:10CC100001998B440899013223440D44AFE7002D5C
:10CC20007FF74DAF129A6B1E93427FF448AF3C687A
:10CC3000002CB8BF641921460CA815F0CCFC0026C6
:10CC400001904FF00108B4420FDD31460CA815F0F9
:10CC5000C2FC3146074612A815F0BDFC87427FF49E
:10CC60002EAF07FB08F80136EDE7661C0124B5423C
:10CC700039DC019B634300250893A30007934FF021
:10CC8000010B2B462A4690454CDD029901EB8301AE
:10CC90000691009904FB0BF601EB860601EB85017A
:10CCA00005914FF000094C4535DD059850F8041BFF
:10CCB00005900020B246012704900198B84221DD7A
:10CCC000CDE90A23DAF80030039318460991F4F706
:10CCD000E1F9DDE909120B9B08B103990497079864
:10CCE00001378244E9E731460CA815F074FC711E47
:10CCF000074612A815F06FFC87427FF4E0AE7C4334
:10CD00000136B4E70699049841F8040B09F10109CA
:10CD100006910436C7E701998B44089901322344F0
:10CD20000D44B0E712A815F02FFC0CA815F02CFC50
:10CD3000002031B0BDE8F08F394618A818F0F9FD91
:10CD40003B68009331461EA8D8F8005018F0F1FD5A
:10CD500033680193189E002C6FD0002E7FF7AFAE82
:10CD60001E9A731E93427FF4AAAE2C68002CB8BFA3
:10CD7000A419214618A815F02EFC002705464FF0EF
:10CD80000108BC420FDD394618A815F024FC3946CD
:10CD900081461EA815F01FFC81457FF490AE09FB6B
:10CDA00008F80137EDE7671C0124BE422ADC05FBC9
:10CDB00004F30493002301201E461F46B84540F3A8
:10CDC000AB80019A02EB860E009A03EB020900FB8E
:10CDD000042203920022944229DD039919F801AB41
:10CDE0004FF0000B02EB010CCDF808B001218D4291
:10CDF00018DD9CF800B0D34584BF0291DA460131BA
:10CE0000A444F4E7394618A815F0E5FB791E8146DD
:10CE10001EA815F0E0FB81457FF451AE09FB04F438
:10CE20000137C2E702994EF8041B0132D3E7049A96
:10CE30000137264413442844C0E7002E7FF73FAE55
:10CE40001E9A731E93427FF43AAE2C68002CB8BF32
:10CE5000A419214618A815F0BEFB002705464FF07F
:10CE60000108BC420FDD394618A815F0B4FB39465D
:10CE700081461EA815F0AFFB81457FF420AE09FB6B
:10CE800008F80137EDE7671C0124BE4229DC05FBE9
:10CE900004F30493002301201E461F46B8453BDDE2
:10CEA000019A02EB860E009A03EB020900FB0422B2
:10CEB00003920022944229DD039919F801AB4FF047
:10CEC000000B02EB010CCDF808B001218D4218DDFA
:10CED0009CF800B0D3453CBF0291DA460131A4442E
:10CEE000F4E7394618A815F076FB791E81461EA88E
:10CEF00015F071FB81457FF4E2AD09FB04F40137C5
:10CF0000C3E702994EF8041B0132D3E7049A0137B4
:10CF1000264413442844C1E71EA815F035FB18A881
:10CF200004E7394624A818F004FD3B680093314615
:10CF30002AA8D8F8005018F0FCFC33680193249E0E
:10CF4000002C6FD0002E7FF7BAAD2A9A731E934241
:10CF50007FF4B5AD2C68002CB8BFA419214624A8D5
:10CF600015F039FB002705464FF00108BC420FDDE4
:10CF7000394624A815F02FFB394681462AA815F01A
:10CF80002AFB81457FF49BAD09FB08F80137EDE7EB
:10CF9000671C0124BE422ADC05FB04F30493002332
:10CFA00001201E461F46B84540F3AB80019A02EBB4
:10CFB000860E009A03EB020900FB04220392002272
:10CFC000944229DD039919F901AB4FF0000B02EBF4
:10CFD000010CCDF808B001218D4218DD9CF900B09C
:10CFE000D345C4BF0291DA460131A444F4E739467F
:10CFF00024A815F0F0FA791E81462AA815F0EBFA5C
:10D0000081457FF45CAD09FB04F40137C2E7029966
:10D010004EF8041B0132D3E7049A01372644134427
:10D020002844C0E7002E7FF74AAD2A9A731E934228
:10D030007FF445AD2C68002CB8BFA419214624A864
:10D0400015F0C9FA002705464FF00108BC420FDD74
:10D05000394624A815F0BFFA394681462AA815F0AA
:10D06000BAFA81457FF42BAD09FB08F80137EDE7EB
:10D07000671C0124BE4229DC05FB04F30493002352
:10D0800001201E461F46B8453BDD019A02EB860E85
:10D09000009A03EB020900FB04220392002294424F
:10D0A00029DD039919F901AB4FF0000B02EB010CDC
:10D0B000CDF808B001218D4218DD9CF900B0D345B0
:10D0C000BCBF0291DA460131A444F4E7394624A8F2
:10D0D00015F081FA791E81462AA815F07CFA81455F
:10D0E0007FF4EDAC09FB04F40137C3E702994EF875
:10D0F000041B0132D3E7049A013726441344284421
:10D10000C1E72AA815F040FA24A80FE66C69FDF7DC
:10D11000EFF9064902462846A047012009E66C6956
:10D12000FDF7E6F902490246F5E700BFE700030014
:10D130002901030010B52022044600211EF05EFEE6
:10D14000014BE360204610BD4B2E020010B520229B
:10D15000044600211EF052FE014BE360204610BD44
:10D16000452E02002DE9FF410B681B68032B054685
:10D170000E4610D00322CDE90232374B0193374BD4
:10D18000009344692923364A3649A04701242046A2
:10D1900004B0BDE8F0814B681C68012C09D0012661
:10D1A000314B0193CDE90246304B009344692A2369
:10D1B000E9E7002215F0BAF8314607460022284672
:10D1C00015F0CDF8064607B140B9294B00936C69BC
:10D1D000234A28492E232846A047D7E7BB681A6868
:10D1E000022A08DC244B6E69009330231C4A214933
:10D1F0002846B047CBE783681B68022B04DC1F4B33
:10D2000000936E693123F1E7042A04DD1C4B00937F
:10D210006E693223EAE7042B04DD1A4B00936E6932
:10D220003323E3E738783378834213D0D5F814807A
:10D23000FDF75EF907463078FDF75AF9124B019376
:10D24000124B0093CDE90270054A11493423284658
:10D25000C0479CE700249AE71C1B0300AF010300B2
:10D260005701030018FA020084370300D1FF0200BF
:10D27000BF010300B5F70200E50103001902030036
:10D280004E02030082020300F83D0300103E03003B
:10D29000E2FF02002DE9F04F0022CDB005460C461A
:10D2A00015F07DF9012221460646284615F077F94A
:10D2B000022280462146284615F071F907460DB92D
:10D2C0001EF029FD002CFBD062686B6D516828466A
:10D2D00098470446307A01280CD0092800F0D08005
:10D2E0006C69FDF705F9337A644902462846A04780
:10D2F0000120C0E0314610A818F01BFB33680593ED
:10D30000414616A818F015FBB8F1000FD8D03946E1
:10D310001CA8D8F8006018F00CFB002FD0D02146D4
:10D3200022A83D6818F005FB04B12468109BDA1EA2
:10D33000012AC5D8229A9342C2D110A940A815F05B
:10D34000A7FD22A946A815F0A3FD022146A815F0C5
:10D3500042F90121069046A815F03DF900210790F9
:10D3600046A815F038F90321029040A815F033F9CA
:10D370000221074640A815F02EF90121089040A887
:10D3800015F029F90021099040A815F024F9336817
:10D390000B93109B2A680A90042B08BF76680C92A6
:10D3A00018BF0126042B0CBFAB6800230493BB00FD
:10D3B0000F9300250A9BAB424ADD029B95FBF3FBD2
:10D3C000002703FB1B530D93B846099B43453DDDE6
:10D3D0009BFBF6F30C9A3B449B1A039331D4079BB7
:10D3E000039A93422DDD4FF00009CA46089B53452E
:10D3F00027DD9BFBF6F3049A06FB13B34B449B1A01
:10D400001BD4069A9A4218DD00220D99009246A874
:10D41000039A15F0D5F9002204EB80030E930092D5
:10D4200053464246294640A815F0CAF9059B0F9A73
:10D4300003EB80010E981EF0A6FC0AF1010AB1442C
:10D44000D4E70B9B08F101081F44BEE70135B1E7A3
:10D4500046A815F099F840A815F096F822A815F0FE
:10D4600093F81CA815F090F816A815F08DF810A8E0
:10D4700015F08AF800204DB0BDE8F08F59FF02008A
:10D48000314628A818F055FA3368059341462EA86E
:10D4900018F04FFAB8F1000F3FF412AF394634A834
:10D4A000D8F8006018F045FA002F3FF409AF214684
:10D4B0003AA83D6818F03DFA04B12468289BDA1EAA
:10D4C000012A3FF6FDAE3A9A93427FF4F9AE28A9BD
:10D4D00040A815F0DDFC3AA946A815F0D9FC0221B8
:10D4E00046A815F078F80121069046A815F073F8C3
:10D4F0000021079046A815F06EF80321029040A87D
:10D5000015F069F80221089040A815F064F801218F
:10D51000099040A815F05FF800210A9040A815F086
:10D520005AF833680C93289B2A680B90042B08BF89
:10D5300076680D9218BF0126042B0CBFAB68002340
:10D54000049300250B9BAB4248DD029B95FBF3FB4C
:10D55000002703FB1B530E93B8460A9B43453BDD54
:10D560009BFBF6F30D9A3B449B1A03932FD4079B26
:10D57000039A93422BDD4FF00009CA46099B53459D
:10D5800025DD9BFBF6F3049A06FB13B34B449B1A71
:10D5900019D4069A9A4216DD00220E99009246A8E6
:10D5A000039A15F00DF9002223180F9300925346A9
:10D5B0004246294640A815F003F9059B089A191818
:10D5C0000F981EF0E0FB0AF1010AB144D6E70C9B6C
:10D5D00008F101081F44C0E70135B3E746A814F07D
:10D5E000D3FF40A814F0D0FF3AA814F0CDFF34A820
:10D5F00014F0CAFF2EA814F0C7FF28A838E700BF10
:10D6000070B5054D064604460FCD0FC495E80F00D2
:10D6100084E80F00304670BD80C502002DE9FF414F
:10D62000002204460E4614F081FE074660B9504BB6
:10D630006569009321234F4A4F492046A847012599
:10D64000284604B0BDE8F08100223146204614F09F
:10D6500086FE20B9494B009365692323EBE73368C5
:10D66000D3F80080B8F1010F0DD00125444B019390
:10D67000CDE90285434B6669009324233D4A424924
:10D680002046B047DCE773681D68012D0CD03C4B89
:10D6900001933E4B0093CDE90258364A65693A49F9
:10D6A00025232046A847CAE73E78012E13D03046EE
:10D6B0006769FCF71DFF06462846FCF719FF344B47
:10D6C0000193344B0093CDE902602A4A3249262364
:10D6D0002046B847B4E70578012D14D02846D4F881
:10D6E0001480FCF705FF05463878FCF701FF294B4D
:10D6F00001932A4B0093CDE902501E4A2649272365
:10D700002046C0479BE78369BA69934208D0CDE9B8
:10D710000232234B0193234B009366692823ADE724
:10D72000D0F808C0BA68DCF800101368994208D035
:10D73000CDE902131C4B01931C4B0093666929230E
:10D740009CE72B46043A581E81420FDD5CF823000B
:10D75000013352F82360B042F5D0154B0193154BBD
:10D760000093CDE902062B23666987E7002567E76A
:10D77000CCFE0200B7020300B5F70200D30103009C
:10D7800084370300AF01030018FA0200D1FF020042
:10D79000A30C0300103E0300E2FF0200F83D03006B
:10D7A000AA37030091370300D435030002030300B6
:10D7B000150303002A03030070B5054D0646044611
:10D7C0000FCD0FC495E80F0084E80F00304670BD00
:10D7D000A0C502002DE9F0410C6986B005460F4650
:10D7E0000CB91EF098FA002214F0A0FD064660B9AC
:10D7F0001F4B00936C6940F26E2328461D4A1E4958
:10D80000A047012006B0BDE8F08139460122284634
:10D8100014F08CFD074628B9184B00936C694FF43F
:10D820001C73EAE73378032B01D0092B1ED133692F
:10D83000F0683D69C3F10008F2F716FE03AB02AAD7
:10D84000FCF7B4FEF868F2F70FFE05AB04AAFCF78C
:10D85000ADFE0823C4E90038029BA360039B6D4220
:10D86000C4E90335049B6361059BA3610020C9E7FC
:10D8700035FF020040030300B5F7020047FF020036
:10D8800070B5054D064604460FCD0FC495E80F0050
:10D8900084E80F00304670BDC0C5020070B5054D6C
:10D8A000064604460FCD0FC495E80F0084E80F002C
:10D8B000304670BDE0C5020070B5054D0646044611
:10D8C0000FCD0FC495E80F0084E80F00304670BDFF
:10D8D00000C6020070B5054D064604460FCD0FC4C4
:10D8E00095E80F0084E80F00304670BD20C60200A6
:10D8F00070B5054D064604460FCD0FC495E80F00E0
:10D9000084E80F00304670BD40C6020070B5054D7A
:10D91000064604460FCD0FC495E80F0084E80F00BB
:10D92000304670BD60C602002DE9F04F0E69B5B0FB
:10D9300081460C460EB91EF0EEF9002214F02FFEBF
:10D94000012207462146484614F029FE002280465F
:10D950002146484614F031FE394605460CA817F01A
:10D96000E8FF414612A817F0E4FF294618A817F06F
:10D97000E0FF05B12D684146384617F0CCFF80F036
:10D980000104387A431EE4B2082B00F2C382DFE8B8
:10D9900013F09200100119028B01C1020900C102AB
:10D9A000C1026D023846002C56D015F04AFB814664
:10D9B000404615F046FB18AB049012AA0CA91EA80D
:10D9C00015F063FB002400211EA814F004FEA04201
:10D9D00040F3C981002601211EA814F0FCFDB042CD
:10D9E00038DD4FF0000802211EA814F0F4FD404578
:10D9F0002EDD002703211EA814F0EDFDB84224DD22
:10DA0000009743463246214624A814F00FFF0097A2
:10DA100083464346324621462CA814F007FF009760
:10DA200082464346324621461EA814F0C9FE049B96
:10DA300019F80B2013F80A10A2EB010ADAF1000220
:10DA400042EB0A022A540137D4E708F10108CAE779
:10DA50000136C0E70134B6E715F0F3FA0646404652
:10DA600015F0EFFA18AA074612A90CA815F0ACFA9F
:10DA7000224603464FEAE07C9C4272EB0C010DDB30
:10DA8000002418A814F080FD12A814F07DFD0CA845
:10DA900014F07AFD204635B0BDE8F08F315D385D79
:10DAA000A1EB000EDEF1000141EB0E01295501341E
:10DAB00042F10002E0E73846002C57D015F0C7FAD3
:10DAC0008146404615F0C3FA18AB049012AA0CA97F
:10DAD0001EA815F0DAFA002400211EA814F07BFD20
:10DAE000A04240F34081002601211EA814F073FDDE
:10DAF000B04239DD4FF0000802211EA814F06BFD82
:10DB000040452FDD002703211EA814F064FDB84214
:10DB100025DD009743463246214624A814F086FEB0
:10DB2000009782464346324621462CA814F07EFEDA
:10DB3000324683460097434621461EA814F040FE15
:10DB4000049B059053F82B1059F82A00F3F798FA24
:10DB5000059A003818BF0120A8540137D3E708F10F
:10DB60000108C9E70136BFE70134B5E715F06FFAE0
:10DB70008146404615F06BFA18AA804612A90CA8F7
:10DB800015F022FA274606464FEAE07AB44277EBD0
:10DB90000A03BFF675AF58F8241059F82400F3F7BC
:10DBA0006FFA003818BF01202855013447F10007EB
:10DBB000ECE73846002C56D015F04FFA8146404627
:10DBC00015F04BFA18AB049012AA0CA91EA815F078
:10DBD0005CFA002400211EA814F0FDFCA04240F3D2
:10DBE000C280002601211EA814F0F5FCB04238DDE9
:10DBF0004FF0000802211EA814F0EDFC40452EDD78
:10DC0000002703211EA814F0E6FCB84224DD00978B
:10DC100043463246214624A814F008FE0097834666
:10DC20004346324621462CA814F000FE0097824657
:10DC30004346324621461EA814F0C2FD049B59F803
:10DC40002B2053F82A10A2EB010CDCF1000242EB6E
:10DC50000C022A540137D4E708F10108CAE701365B
:10DC6000C0E70134B6E715F0F8F90646404615F06E
:10DC7000F4F918AA074612A90CA815F0A5F922462E
:10DC800003464FEAE07C9C4272EB0C01BFF6F8AE13
:10DC900056F8241057F82400081A414241412955EA
:10DCA000013442F10002EEE73846002C5FD015F057
:10DCB000DAF98146404615F0D6F918AB049012AA5D
:10DCC0000CA91EA815F0E1F9002400211EA814F0EB
:10DCD00082FCA04247DD002601211EA814F07BFC37
:10DCE000B0423EDD4FF0000802211EA814F073FC84
:10DCF000404534DD002703211EA814F06CFCB84217
:10DD00002ADD009743463246214624A814F08EFDB2
:10DD1000009783464346324621462CA814F086FDE0
:10DD2000009782464346324621461EA814F048FD1D
:10DD3000049B59F83BE003EBCA0209EBCB015268A4
:10DD4000496853F83A30914208BF9E450CBF012202
:10DD500000222A540137CEE708F10108C4E7013652
:10DD6000BAE70134B1E71EA814F00EFC88E615F0FE
:10DD70007AF90746404615F076F912A9064618AA20
:10DD80000CA815F021F9A6F108084FEAE07CA7F1EC
:10DD9000080E2146844271EB0C03BFF671AE58F8B1
:10DDA000086F5EF8087FD8F80420DEF8043093424C
:10DDB00008BFB7420CBF012600262E55013441F1A1
:10DDC0000001E7E7384684B115F053F904464046B0
:10DDD00015F04FF918ABCDE90003029512AB2246BE
:10DDE0000CA9304615F0BDF94AE615F042F9049049
:10DDF000404615F03EF9D6E9009306933369079340
:10DE000073690590089318AAB369099312A90CA81D
:10DE100015F0DAF8D6E902ABC3170A938046234619
:10DE20000A9A0B93444573EB0202BFF629AE059B99
:10DE30001F5D079B1F44049B185D069B18445A46B0
:10DE4000514600FA09F0FEF7E5F807FA09F7064629
:10DE5000DDE908123846FEF7DDF8321A564256411F
:10DE60000B9B2E55013443F10003D9E7384684B1AA
:10DE700015F005F90446404615F001F918ABCDE957
:10DE80000003029512AB22460CA9304615F0E9F9C1
:10DE9000F6E515F0F4F80490404615F0F0F8D6E9F0
:10DEA000007306933369079373690590089318AA62
:10DEB000B369099312A90CA815F086F8D6E902896E
:10DEC000C3170A93834623460A9A0B935C4573EB68
:10DED0000202BFF6D5AD059B13F904A0079B9A4437
:10DEE000049B1857069B18444A464146B840FEF723
:10DEF00091F80AFA07FA0646DDE908125046FEF7DD
:10DF000089F8331A5E425E410B9B2E55013443F172
:10DF10000003D9E7D9F81440FCF7EAFA3B7A034941
:10DF200002464846A0470124ABE500BF59FF020066
:10DF30002DE9F04F0E69B5B081460C460EB91DF0C3
:10DF4000EAFE002214F02BFB012207462146484638
:10DF500014F025FB002280462146484614F02DFB94
:10DF6000394605460CA817F0E4FC414612A817F004
:10DF7000E0FC294618A817F0DCFC05B12D684146E5
:10DF8000384617F0C8FC80F00104387A431EE4B22A
:10DF9000082B00F2B982DFE813F0880006010F02B7
:10DFA0007E01B7020900B702B70263023846002CAF
:10DFB00051D015F046F88146404615F042F818ABAE
:10DFC000049012AA0CA91EA815F05FF800240021E5
:10DFD0001EA814F000FBA04240F3BF8100260121DF
:10DFE0001EA814F0F8FAB04233DD4FF00008022109
:10DFF0001EA814F0F0FA404529DD002703211EA8D1
:10E0000014F0E9FAB8421FDD009743463246214634
:10E0100024A814F00BFC0097834643463246214661
:10E020002CA814F003FC0097824643463246214652
:10E030001EA814F0C5FB049B19F80B2013F80A1056
:10E040004A402A540137D9E708F10108CFE70136E1
:10E05000C5E70134BBE714F0F4FF0646404614F070
:10E06000F0FF18AA074612A90CA814F0ADFF22462B
:10E0700003464FEAE07C9C4272EB0C010DDB00246E
:10E0800018A814F081FA12A814F07EFA0CA814F063
:10E090007BFA204635B0BDE8F08F315D385D4140F8
:10E0A0002955013442F10002E5E73846002C57D0EB
:10E0B00014F0CDFF8146404614F0C9FF18AB049020
:10E0C00012AA0CA91EA814F0E0FF002400211EA82B
:10E0D00014F081FAA04240F34081002601211EA8DD
:10E0E00014F079FAB04239DD4FF0000802211EA881
:10E0F00014F071FA40452FDD002703211EA814F00B
:10E100006AFAB84225DD009743463246214624A8E4
:10E1100014F08CFB009782464346324621462CA8D9
:10E1200014F084FB324683460097434621461EA8DE
:10E1300014F046FB049B059053F82B1059F82A0065
:10E14000F2F79EFF059AB0FA80F04009A854013713
:10E15000D3E708F10108C9E70136BFE70134B5E7A5
:10E1600014F075FF0646404614F071FF18AA0746E2
:10E1700012A90CA814F028FFA24680464FEAE079C5
:10E1800044457AEB0903BFF67AAF57F8241056F8E6
:10E190002400F2F775FFB0FA80F35B092B550134C8
:10E1A0004AF1000AECE73846002C53D014F055FF32
:10E1B0008146404614F051FF18AB049012AA0CA9F6
:10E1C0001EA814F062FF002400211EA814F003FA18
:10E1D000A04240F3C280002601211EA814F0FBF9E2
:10E1E000B04235DD4FF0000802211EA814F0F3F90B
:10E1F00040452BDD002703211EA814F0ECF9B8429E
:10E2000021DD009743463246214624A814F00EFB38
:10E21000009783464346324621462CA814F006FB5D
:10E22000009782464346324621461EA814F0C8FA9B
:10E23000049B59F82B2053F82A10521A18BF0122B8
:10E240002A540137D7E708F10108CDE70136C3E7C3
:10E250000134B9E714F001FF0646404614F0FDFE14
:10E2600018AA074612A90CA814F0AEFE22460346CF
:10E270004FEAE07C9C4272EB0C01BFF600AF56F80F
:10E28000241057F82400091A18BF01212955013418
:10E2900042F10002EEE73846002C62D014F0E3FEB3
:10E2A0008146404614F0DFFE18AB049012AA0CA978
:10E2B0001EA814F0EAFE002400211EA814F08BF919
:10E2C000A0424ADD002601211EA814F084F9B042C4
:10E2D00041DD4FF0000802211EA814F07CF94045F2
:10E2E00037DD002703211EA814F075F9B8422DDD93
:10E2F000009743463246214624A814F097FA009727
:10E3000083464346324621462CA814F08FFA0097E4
:10E3100082464346324621461EA814F051FA049B19
:10E3200059F83B2009EBCB0C03EBCA01DCF80430B5
:10E33000DDF810C049685CF83AE08B4208BF7245CE
:10E3400014BF012200222A540137CBE708F101084B
:10E35000C1E70136B7E70134AEE71EA814F014F99F
:10E360008DE614F080FE0746404614F07CFE12A9AC
:10E37000064618AA0CA814F027FEA6F108084FEAD2
:10E38000E07CA7F1080E2146844271EB0C03BFF636
:10E3900076AE5EF8086F58F8087FDEF80430D8F8DB
:10E3A0000420934208BFBE4214BF012600262E550A
:10E3B000013441F10001E7E7384684B114F059FE19
:10E3C0000446404614F055FE18ABCDE90003029513
:10E3D00012AB22460CA9304614F0C3FF4FE614F0EE
:10E3E00048FE0490404614F044FED6E9009306939C
:10E3F0003369079373690590089318AAB369099361
:10E4000012A90CA814F0E0FDD6E902ABC3170A93D9
:10E41000804623460A9A0B93444573EB0202BFF6EB
:10E420002EAE059B1F5D079B1F44049B185D069B3A
:10E4300018445A46514600FA09F0FDF7EBFD07FA79
:10E4400009F70646DDE908123846FDF7E3FD361AFE
:10E4500018BF01260B9B2E55013443F10003D9E769
:10E46000384684B114F00BFE0446404614F007FE13
:10E4700018ABCDE90003029512AB22460CA9304639
:10E4800014F0EEFFFBE514F0FAFD0490404614F0A2
:10E49000F6FDD6E900730693336907937369059017
:10E4A000089318AAB369099312A90CA814F08CFD5B
:10E4B000D6E90289C3170A93834623460A9A0B9327
:10E4C0005C4573EB0202BFF6DAAD059B13F904A0BD
:10E4D000079B9A44049B1857069B18444A4641469A
:10E4E000B840FDF797FD0AFA07FA0646DDE908127B
:10E4F0005046FDF78FFD361A18BF01260B9B2E558F
:10E50000013443F10003D9E7D9F81440FBF7F0FFD9
:10E510003B7A034902464846A0470124B0E500BFC4
:10E5200059FF02002DE9F04F0E69B5B081460C4647
:10E530000EB91DF0F0FB002214F031F8012207465D
:10E540002146484614F02BF80022804621464846D2
:10E5500014F033F8394605460CA817F0EAF941469D
:10E5600012A817F0E6F9294618A817F0E2F905B144
:10E570002D684146384617F0CEF980F00104387A0C
:10E58000431EE4B2082B00F24782DFE813F00900D3
:10E5900094009B010E014502450245024502F0012F
:10E5A0003846002C57D014F052FD8146404614F0F6
:10E5B0004EFD18AB049012AA0CA91EA814F065FD1C
:10E5C000002400211EA814F006F8A04240F34E815A
:10E5D000002601211EA813F0FEFFB04239DD4FF0E6
:10E5E000000802211EA813F0F6FF40452FDD00278A
:10E5F00003211EA813F0EFFFB84225DD0097434624
:10E600003246214624A814F011F900978246434669
:10E61000324621462CA814F009F932468346009769
:10E62000434621461EA814F0CBF8049B059053F8EE
:10E630002B1059F82A00F2F74BFD059A003818BF45
:10E640000120A8540137D3E708F10108C9E70136D2
:10E65000BFE70134B5E714F0FAFC8146404614F0F8
:10E66000F6FC18AA804612A90CA814F0ADFC2746A7
:10E6700006464FEAE07AB44277EB0A030DDB00244A
:10E6800018A813F081FF12A813F07EFF0CA813F056
:10E690007BFF204635B0BDE8F08F58F8241059F8BC
:10E6A0002400F2F715FD003818BF01202855013469
:10E6B00047F10007DFE73846002C54D014F0CDFCBA
:10E6C0008146404614F0C9FC18AB049012AA0CA96C
:10E6D0001EA814F0DAFC002400211EA813F07BFF12
:10E6E000A04240F3C380002601211EA813F073FF4F
:10E6F000B04236DD4FF0000802211EA813F06BFF78
:10E7000040452CDD002703211EA813F064FFB8420A
:10E7100022DD009743463246214624A814F086F8AD
:10E72000009783464346324621462CA814F07EF8D3
:10E73000009782464346324621461EA814F040F810
:10E74000049B59F82B2053F82A108A42D4BF002288
:10E7500001222A540137D6E708F10108CCE7013637
:10E76000C2E70134B8E714F078FC0646404614F0DE
:10E7700074FC18AA074612A90CA814F025FC22461E
:10E7800003464FEAE07C9C4272EB0C01BFF677AF88
:10E7900056F8241057F824008142D4BF00210121EB
:10E7A0002955013442F10002EDE73846002C61D0D2
:10E7B00014F059FC8146404614F055FC18AB049007
:10E7C00012AA0CA91EA814F060FC002400211EA8A7
:10E7D00013F001FFA04249DD002601211EA813F01D
:10E7E000FAFEB04240DD4FF0000802211EA813F0EF
:10E7F000F2FE404536DD002703211EA813F0EBFE94
:10E80000B8422CDD009743463246214624A814F036
:10E810000DF8009783464346324621462CA814F053
:10E8200005F8009782464346324621461EA813F05B
:10E83000C7FF049BDDF810C003EBCA0109EBCB0254
:10E8400059F83B305CF83AE0526849689E4571EBF4
:10E850000203B4BF012200222A540137CCE708F199
:10E860000108C2E70136B8E70134AFE71EA813F08C
:10E870008BFE04E714F0F7FB0746404614F0F3FB69
:10E8800018AA064612A90CA814F09EFBA7F10802CC
:10E890004FEAE07CA6F108032146844271EB0C06A6
:10E8A000BFF6EDAE52F8086F53F8087FB7425E68C6
:10E8B0005768BE41B4BF012600262E55013441F1F0
:10E8C0000001EAE7384684B114F0D3FB0446404621
:10E8D00014F0CFFB18ABCDE90003029512AB224632
:10E8E0000CA9304614F03BFEC9E614F0C2FB0490BC
:10E8F000404614F0BEFBD6E90093069333690793B4
:10E9000073690590089318AAB369099312A90CA812
:10E9100014F05AFBD6E902ABC3170A93804623468C
:10E920000A9A0B93444573EB0202BFF6A8AE059B0F
:10E930001F5D079B1F44049B185D069B18445A46A5
:10E94000514600FA09F0FDF765FB07FA09F706469C
:10E95000DDE908123846FDF75DFB8642D4BF00268C
:10E9600001260B9B2E55013443F10003D8E73846AE
:10E9700084B114F084FB0446404614F080FB18ABCD
:10E98000CDE90003029512AB22460CA9304614F0E3
:10E9900066FE74E614F073FB0490404614F06FFBBF
:10E9A000D6E900730693336907937369059008935A
:10E9B00018AAB369099312A90CA814F005FBD6E9AB
:10E9C0000289C3170A93834623460A9A0B935C4530
:10E9D00073EB0202BFF653AE059B13F904A0079B2D
:10E9E0009A44049B1857069B18444A464146B8402F
:10E9F000FDF710FB0AFA07FA0646DDE90812504651
:10EA0000FDF708FB8642D4BF002601260B9B2E553E
:10EA1000013443F10003D8E7D9F81440FBF768FD4F
:10EA20003B7A034902464846A047012428E600BF36
:10EA300059FF02002DE9F04F0E69B5B081460C4632
:10EA40000EB91DF068F9002213F0A9FD0122074656
:10EA50002146484613F0A3FD002280462146484641
:10EA600013F0ABFD394605460CA816F062FF41468F
:10EA700012A816F05EFF294618A816F05AFF05B135
:10EA80002D684146384616F046FF80F00104387A7A
:10EA9000431EE4B2082B00F24582DFE813F00900C0
:10EAA000940099010E014302430243024302EE0126
:10EAB0003846002C57D014F0CAFA8146404614F06C
:10EAC000C6FA18AB049012AA0CA91EA814F0DDFA1D
:10EAD000002400211EA813F07EFDA04240F34C81CB
:10EAE000002601211EA813F076FDB04239DD4FF05B
:10EAF000000802211EA813F06EFD40452FDD0027FF
:10EB000003211EA813F067FDB84225DD0097434698
:10EB10003246214624A813F089FE009782464346D8
:10EB2000324621462CA813F081FE324683460097D8
:10EB3000434621461EA813F043FE049B059053F85C
:10EB40002B1059F82A00F2F7B9FA059A003818BFC5
:10EB50000120A8540137D3E708F10108C9E70136BD
:10EB6000BFE70134B5E714F072FA8146404614F06D
:10EB70006EFA18AA804612A90CA814F025FA2746A6
:10EB800006464FEAE07AB44277EB0A030DDB002435
:10EB900018A813F0F9FC12A813F0F6FC0CA813F057
:10EBA000F3FC204635B0BDE8F08F58F8241059F832
:10EBB0002400F2F783FA003818BF012028550134E9
:10EBC00047F10007DFE73846002C54D014F045FA2F
:10EBD0008146404614F041FA18AB049012AA0CA9E1
:10EBE0001EA814F052FA002400211EA813F0F3FC12
:10EBF000A04240F3C180002601211EA813F0EBFCC7
:10EC0000B04236DD4FF0000802211EA813F0E3FCED
:10EC100040452CDD002703211EA813F0DCFCB84280
:10EC200022DD009743463246214624A813F0FEFD1C
:10EC3000009783464346324621462CA813F0F6FD42
:10EC4000009782464346324621461EA813F0B8FD7F
:10EC5000049B59F82B2053F82A108A42B4BF002293
:10EC600001222A540137D6E708F10108CCE7013622
:10EC7000C2E70134B8E714F0F0F90646404614F054
:10EC8000ECF918AA074612A90CA814F09DF922461F
:10EC900003464FEAE07C9C4272EB0C01BFF677AF73
:10ECA00056F8241057F824008142B4BF00210121F6
:10ECB0002955013442F10002EDE73846002C5FD0BF
:10ECC00014F0D1F98146404614F0CDF918AB049008
:10ECD00012AA0CA91EA814F0D8F9002400211EA81D
:10ECE00013F079FCA04247DD002601211EA813F095
:10ECF00072FCB0423EDD4FF0000802211EA813F066
:10ED00006AFC404534DD002703211EA813F063FC94
:10ED1000B8422ADD009743463246214624A813F024
:10ED200085FD009783464346324621462CA813F0C2
:10ED30007DFD009782464346324621461EA813F0C9
:10ED40003FFD049B59F83BE003EBCA0209EBCB0102
:10ED500053F83A30526849689E4571EB0203ACBFE4
:10ED6000012200222A540137CEE708F10108C4E746
:10ED70000136BAE70134B1E71EA813F005FC06E737
:10ED800014F071F90746404614F06DF918AA0646CA
:10ED900012A90CA814F018F9A7F108024FEAE07CB8
:10EDA000A6F108032146844271EB0C06BFF6EFAED4
:10EDB00052F8087F53F8086FB74256685F68BE4143
:10EDC000ACBF012600262E55013441F10001EAE7CF
:10EDD000384684B114F04DF90446404614F049F920
:10EDE00018ABCDE90003029512AB22460CA93046C0
:10EDF00014F0B5FCCBE614F03CF90490404614F056
:10EE000038F9D6E90093069333690793736905903F
:10EE1000089318AAB369099312A90CA814F0D4F89E
:10EE2000D6E902ABC3170A93804623460A9A0B938E
:10EE3000444573EB0202BFF6AAAE059B1F5D079B1C
:10EE40001F44049B185D069B18445A46514600FA1D
:10EE500009F0FDF7DFF807FA09F70646DDE90812C1
:10EE60003846FDF7D7F88642B4BF002601260B9B33
:10EE70002E55013443F10003D8E7384684B114F02D
:10EE8000FEF80446404614F0FAF818ABCDE900034A
:10EE9000029512AB22460CA9304614F0E0FC76E64F
:10EEA00014F0EDF80490404614F0E9F8D6E9007348
:10EEB00006933369079373690590089318AAB36999
:10EEC000099312A90CA814F07FF8D6E90289C31798
:10EED0000A93834623460A9A0B935C4573EB02021E
:10EEE000BFF655AE059B13F904A0079B9A44049BFB
:10EEF0001857069B18444A464146B840FDF78AF821
:10EF00000AFA07FA0646DDE908125046FDF782F8CC
:10EF10008642B4BF002601260B9B2E55013443F1D7
:10EF20000003D8E7D9F81440FBF7E2FA3B7A03492B
:10EF300002464846A04701242AE600BF59FF0200C6
:10EF40002DE9F04F0E69B5B081460C460EB91CF0A4
:10EF5000E2FE002213F023FB012207462146484629
:10EF600013F01DFB002280462146484613F025FB86
:10EF7000394605460CA816F0DCFC414612A816F0EE
:10EF8000D8FC294618A816F0D4FC05B12D684146D6
:10EF9000384616F0C0FC80F00104387A431EE4B213
:10EFA000082B00F24582DFE813F009009400990174
:10EFB0000E014302430243024302EE013846002C95
:10EFC00057D014F044F88146404614F040F818AB8E
:10EFD000049012AA0CA91EA814F057F800240021CE
:10EFE0001EA813F0F8FAA04240F34C81002601213C
:10EFF0001EA813F0F0FAB04239DD4FF000080221EC
:10F000001EA813F0E8FA40452FDD002703211EA8B3
:10F0100013F0E1FAB84225DD009743463246214617
:10F0200024A813F003FC009782464346324621464B
:10F030002CA813F0FBFB324683460097434621463B
:10F040001EA813F0BDFB049B059053F82B1059F834
:10F050002A00F2F71FF8059A003818BF0120A854BB
:10F060000137D3E708F10108C9E70136BFE70134EA
:10F07000B5E713F0ECFF8146404613F0E8FF18AA0D
:10F08000804612A90CA813F09FFF274606464FEAB8
:10F09000E07AB44277EB0A030DDB002418A813F0E2
:10F0A00073FA12A813F070FA0CA813F06DFA204648
:10F0B00035B0BDE8F08F58F8241059F82400F1F766
:10F0C000E9FF003818BF01202855013447F1000737
:10F0D000DFE73846002C54D013F0BFFF814640468E
:10F0E00013F0BBFF18AB049012AA0CA91EA813F0D2
:10F0F000CCFF002400211EA813F06DFAA04240F3BB
:10F10000C180002601211EA813F065FAB04236DD49
:10F110004FF0000802211EA813F05DFA40452CDDD7
:10F12000002703211EA813F056FAB84222DD0097EB
:10F1300043463246214624A813F078FB00978346C5
:10F140004346324621462CA813F070FB00978246B6
:10F150004346324621461EA813F032FB049B59F861
:10F160002B2053F82A108A42ACBF002201222A54D5
:10F170000137D6E708F10108CCE70136C2E70134D0
:10F18000B8E713F06AFF0646404613F066FF18AA78
:10F19000074612A90CA813F017FF224603464FEAB0
:10F1A000E07C9C4272EB0C01BFF677AF56F824105E
:10F1B00057F824008142ACBF0021012129550134B8
:10F1C00042F10002EDE73846002C5FD013F04BFF10
:10F1D0008146404613F047FF18AB049012AA0CA9D1
:10F1E0001EA813F052FF002400211EA813F0F3F90B
:10F1F000A04247DD002601211EA813F0ECF9B04221
:10F200003EDD4FF0000802211EA813F0E4F940454E
:10F2100034DD002703211EA813F0DDF9B8422ADDF2
:10F22000009743463246214624A813F0FFFA009780
:10F2300083464346324621462CA813F0F7FA00973E
:10F2400082464346324621461EA813F0B9FA049B73
:10F2500059F83BE003EBCA0209EBCB0153F83A3013
:10F26000526849689E4571EB0203B4BF0122002237
:10F270002A540137CEE708F10108C4E70136BAE79E
:10F280000134B1E71EA813F07FF906E713F0EBFE97
:10F290000746404613F0E7FE18AA064612A90CA836
:10F2A00013F092FEA7F108024FEAE07CA6F10803F2
:10F2B0002146844271EB0C06BFF6EFAE52F8087F90
:10F2C00053F8086FB74256685F68BE41B4BF012665
:10F2D00000262E55013441F10001EAE7384684B199
:10F2E00013F0C7FE0446404613F0C3FE18ABCDE949
:10F2F0000003029512AB22460CA9304614F02FFBF6
:10F30000CBE613F0B6FE0490404613F0B2FED6E909
:10F31000009306933369079373690590089318AABD
:10F32000B369099312A90CA813F04EFED6E902ABFB
:10F33000C3170A93804623460A9A0B93444573EBFE
:10F340000202BFF6AAAE059B1F5D079B1F44049BEC
:10F35000185D069B18445A46514600FA09F0FCF71E
:10F3600059FE07FA09F70646DDE908123846FCF7A8
:10F3700051FE8642ACBF002601260B9B2E55013460
:10F3800043F10003D8E7384684B113F078FE044611
:10F39000404613F074FE18ABCDE90003029512ABA2
:10F3A00022460CA9304614F05AFB76E613F067FEAD
:10F3B0000490404613F063FED6E900730693336968
:10F3C000079373690590089318AAB369099312A962
:10F3D0000CA813F0F9FDD6E90289C3170A938346F6
:10F3E00023460A9A0B935C4573EB0202BFF655AEB7
:10F3F000059B13F904A0079B9A44049B1857069B8E
:10F4000018444A464146B840FCF704FE0AFA07FA97
:10F410000646DDE908125046FCF7FCFD8642ACBF0B
:10F42000002601260B9B2E55013443F10003D8E73B
:10F43000D9F81440FBF75CF83B7A0349024648468A
:10F44000A04701242AE600BF59FF02002DE9F04F32
:10F450000E69B5B081460C460EB91CF05CFC00226A
:10F4600013F09DF8012207462146484613F097F80D
:10F47000002280462146484613F09FF8394605464B
:10F480000CA816F056FA414612A816F052FA294670
:10F4900018A816F04EFA05B12D684146384616F008
:10F4A0003AFA80F00104387A431EE4B2082B00F2E5
:10F4B0004782DFE813F0090094009B010E0145022A
:10F4C000450245024502F0013846002C57D013F0A2
:10F4D000BEFD8146404613F0BAFD18AB049012AA57
:10F4E0000CA91EA813F0D1FD002400211EA813F0C2
:10F4F00072F8A04240F34E81002601211EA813F0AD
:10F500006AF8B04239DD4FF0000802211EA813F05E
:10F5100062F840452FDD002703211EA813F05BF899
:10F52000B84225DD009743463246214624A813F011
:10F530007DF9009782464346324621462CA813F0B7
:10F5400075F9324683460097434621461EA813F0BC
:10F5500037F9049B059053F82B1059F82A00F1F75E
:10F56000A3FD059A003818BF0120A8540137D3E73E
:10F5700008F10108C9E70136BFE70134B5E713F028
:10F5800066FD8146404613F062FD18AA804612A926
:10F590000CA813F019FD274606464FEAE07AB4425C
:10F5A00077EB0A030DDB002418A812F0EDFF12A878
:10F5B00012F0EAFF0CA812F0E7FF204635B0BDE8D4
:10F5C000F08F58F8241059F82400F1F76DFD003839
:10F5D00018BF01202855013447F10007DFE73846FE
:10F5E000002C54D013F039FD8146404613F035FD10
:10F5F00018AB049012AA0CA91EA813F046FD002413
:10F6000000211EA812F0E7FFA04240F3C3800026AD
:10F6100001211EA812F0DFFFB04236DD4FF00008D6
:10F6200002211EA812F0D7FF40452CDD0027032140
:10F630001EA812F0D0FFB84222DD009743463246A2
:10F64000214624A813F0F2F8009783464346324639
:10F6500021462CA813F0EAF800978246434632462A
:10F6600021461EA813F0ACF8049B59F82B2053F840
:10F670002A108A42CCBF002201222A540137D6E741
:10F6800008F10108CCE70136C2E70134B8E713F00E
:10F69000E4FC0646404613F0E0FC18AA074612A90F
:10F6A0000CA813F091FC224603464FEAE07C9C42F2
:10F6B00072EB0C01BFF677AF56F8241057F8240010
:10F6C0008142CCBF002101212955013442F10002C1
:10F6D000EDE73846002C61D013F0C5FC814640466A
:10F6E00013F0C1FC18AB049012AA0CA91EA813F0C9
:10F6F000CCFC002400211EA812F06DFFA04249DDC1
:10F70000002601211EA812F066FFB04240DD4FF036
:10F71000000802211EA812F05EFF404536DD0027DA
:10F7200003211EA812F057FFB8422CDD0097434674
:10F730003246214624A813F079F8009783464346C1
:10F74000324621462CA813F071F8009782464346B2
:10F75000324621461EA813F033F8049BDDF810C092
:10F7600003EBCA0109EBCB0259F83B305CF83AE0F5
:10F77000526849689E4571EB0203ACBF012200222A
:10F780002A540137CCE708F10108C2E70136B8E78F
:10F790000134AFE71EA812F0F7FE04E713F063FC94
:10F7A0000746404613F05FFC18AA064612A90CA8AB
:10F7B00013F00AFCA7F108024FEAE07CA6F1080367
:10F7C0002146844271EB0C06BFF6EDAE52F8086F8D
:10F7D00053F8087FB7425E685768BE41ACBF012648
:10F7E00000262E55013441F10001EAE7384684B184
:10F7F00013F03FFC0446404613F03BFC18ABCDE948
:10F800000003029512AB22460CA9304614F0A7F96A
:10F81000C9E613F02EFC0490404613F02AFCD6E90A
:10F82000009306933369079373690590089318AAA8
:10F83000B369099312A90CA813F0C6FBD6E902AB71
:10F84000C3170A93804623460A9A0B93444573EBE9
:10F850000202BFF6A8AE059B1F5D079B1F44049BD9
:10F86000185D069B18445A46514600FA09F0FCF709
:10F87000D1FB07FA09F70646DDE908123846FCF71E
:10F88000C9FB8642CCBF002601260B9B2E550134B6
:10F8900043F10003D8E7384684B113F0F0FB044687
:10F8A000404613F0ECFB18ABCDE90003029512AB18
:10F8B00022460CA9304614F0D2F974E613F0DFFBAF
:10F8C0000490404613F0DBFBD6E9007306933369DE
:10F8D000079373690590089318AAB369099312A94D
:10F8E0000CA813F071FBD6E90289C3170A9383466B
:10F8F00023460A9A0B935C4573EB0202BFF653AEA4
:10F90000059B13F904A0079B9A44049B1857069B78
:10F9100018444A464146B840FCF77CFB0AFA07FA0D
:10F920000646DDE908125046FCF774FB8642CCBF60
:10F93000002601260B9B2E55013443F10003D8E726
:10F94000D9F81440FAF7D4FD3B7A034902464846F9
:10F95000A047012428E600BF59FF02002DE9F04F1F
:10F96000002285B0D1F814A004460E4612F0DEFC49
:10F9700040B96A4B656900938C23694A69492046FE
:10F98000A8471BE0077800223146204612F0E7FC2A
:10F9900020B9654B009365698F23EEE79AF8045010
:10F9A00075B10023CDE90253604B01936569604B4B
:10F9B000009393235A4A5F492046A847012565E0F2
:10F9C0007B1EDBB2082B05D840F24F1222FA03F35C
:10F9D000DB0704D4584B009365699423CDE790F876
:10F9E00000904F4508D0554B0193554B0093CDE9FE
:10F9F000029765699A23DDE73368D3F80080B8F190
:10FA00000A0F04DD4F4B009365699E23B5E72F462F
:10FA1000474515DA3A463146204612F087FC20B9B0
:10FA2000494B00936569A323A7E783681A68042AF2
:10FA300004DD6369454920469847BFE70137E7E79A
:10FA400037690FB91CF067F900223146204612F0E1
:10FA500086FC804620B93E4B00936569B5238CE750
:10FA600009F1FF33082B4FD8DFE803F00505140533
:10FA70004E4E054E1400DAF80030002BBEBF8268EF
:10FA800012689B183B7033681B68BB81284605B021
:10FA9000BDE8F08FDAF80030002BBEBF8268126834
:10FAA0009B183B7033681968B981A36B89002046A5
:10FAB000984733681968A36B8246890020469847A7
:10FAC0004FF00009834633681B684B4513DD4A46F7
:10FAD0003146204612F02AFC20B91E4B009365697E
:10FAE000D1234AE7C26803694AF829204BF8293034
:10FAF00009F10109E7E7D8F810303B61D8F80C307C
:10FB00007B61C7E901BAC1E748466569FAF7F0FCCD
:10FB1000114902462046A84750E700BFE60303000C
:10FB200092030300B5F70200FE030300170403006D
:10FB30002604030018FA020039040300EB04030052
:10FB4000F604030002050300CCFE02001D050300BD
:10FB5000D30103001B3303007505030070B5054D89
:10FB6000064604460FCD0FC495E80F0084E80F0049
:10FB7000304670BD80C6020037B5002204460D46EF
:10FB800012F0EDFB48B91E4B009365691D4A1E49F2
:10FB9000E8232046A84701200FE00078431E082BE9
:10FBA00026D8DFE803F0050C111B252520251600BB
:10FBB0002946204614F07BFA002003B030BD2946C8
:10FBC000204614F041FBF7E72946204614F01EFAC0
:10FBD000F2E72946204614F004FCEDE729462046CA
:10FBE00014F0CAFCE8E72946204614F092FDE3E74A
:10FBF0006569FAF77DFC054902462046A847CAE731
:10FC0000FE03030092030300B5F70200750503002D
:10FC10002DE9F04FA1B0984643691293B0F90A302C
:10FC20000D93B0F90C300E93B0F90E300F93B0F97C
:10FC300010301093B0F902301393B0F904301493DC
:10FC4000C3691593836A0A93C36A0B93CDE91E12A5
:10FC5000DDE90A3293422B9E2F9F01DD1CF05BF8F9
:10FC6000D8F80030042BF9D13368042BF6D13B6867
:10FC7000042BF3D1002319463A46404614F01FFEE8
:10FC80000323194616903246404614F018FE03230B
:10FC900017903A460021304614F011FE2E9B0C902E
:10FCA0002BB12D9812F043FD0C9B9842D6D1012127
:10FCB000404612F090FC02211890404612F08BFC56
:10FCC00001211990304612F086FC02211A9030462C
:10FCD00012F081FC01211B90384612F07CFC0221BD
:10FCE0001C90384612F077FC4FF0000B1D90169BCD
:10FCF0009B4580F2D380149B5B42099300230493BD
:10FD0000049B1C9A934280F2C680139B5B4208932B
:10FD100000230593059B1D9A934280F2B480002531
:10FD20000C9B9D4280F2A7800024DDF8249006946D
:10FD3000069B1A9A934241DA0023DDF820A007932C
:10FD4000079B1B9A934233DABAF1000F2ADB199B07
:10FD5000534527DDB9F1000F24DB189B4B4521DD0E
:10FD600000230393039B179A93421BDA00934A469E
:10FD700053465946404612F023FD039B11900093D1
:10FD80002946DDE90623304612F01AFD119A2A9B16
:10FD90009B56129A13442C9A125602FB0344039B5F
:10FDA0000133DEE7079B013307930F9B9A44C7E7B4
:10FDB000069B01330693109B9944B9E72E9B13B120
:10FDC00053F825301C441E9B53F825201F9B53F8E5
:10FDD000253023EAE371002B04FA01F4D4BF5B421F
:10FDE0000023A24221D102F100414842484184FB54
:10FDF0000242002A2B49A8BF4FF08041B8B90C1924
:10FE000042EBE172002A04DA6FF00041641842F11B
:10FE10000002E40F44EA42041F2B0BDD224B234A6D
:10FE2000234840F2671110F0CCFA0020DFE76FF0B2
:10FE30000044F1E701229A40013A02EA040152101B
:10FE400002EBD4721C41159B00959142C8BF01344E
:10FE50001C440A9B9C42B8BF1C460B9B9C42A8BFFB
:10FE60001C465946DDE90423384612F0A9FC309BB4
:10FE700001351C5454E7059B0D9A01330593089BEB
:10FE80001344089346E7049B0E9A01330493099B9D
:10FE90001344099334E70BF1010B28E721B0BDE8C7
:10FEA000F08F00BF010000C0B6FD0200C5FD0200DA
:10FEB0001AFE02002DE9F04F9FB01D46B0F90A303E
:10FEC0000D93B0F90C300E93B0F90E300F93B0F9DA
:10FED00010301093B0F902301293B0F9043013933C
:10FEE000836A0A93C36A0B93CDE91C12DDE90A32D7
:10FEF0009342DDF8A480DDF8B49001DD1BF00BFF28
:10FF00002B68042BFAD1D8F80030042BF6D1D9F89D
:10FF10000030042BF2D1002319464A46284614F03B
:10FF2000CEFC0323194614904246284614F0C7FC21
:10FF3000032315904A460021404614F0C0FC2C9B38
:10FF40000C902BB12B9812F0F2FB0C9B9842D5D160
:10FF50000121284612F03FFB02211690284612F09C
:10FF60003AFB01211790404612F035FB0221189010
:10FF7000404612F030FB01211990484612F02BFB4D
:10FF800002211A90484612F026FB4FF0000B1B90FE
:10FF9000149B9B4580F2F480139B5B4209930023E2
:10FFA0000593059B1A9A934280F2E780129B5B426D
:10FFB000089300230693069B1B9A934280F2D580F8
:10FFC00000240C9B9C4280F2C880002307930022EF
:10FFD0000023CDE90223099E079B189A93423FDA3A
:10FFE000089F4FF0000A199B9A4533DA002F2CDB4B
:10FFF000179BBB4229DD002E27DB169BB34224DD75
:020000021000EC
:1000000000230493049B159A93421EDA0093324610
:100010003B465946284612F0D3FB049B079A1190A1
:10002000009321465346404612F0CAFB11992A9B81
:10003000289A1B5632F81120DDE90201C2FB830128
:10004000049BCDE902010133DBE70F9B0AF1010AB2
:100050001F44C8E7079B01330793109B1E44BBE76F
:100060002C9B5BB1029903EBC40253F83430526805
:10007000CB18039942EB0102CDE902321C9B1D9A79
:1000800053F8243052F82420002B05DA3E4B3F4A27
:10009000B3213F4810F095F902F11F01262903D939
:1000A0003C4B3A4AB421F4E70399029E4FF0FF30EB
:1000B000B04201F500414FF6FF7070EB010103D231
:1000C000354B324AB521E4E73449DDF808C00094E5
:1000D000C2F10E008B424FF00106A0F12007C0F1E3
:1000E0002001D8BF03F5004306FA07F726FA01F10D
:1000F00006FA00F60398D4BF1B1447F6FF73394382
:100100005843DF1707FB0C00A3FB0C73F6190344DD
:1001100043EB0103C2F10F001132B0F1200103FAE9
:1001200002F226FA00F646EA020658BF43FA01F147
:100130000A9B58BF0E439E42B8BF1E460B9B9E4271
:10014000A8BF1E465946DDE90523484612F038FB94
:100150002E9B013423F8106033E7069B0D9A013380
:100160000693089B1344089325E7059B0E9A0133D9
:100170000593099B1344099313E70BF1010B07E760
:100180001FB0BDE8F08F00BFAC050300C60503003B
:100190000B0603005C06030076060300FFFFFE7FEC
:1001A0002DE9F04F4C4BADF50F7D1A68894604469A
:1001B00012F0F5F9494B06461A684946204612F0F6
:1001C000EEF9D9F800301B68032B804609D1444B67
:1001D00049461A68204612F0E2F905461CB91BF0A0
:1001E0009AFD0025FAE73F4AD9F80430126803EB7C
:1001F000820320465968626D9047D9F8141007466B
:100200000029ECD0D9F81090B9F1000FE7D0307A7E
:100210003B7A98420DD0CDE90203334B0193334B27
:1002200000936569324A334937232046A8470120A5
:100230008CE198F80830984208D0072801D1092BA2
:100240000ED063692C4920469847F0E7092800F052
:10025000818100F2BC81012850D0072840F0B7818D
:100260004A4672A814F050FB46AC314640A8D9E982
:1002700009A915F05EFB4146D6F800B020464CAE09
:1002800015F057FB29463046D8F8008015F051FB91
:10029000002DA4D02B68089380AD3946284615F070
:1002A00048FB3A68089BCDF800B05146CDE90552AD
:1002B000CDE903634A4640AB72A8CDE90148FFF798
:1002C000F9FD284612F060F9304612F05DF920463B
:1002D00012F05AF940A836E164DC02006CDC02003E
:1002E00060DC020068DC0200F83D0300103E030001
:1002F000C306030018FA02000E0703004A4664A86A
:1003000000F07EF9314622A815F013FB33682193E3
:10031000414628A815F00DFBD8F800302093294657
:100320002EA815F006FB002D3FF459AF2B680B9358
:10033000394634A815F0FDFA3B68109300213AA81D
:1003400015F0F7FABDF99A311193BDF99C3112936A
:10035000BDF99E311393BDF9A0311493BDF99231CB
:100360001593BDF994311693709B0D93719B0E9369
:10037000229B042B7FF433AF289B042B7FF42FAFF9
:10038000349B042B7FF42BAF0023194634AA22A8F8
:1003900014F095FA03231946179028AA22A814F0FE
:1003A0008EFA0323189034AA002128A814F087FAA3
:1003B0000B9B0F9033B12EA812F0B9F90F9B83421B
:1003C0007FF40DAF012122A812F005F90221199046
:1003D00022A812F000F901211A9028A812F0FBF8C7
:1003E00002211B9028A812F0F6F801211C9034A8D5
:1003F00012F0F1F802211D9034A812F0ECF84FF041
:10040000000B1E90179B5B4540F39080169B5B4250
:1004100009934FF000081D9B434540F38480159BD2
:100420005B420C93002308931E9B089A934273DD52
:1004300000240F9BA34267DD0023099E0A934FF01F
:1004400000091B9B4B453CDD0C9F4FF0000A1C9B99
:10045000534531DD002F2ADB1A9BBB4227DD002EDE
:1004600025DB199BB34222DD0025189BAB421EDD24
:1004700000953B463246594622A812F0A1F9009554
:100480001F9053464A46214628A812F099F9209B0E
:100490001F9A53F82010219B53F82200F0F75CFCC0
:1004A00001460A98F0F750FB01350A90DDE7139BEF
:1004B0000AF1010A1F44CAE7149B09F101091E440D
:1004C000BFE70B9BF3B153F824000A99F0F73CFB0C
:1004D00059460546089B0094424634A812F070F92C
:1004E000294606460D98F0F7F3FD00B10D9D0E98D4
:1004F0002946F0F7CFFD00B10E9D109B013443F863
:10050000265096E70020E0E7089B119A01330893F4
:100510000C9B13440C9387E7099B129A134408F130
:100520000108099377E70BF1010B6BE73AA812F08A
:100530002BF834A812F028F82EA812F025F828A8D5
:1005400012F022F822A812F01FF800200DF50F7DFE
:10055000BDE8F08F4A4680A814F0D6F958AC314671
:1005600052A8D9E909A915F0E4F94146D6F800B036
:1005700020465EAE15F0DDF929463046D8F80080F9
:1005800015F0D7F9002D3FF42AAE2B68089372AD11
:100590003946284615F0CDF93A68089BCDF800B0E9
:1005A0005146CDE90552CDE903634A4652AB80A8D6
:1005B000CDE90148FFF72CFB284611F0E5FF304656
:1005C00011F0E2FF204611F0DFFF52A8BBE765699A
:1005D000F9F78EFF337A024902462046A84726E6FD
:1005E00059FF020070B5054D064604460FCD0FC4F5
:1005F00095E80F0084E80F00304670BDA0C60200E9
:100600000B7B012B70B504460D46164603D1002323
:100610002363124B04E0032B15D100230363104B1B
:100620006363287815F0A9F9336863807368A38041
:100630006B686381AB68A3812B69E3816B69207070
:100640002382204670BD022B04D1064B03634FF07A
:100650007E53E5E76FF40003DAE700BFFFFF7F7F1B
:100660000000C040000080BF2DE9F04F99460B68A4
:100670001B688FB0023B012B1E9E0546884617461D
:100680000AD95C4B009344695B4A5C495623A047F6
:1006900001200FB0BDE8F08F4B681C68012C0CD016
:1006A0000126CDE90246564B0193564B009344690F
:1006B000514A55495723A047EAE7D2E9013A92F84F
:1006C00000B00A9353690B9313690C93199A009322
:1006D00049460A9B584614F001F90B9B1A9A18993F
:1006E0000D9000935846534614F0F8F81A9B0B9A55
:1006F000013B5343013301380AFB003A189B0C9A23
:10070000AAEB030A199B013B53430D9A501E0A9A08
:10071000013302FB0033A3EB090323EAE3732AEA64
:10072000EA7A5A1003F001033260B3604FEA6A02BA
:100730000AF001037260F36000224146284611F07E
:10074000F5FD824640B9314B6E69009361232A4A18
:100750002A492846B0479BE722464146284611F0E1
:10076000E5FD814620B92A4B00936E696323EEE7CD
:1007700041460222284611F017FE414683460022D8
:10078000284611F0ECFD804620B9224B00936E699B
:100790006723DCE79DF87430012B0AD1DAF81030BA
:1007A0003361D9F810307361D8F81030B36100208C
:1007B0006FE7D9F808305B680893B36A0793736AE8
:1007C000069306F13003059306F12C03049306F11A
:1007D000200303930C3706F11C03CDE900070293B5
:1007E0004A465B4651462846FAF70EF80028D5D00F
:1007F0004FE700BFDC0703008A070300B5F70200DC
:10080000843703000008030018FA0200CCFE02003F
:1008100014080300D30103002DE9F04FD1F8108034
:100820008FB004460D46B8F1000F01D11BF073FAEA
:10083000D1F81490B9F1000FF8D0002211F08FFD1B
:10084000834660B94A4B656900938623494A4A4901
:100850002046A847012738460FB0BDE8F08F002298
:100860002946204611F062FD074620B9434B00930C
:1008700065698823EAE701222946204611F056FDE2
:10088000064620B93E4B009365698A23DEE7BB68C4
:100890008268DBF80810D3E9023A0993D3680A9317
:1008A0009368D1F808B00B93CB685168A26B0C9396
:1008B000890020460D9190470D99C8F82400A26B3D
:1008C000204690473978C8F82800092901D007291F
:1008D0003AD196F83070012F0DD02A4B01930125A3
:1008E000294B0093CDE902756669224A27499E2368
:1008F0002046B047AEE7726B002A97D01368002BF2
:1009000094D05068002891D01A68012A0CD0B6689B
:100910007668B24208D01E4B00936569154A1649A5
:10092000A7232046A84796E7006882420CD0194BBF
:100930000193194B0093CDE9022065690D4A1349D3
:10094000AB232046A84786E70C9B03930B9B02939F
:100950000A9B0193099B0093CDE90518CDF810B0CF
:1009600053464A4629462046FFF77EFE074672E771
:10097000D30103008A070300B5F70200CCFE020092
:100980001408030032FA020065FA020018FA0200A5
:10099000260803009F080300C8FA02002DE9F04F63
:1009A0000B68D3F80090B9F1020F89B0044688466D
:1009B00010D00223CDE90293704B0193704B00934A
:1009C0004469704A70492F23A0470125284609B081
:1009D000BDE8F08F4B681E68012E0CD00125CDE9D3
:1009E00002656A4B01936A4B00934469654A664904
:1009F0003023A047EAE7002211F098FC0746324670
:100A00004146204611F092FC3D7805F0F705012D96
:100A100008D0604B009365695A4A5F4935232046E8
:100A2000A847D2E70378022B0CD0CDE902395B4B03
:100A300001935B4B009366693723524A5249204623
:100A4000B047C3E7D0F808C000205CF804EB2A46A2
:100A5000034686450ADD5CF8046BF117514306FB3B
:100A60000311A2FB06230B440130F2E7511E194388
:100A70000ED0CDE90223454B01930121494B04914E
:100A8000009366693F4A404939232046B0479DE7B5
:100A9000BB681B68002B08DC434B009366693B2353
:100AA000384A3D492046B04790E70022414620465B
:100AB00011F055FC3B7802789342064608D0CDE908
:100AC00002323A4B01933A4B009366693F23B4E7F5
:100AD0000146384611F06BFC20B9364B009366692D
:100AE0004023DDE73378092B46D1A36B2421204630
:100AF00098473B69C8F810005B4283603369C36064
:100B0000142305460362F868EFF7AEFC02460B4675
:100B100082468B46EFF74AFB8046F0688946EFF73E
:100B2000A3FC254B0022EFF7F7FC02460B4640469C
:100B30004946EFF71BFE05F11007CDE906014246D5
:100B40004B4650465946EFF711FE05F118033A4659
:100B5000F9F72CFDDDE9060105F11C0305F114028E
:100B6000F9F724FD2B1D009332462B460021204629
:100B7000F9F7C0FD054629E7002527E7BE1B03005E
:100B8000AF010300C508030018FA02008437030010
:100B9000D1FF020012090300B5F70200372003005D
:100BA0004E090300590903006B090300F83D0300D7
:100BB000103E0300850903000000304170B5054D6B
:100BC000064604460FCD0FC495E80F0084E80F00D9
:100BD000304670BDC0C602002DE9F0430022A5B02A
:100BE00005460E4611F0DBFC012207463146284639
:100BF00011F0D5FC81460DB91BF08DF8002EFBD00D
:100C000072686B6D5168284698473946044604A8B7
:100C1000D6F8148014F08DFEB9F1000FECD0D9F89D
:100C200000301A68049B002A01DAD21801D49342DA
:100C300005DC6B6926492846984701241AE03B7A6F
:100C4000012B0AD0092B20D0207A6E69F9F750FCCD
:100C5000204902462846B047EFE7386898F8003048
:100C600098F8011004B12468CDE9001404A913F028
:100C70000AFF0024049B052B03DD059808B11AF038
:100C800094FF204625B0BDE8F083336998F8010051
:100C9000196A109199680B911969119199691291CA
:100CA000D9680D9159690E91D9690F91D3E9003135
:100CB000CDE91531396898F8003004B12468009303
:100CC000CDE9010413460AA804AA13F044FED0E7B4
:100CD000A3090300BB0903002DE9F0470B681C685A
:100CE000012C86B005460F460DD00126554B0193C9
:100CF000CDE90246544B00934469544A5449282391
:100D0000A04734460EE04B681E68012E0ED04D4BB6
:100D10000193CDE902644F4B009345694B4A4C491E
:100D20002923A847204606B0BDE8F08704AB00227F
:100D3000D1F8148011F0FDFA04460028F2D10246E1
:100D400005AB3946284611F019FB04460246002837
:100D5000E8D104988368196804290CD00423CDE9EC
:100D600002133D4B01933D4B00936C69374A384960
:100D700031232846C4E70599097801F0F704012CCE
:100D800008D0374B00936C69304A364934232846E3
:100D9000A047B6E70078814213D06F69F9F7A8FB46
:100DA000059B06461878F9F7A3FB2F4B01932F4BB1
:100DB0000093CDE90260254A2D4936232846B847DD
:100DC000B0E7D8F80060002E08DC2A4B00936E696B
:100DD0001E4A244939232846B047A3E7186990FBE7
:100DE000F6F898FBF6F808FB06F1714388420CD040
:100DF000CDE90201204B0193204B00936E69134A09
:100E0000134943232846B0478CE739462846D3E99F
:100E1000029A11F0D2FB05990246284603F040F9E8
:100E2000044600287FF47EAF049A059B92689B6875
:100E300052685A6009FB06F20AFB06F6C3E903682A
:100E40009A606FE784370300AF010300EA090300EB
:100E500018FA0200D1FF0200DF1703003F0A030067
:100E6000540A0300B5F70200F83D0300103E0300EA
:100E7000E2FF02008C0A03009B0A0300C50A03007C
:100E800070B5054D064604460FCD0FC495E80F001A
:100E900084E80F00304670BDE0C60200F0B54F692F
:100EA00091B00C46054608B91AF035FF0A68436D43
:100EB00051689847214606460022284611F07DFBDE
:100EC0003B680393337A012B04460BD0092B24D0C3
:100ED000007A6E69F9F70CFB194902462846B047BB
:100EE000012018E0314604A814F023FD21460AA889
:100EF000356814F01EFD04B1246800940AAB2A463C
:100F000004A903A813F03EFE0AA811F03DFB04A8B3
:100F100011F03AFB002011B0F0BD314604A814F0E6
:100F200008FD21460AA8356814F003FD04B12468C1
:100F300000940AAB2A4604A903A813F0BBFEE3E71A
:100F4000D40A03002DE9F04FA3B01D46B0F90A30D2
:100F50000F93B0F90C301093B0F90E301193B0F933
:100F600010301293B0F902301393B0F90430149397
:100F7000B0F91230099343691693C3691793836AD2
:100F80000C93C36A0D932B682D9FDDF8C490042B3E
:100F9000CDE9201201D01AF0BEFE3B68042BFAD135
:100FA000D9F80030042BF6D1DDE90C329342F2DCA3
:100FB000002319464A46284613F081FC03231946AC
:100FC0004A461890384613F07AFC01210446284618
:100FD00011F001FB02211990284611F0FCFA0321BF
:100FE0001A90284611F0F7FA01210E90384611F0B8
:100FF000F2FA02211B90384611F0EDFA01211C9003
:10100000484611F0E8FA02211D90484611F0E3FA33
:10101000099B0E9A1E9002FB03F6A642BBD12F98A5
:1010200011F085FBB042B6D14FF0000B189B9B45E9
:1010300080F2DF80149B5B420B9300230493049B9C
:101040001D9A934280F2D280139B5B420A93002345
:101050000593059B1E9A934280F2C0800023039360
:101060000693069B0E9A934280F2B080039E039BE8
:10107000099AF31A9A4240F3A1800024DDF82CA0CB
:101080001F960794079B1B9A934238DA0023DDF8DA
:1010900028800893089B1C9A93422ADAB8F1000F23
:1010A00021DB1A9B43451EDDBAF1000F1BDB199BA8
:1010B000534518DD069B0093524643465946284641
:1010C00011F07EFBDDE907231590009600213846DC
:1010D00011F076FB159A2C9B9B56169A13442E9A68
:1010E000125602FB0344089B01330893119B98445A
:1010F000D0E7079B01330793129B9A44C2E7309BCA
:1011000013B153F826301C44209B53F82620219B12
:1011100053F8263023EAE371002B04FA01F4D4BF1C
:101120005B420023A24223D102F1004148424841E0
:1011300084FB0242002A3049A8BF4FF08041C8B961
:101140000C1942EBE172002A04DA6FF000416418D6
:1011500042F10002E40F44EA42041F2B06F10106AB
:101160000BDD264B264A274840F267110FF029F97C
:101170000020DDE76FF00044EFE701229A40013ADA
:1011800002EA0401521002EBD4721C41179B9142F7
:10119000C8BF01341C440C9B9C42B8BF1C460D9B2D
:1011A0009C42A8BF1C461F9B00935946DDE90423BF
:1011B000484611F005FB329B1C5458E7069B099AE0
:1011C00001330693039B134403934AE7059B0F9A4D
:1011D000013305930A9B13440A933AE7049B109A40
:1011E000013304930B9B13440B9328E70BF1010B82
:1011F0001CE723B0BDE8F08F010000C0B6FD02007F
:10120000C5FD02001AFE02002DE9F04FD1F8109042
:10121000CFB005460E46B9F1000F01D11AF07BFDA3
:10122000D1F814A0BAF1000FF8D00028F6D05A4A2D
:101230004B68126803EB8203426D59689047574B25
:1012400031461A680446284611F0A9F9544B07465E
:101250001A683146284611F0A2F933681B68032B3F
:10126000804615D14F4B31461A68284611F097F940
:101270000646387A01280DD009284AD06C69F9F75A
:1012800037F93B7A484902462846A04701203DE00D
:101290000026EEE74A4651462EA800F095F839465A
:1012A0000AA814F046FB414610A83F6814F041FB21
:1012B000B8F1000FB2D016AD31462846D8F80080FC
:1012C00014F037FB002EA9D0D6F800903EAE214690
:1012D000304614F02EFB04B12468CDF8008010AB2A
:1012E0003A460AA92EA8CDE90364CDE9015913F0C5
:1012F00080FD304611F048F9284611F045F910A854
:1013000011F042F90AA811F03FF900204FB0BDE8F2
:10131000F08F4A4651463EA813F07FFE22AD394673
:101320001CA8D9E909A914F004FB41462846D7F8BE
:1013300000B014F0FEFAB8F1000F3FF46FAF28AF21
:1013400031463846D8F8008014F0F3FA002E3FF406
:1013500065AF336809932EAE2146304614F0E9FAA2
:10136000099B04B12468CDF800B04A465146CDE946
:1013700003733EA81CABCDE90564CDE90158FFF726
:10138000E1FD304611F000F9384611F0FDF828462D
:1013900011F0FAF81CA8B6E778DC020074DC020051
:1013A0007CDC020070DC020059FF020070B5054DC4
:1013B000064604460FCD0FC495E80F0084E80F00E1
:1013C000304670BD00C702000B7C012B70B504468F
:1013D0000D46164603D100232363134B04E0032B71
:1013E00017D100230363114B6363287814F0C5FA07
:1013F000336863807368A3806B686381AB68A38183
:101400006B69E381AB692382EB68207063822046BD
:1014100070BD022B04D1064B03634FF07E53E3E70C
:101420006FF40003D8E700BFFFFF7F7F0000C040DC
:10143000000080BF2DE9F04F99460B681B688FB004
:10144000023B012B1E9E0546884617460AD95E4B75
:10145000009344695D4A5E495723A04701200FB0BD
:10146000BDE8F08F4B681C68012C0CD00126CDE93B
:101470000246584B0193584B00934469534A5749CD
:101480005823A047EAE7D2E9013A92F800B00A935C
:1014900093690B9353690C93199A009349460A9BDD
:1014A000584613F01BFA0B9B1A9A18990D9000934B
:1014B0005846534613F012FA1A9B0B9A013B5343BA
:1014C000013301380AFB003A189B0C9AAAEB030A75
:1014D000199B013B53430D9A501E0A9A013302FB9C
:1014E0000033A3EB090323EAE3732AEAEA7A5A10EA
:1014F00003F00103B3600AF00103F360384B32607C
:101500004FEA6A02726041461A68284610F00EFFE0
:10151000824640B9334B6E69009362232B4A2C49B3
:101520002846B0479AE7304B41461A68284610F0E3
:10153000FDFE814620B92D4B00936E696423EDE7D3
:101540002B4B41461A68284610F02EFF294B414686
:101550001A688346284610F002FF804620B9264BC1
:1015600000936E696823D9E79DF87430012B0AD186
:10157000DAF810303361D9F810307361D8F81030D0
:10158000B36100206BE7D9F808301B690893B36A90
:101590000793736A069306F13003059306F12C0353
:1015A000049306F120030393103706F11C03CDE9E1
:1015B000000702934A465B4651462846F9F724F94C
:1015C0000028D5D04BE700BFDC0703000B0B03005E
:1015D000B5F70200843703000008030018FA020080
:1015E00064DC0200CCFE02006CDC02001408030084
:1015F00060DC020068DC0200D30103002DE9F04F3B
:10160000D1F810808FB004460D46B8F1000F01D11B
:101610001AF081FBD1F81490B9F1000FF8D0002234
:1016200010F09DFE834660B9494B6569009387239E
:10163000484A49492046A847012738460FB0BDE827
:10164000F08F00222946204610F070FE074620B990
:10165000424B009365698A23EAE701222946204626
:1016600010F064FE064620B93D4B009365698D235A
:10167000DEE7BB688268DBF80810D3E9023A099319
:10168000D3680A939368D1F808B00B93CB681169BB
:10169000A26B0C93890020460D9190470D99C8F8D4
:1016A0002400A26B204690473978C8F82800092901
:1016B0003AD196F83070012F0DD02A4B01930125B5
:1016C000294B0093CDE902756669224A2749A12377
:1016D0002046B047B0E7726B002A99D01368002B00
:1016E00096D05068002893D01A68012A0CD0B668AA
:1016F0003669B24208D01E4B00936569154A1649F7
:10170000AA232046A84798E7006882420CD0194BCC
:101710000193194B0093CDE9022065690D4A1349E5
:10172000AF232046A84788E70C9B03930B9B0293AB
:101730000A9B0193099B0093CDE90518CDF810B0E1
:1017400053464A4629462046FFF774FE074674E78B
:10175000D30103000B0B0300B5F70200CCFE02001F
:101760001408030032FA020065FA020018FA0200B7
:10177000670B03009F080300C8FA02002DE9FF4130
:10178000D1F8108005460F46B8F1000F01D11AF0CC
:10179000C2FA0B681E68012E0FD001242F4B019353
:1017A000CDE902642E4B009345692E4A2E4932231F
:1017B000A847204604B0BDE8F0814B681C68012CA6
:1017C0000CD0264B0193CDE90246284B0093446987
:1017D000244A25493323A0470124EAE7002210F0D8
:1017E000A5FD064640B9224B00936E6937231D4A7A
:1017F00020492846B047DCE739460022284610F049
:10180000AEFD074620B91C4B00936E693923EEE705
:10181000337803F0FB02032A06D0092B04D0174BC0
:1018200000936E693B23E2E73B78012B08D0144B11
:1018300000936C690B4A0F493E232846A047CBE72B
:101840003369F068C8F80830EEF70EFE3B69C8F857
:101850001830C8E900010024ABE700BF843703005B
:10186000AF010300E90B030018FA0200D1FF0200E8
:10187000CCFE0200B5F70200D30103003A0C0300CE
:10188000930C03002DE9F04F0F698DB005460C460F
:101890000FB91AF040FA0028FBD00A68436D51686E
:1018A000984762686B6D516806462846984790F8DD
:1018B0000880B8F1010F0446307A40F0958007287F
:1018C00052D0092829D0032840F08180314668464B
:1018D00014F02FF8214606A8D6F800A014F029F835
:1018E00006A9684610F088FED7E90089D7F808B045
:1018F000266805460024A5425DDD1AF80400A0EB29
:101900000B00EEF79FFD42464B46EEF705FEEFF764
:10191000C5F846F824000134EDE73146684614F076
:1019200008F8214606A8D6F800A014F002F806A987
:10193000684610F061FED7E90089D7F808B026683C
:1019400005460024A54236DD1AF90400A0EB0B0081
:10195000EEF778FD42464B46EEF7DEFDEFF79EF8D8
:1019600046F824000134EDE73146684613F0E1FF04
:10197000214606A8D6F800A013F0DBFF06A96846AA
:1019800010F03AFED7E90089D7F808B02668054676
:101990000024A5420FDD3AF91400A0EB0B00EEF78E
:1019A00051FD42464B46EEF7B7FDEFF777F846F8A4
:1019B00024000134EDE706A810F0E6FD684610F0BB
:1019C000E3FD4FF0000840460DB0BDE8F08F6F69B1
:1019D000F8F78EFD0646207AF8F78AFD0A49034695
:1019E00032462846B847EEE76F69F8F781FD0646AC
:1019F000207AF8F77DFD0449034632462846B84769
:101A00004FF00108DFE700BFB20C030070B5054DD1
:101A1000064604460FCD0FC495E80F0084E80F007A
:101A2000304670BD20C702002DE9F04F0B681E68DC
:101A3000032E87B004460F460FD00323CDE902637F
:101A40006C4B01936C4B009344696C4A6C499C232A
:101A5000A047012007B0BDE8F08F00220D6910F00B
:101A600065FC012281463946204610F05FFC39466C
:101A700080460222204610F059FCD9F808100B6865
:101A8000032B0CD0CDE902365A4B01935D4B0093EA
:101A90006569A323594A5A492046A847D9E7D8F887
:101AA00008201268032A08D0CDE90223514B019384
:101AB000554B00936569A423ECE783681B68022BF0
:101AC00009D00222CDE90232504B0193504B0093D2
:101AD0006569A523DEE77B68D3F800B0BBF1040F8E
:101AE00009D00423CDE902B34A4B01934A4B00933A
:101AF0006569A723CEE76B690593D9F80C308E682A
:101B0000AB65D9F81030EB65D8F80C302B66D8F8F7
:101B100010306B66C368AB660369EB6605F12C0297
:101B2000236C314620469847236C05F13002310181
:101B300020469847D8F80830D3E9021359434FEAB2
:101B40008608236C05F13402890020469847AA468E
:101B5000236C05F13802414620469847236C05F175
:101B60003C024146204698475AF8441B236CA9463C
:101B7000714305F1400289002046984759F8481BF7
:101B8000236C71435246890020469847236C4A468D
:101B90004146204698472A46236C52F84C1B714315
:101BA0008900204698472A46059B52F8501B9942C7
:101BB000B8BF19467143236C8900204698472A46CE
:101BC000236C52F8541BB142A8BF314671438900BF
:101BD000204698477B681B68042B08D0CDE9023B60
:101BE0000C4B01930C4B00936569DA2352E70020FC
:101BF00030E700BF1C1B0300AF010300D50C03003E
:101C000018FA0200310D0300540D0300BE1B03003F
:101C10007B0D0300DF170300D1FF020073B50446FC
:101C20000D4634B91D4B1E4A1E4840F227110EF0D6
:101C3000C8FB002D15DC22460A25104612F8013B90
:101C4000002BEED0A3F130010929F6D8302BE8D1D2
:101C5000437883F0580313F0DF0F4FF01001DFD00B
:101C6000DFE70FF0F5F8002303602A4601A92046BC
:101C700001940DF007FF019B1A7806460D462AB124
:101C8000002635463046294602B070BD9C42F7D04A
:101C90000FF0DEF80368002BF2D1F3E7980D030094
:101CA0009C0D0300F70D030073B504460D4634B9CF
:101CB0001D4B1E4A1E4840F227110EF082FB002DDC
:101CC00015DC22460A25104612F8013B002BEED007
:101CD000A3F130010929F6D8302BE8D1437883F0FD
:101CE000580313F0DF0F4FF01001DFD0DFE70FF0E4
:101CF000AFF8002303602A4601A9204601940DF0A5
:101D000063FF019B1A7806460D462AB10026354628
:101D10003046294602B070BD9C42F7D00FF098F8CB
:101D20000368002BF2D1F3E7980D0300560E030071
:101D3000F70D03002DE9F04F91B0164600229846AA
:101D4000054610F02CFC1C9B002B04460ADA9B4B2A
:101D500000936C6940F29D132846994A9949A0471F
:101D6000012027E13369079300211846EFF7B0F906
:101D700028B107984FF07E51EFF796F928B9924BAA
:101D800000936C694FF4D073E6E76368316BD3F866
:101D900008906B6CD6F80CB0284698470027049042
:101DA0000446B94540F31281A1682068A246EFF7C6
:101DB00085F9002840F02B81DAF80400E16810343E
:101DC000EFF77CF9002840F022810137E9E76B6CDE
:101DD000F16C2846984722460346214683463846FA
:101DE00013F0C2F91C9B1B9AA342A8BF23460F9372
:101DF00000231360F16A6B6C284698470122039018
:101E000003462118994202D003F8012BFAE7029405
:101E10004FF0000A4FF00009A24500F0CA80029B73
:101E2000002B00F0C6801B9B0F9A1B68934280F228
:101E3000C0800AF101020C929046039A12F80A201F
:101E4000012A40F0B3801B985BF82A20591C0160DE
:101E5000059951F822201A9941F82320039B4FF04D
:101E6000000203F80A20029B013B0293A04500F008
:101E70009D80039B13F80830012B40F09280059A57
:101E80005BF82A30049952F8233005981A0101EBC7
:101E900003135BF8281050F821600499350101EB19
:101EA000061699680891049908988A580992099920
:101EB000DA685B680B930A92EEF744FE0B990746CB
:101EC0000A98EEF73FFE01463846EEF745FF049BC1
:101ED000B7685B590D904946F56806937668EFF749
:101EE000E3F8002860D106993846EEF72BFE31461C
:101EF0000E902846EEF726FE0E9B01461846EEF79A
:101F00002BFF49460E90EFF7CFF800284CD10699E9
:101F10000998EFF7BFF808B9099B06930B9831466B
:101F2000EFF7B8F800B90B9E08983946EFF7D0F8EC
:101F300000B9089F0A982946EFF7CAF800B90A9D28
:101F400006993846EEF7FEFD49460746EFF7A2F838
:101F500000B14F4631462846EEF7F4FD49460546A6
:101F6000EFF798F800B14D4629463846EEF7F4FEF3
:101F70000E9905460D98EEF7E7FD2946EEF7E2FDCE
:101F800001462846EEF79CFF01460798EFF782F8D6
:101F900038B1039B4FF0000203F80820029B013B7D
:101FA000029308F1010861E74946EEE7DDF830A049
:101FB00032E7002011B0BDE8F08F00BFBA0E030079
:101FC000D50C0300B5F70200D00E03006B6CB16CAA
:101FD000284698476B6C0590F16B284698474FF060
:101FE000000A07465446D1457FF7F1AE58F82A104B
:101FF00002915846EFF758F830B1059B029947F81F
:10200000241043F824A001340AF1010AEBE7034B42
:1020100000936C694FF4D3739EE600BF2A0F030050
:102020002DE9F04F0022A1B00D6904460E4610F0D4
:10203000B6FA43685F68012F82460FD00125BD4B79
:102040000193CDE90275BC4B666900934FF4887328
:10205000BA4ABB492046B0470127DEE3DA68032AC3
:1020600009DCB84B656900934FF48973B34AB649EC
:102070002046A847D1E39B680893022231462046B8
:1020800010F08DFAEB6909932B6A0A936B6A0B9334
:10209000AB6A0C9307464FF0000B089B5B4540F37F
:1020A00096839AF80830012B00F0D680032BD3D109
:1020B000E86DEEF7FDFD18AB0193DAF80430DB684C
:1020C00000930246AB6D5946504613F0A6F8E86EF1
:1020D000EEF7EEFD1CAB0193042300930246AB6EBA
:1020E0005946384613F099F81898EEF7BDF980462E
:1020F00009988946EEF7B8F902460B46404649462C
:10210000EEF734FB80461E988946EEF7ADF902469D
:102110000B4640464946EEF7FFF980461C98894633
:10212000EEF7A2F902460B4640464946EEF73EF866
:10213000EEF7B4FC05901998EEF796F980460A98E8
:102140008946EEF791F902460B4640464946EEF7BE
:102150000DFB80461F988946EEF786F902460B462E
:1021600040464946EEF7D8F980461D988946EEF775
:102170007BF902460B4640464946EEF717F8EEF764
:102180008DFC06901A98EEF76FF980460B988946F9
:10219000EEF76AF902460B4640464946EEF7E6FA84
:1021A000F0F722FA694B0022EEF7B6F980461E9846
:1021B0008946EEF759F902460B4640464946EEF786
:1021C000ABF9EEF76BFC07901B98EEF74DF98046E4
:1021D0000C988946EEF748F902460B4640464946B8
:1021E000EEF7C4FAF0F700FA584B0022EEF794F934
:1021F00080461F988946EEF737F902460B4640465F
:102200004946EEF789F9EEF749FC636C296B804685
:10221000204698474FEA0B1200EB0B1907990D90D7
:1022200005980E92EEF78EFCDDE90D32414698508E
:102230000698EEF787FC0799C9F804000598EEF7B1
:1022400083FC4146C9F808000698EEF77DFC0BF1C7
:10225000010BC9F80C0020E7DAF80430DA68DAF884
:10226000003002FB0BF203EB82030FCB0DF1600C8D
:102270008CE80F000FB919F04EFD3B6803EB0B1310
:102280000FCB0DF1700C8CE80F002DE7294B01935B
:1022900001252F4B0093CDE9027566694FF4367323
:1022A000D6E66A69D3F80C90A9EB0203012B05DD91
:1022B000284B0093656940F2DE23D7E64A4505DDE9
:1022C000254B0093656940F2DF23CFE698F808308C
:1022D000012B43D0032B40F0A082636C696B204636
:1022E00098470890686ED5F860A0EEF7E1FCEEF72D
:1022F000F9FE09FB0BF9D8F8003007464FF000084B
:10230000C1452EDD13F808000593EEF7CDFC83469A
:102310003846EEF7CDFC01465846EEF713FC514621
:10232000EEF71AFD089B43F82800059B08F1010809
:10233000E6E700BF520F03005D0F0300D50C03005A
:1023400018FA0200800F0300B5F702000000E03F1A
:10235000B30F03000B1003003C100300D8F800304B
:1023600008932F7E002F00F0408100223146204646
:1023700010F015F9012231468046204610F00FF981
:10238000002231460746204610F017F90122059039
:102390003146204610F011F90222069031462046BF
:1023A00010F00BF9032207903146204610F005F992
:1023B000AB680B90002B0F9309DCA24B656900936F
:1023C00040F2FB13A04AA1492046A84744E6D8F8AA
:1023D0000430A96B9B6813936B690E932B68109361
:1023E0007B680E9ADB6809939B1A0C932046636CFA
:1023F0009847636C296D0D9020469847636C296C53
:10240000834620469847636CE96C0A9020469847BB
:10241000636C696C824620469847089B0C9A119021
:1024200003EB82030893099B4FF000099B00149370
:10243000C8460E9B4B456BDD089A002313999942C1
:1024400007DD0D98116840F82310149901330A44F0
:10245000F4E700231C93696D636C204698470F9B3B
:1024600002931CAB1290019300900D9B2A463146BB
:102470002046FFF75FFC0746002840F0CE811C9BFA
:10248000BB4213DD129B0C9953F82720099B02FBDA
:1024900003930B444BF828300D9B53F822300A9AD3
:1024A000013742F8283008F10108E8E7109F0A9840
:1024B0004745A8BF474653463A46414612F054FEA8
:1024C000AAF1040200239F420CDD52F8040F5BF8CE
:1024D000201011600A9951F82010119840F823102B
:1024E0000133F0E700239F420BDD5AF823204BF81D
:1024F0002320119A0A9952F8232041F8232001330E
:10250000F1E7089B043309F101090893B84690E705
:1025100000264FF0000A109BB3425BDDB0454FEA46
:1025200086093DDD099B5BF8260090FBF3F0EDF793
:1025300089FFEFF7D9FFEEF789FA099A5BF8267061
:102540000C9B0D9000FB1277FF1A0A9B626C53F8EC
:102550002630296B0893204690470D9B00EB031013
:10256000059BBBB11B6803EB061C0FC88CE80F0072
:10257000069B8BB11B680D933846EEF799FB0D9BBC
:1025800043F80900079B4BB11B68089A43F80920E0
:102590000136C0E7059BE6E7069BECE7079BF4E7FF
:1025A000059B8BB118681022002100EB061019F072
:1025B00025FC069B53B11B6843F809A0079B3BB160
:1025C0001B6843F809A0E3E70598ECE7069BF3E7EF
:1025D000079BF6E74046EEF76BFB0B9B002B00F0EA
:1025E00020811B680027186017E13A4631462046D3
:1025F0000FF0D5FF01223146814620460FF0CFFF74
:102600003A463146804620460FF0D7FF0122069019
:10261000314620460FF0D1FF022207903146204676
:102620000FF0CBFF03220990314620460FF0C5FF83
:102630006B680A90002B0DDC054B0093656940F236
:102640008123BFE669100300D50C0300B5F7020033
:1026500086100300D9F8042092680C926A690592EA
:10266000D8F804200599D2680B929942A2EB010296
:102670008B462046A8BF9B46A96B636C0D9298477A
:10268000636C296D8046204698470B9B0D9A0E90EF
:102690004FEA830A089B03EB8200059B4FEA8309FC
:1026A0000E9B0C9ABA4210DD5A46059910930F9072
:1026B00012F05AFD109B0F981A6850F8222048F823
:1026C0002720504401374B44EBE700231C93696DEE
:1026D000636C204698472B6802931CAB0F900193C4
:1026E000009043462A4631462046FFF723FB074623
:1026F000002840F092800BF101039A001B01139314
:102700002BEAEB7314928146804615931C9B4B4534
:1027100055DD0F9B0D9A53F829300B9903FB0122CD
:1027200011921A011292059A53430E9A02EB8303F7
:102730000BFB08F6109300234FEA860A0C93360130
:102740000C9B5B4536DA636C296B20469847129BDD
:102750001844069B43B31B6803EB060C0FC88CE8B8
:102760000F00109A52F8043B1092079AF2B11268C7
:10277000179218461693EEF79BFA179A169B42F893
:102780000A00119A1344089A02EB8303099A7AB15A
:1027900012681B6842F80A300C9B01330C93149B9F
:1027A0009A44139B1E44CBE7069BD5E7079ADFE7C5
:1027B000099AEEE7159B09F101099844A6E74046FE
:1027C000EEF776FA0A9B7BB31B68186025E00022BF
:1027D000314620460FF0E3FE012281463146204675
:1027E0000FF0DDFE43685F68012F80467FF44EAD39
:1027F000D9F80420D2F808B09A6893453FF451AD57
:102800000A4B01930A4B0093CDE9022B6569094AF3
:10281000094940F2DA232046A847384621B0BDE8EE
:10282000F08F0B9B1860FFDE0A9BFBE7DA0F0300BB
:10283000E40F0300D50C030018FA020000487047AB
:10284000E401002038B58B79093B012B05460C4685
:1028500009D8084612F032FD62790146284612F086
:1028600035FD284638BD01490122F8E7FEE60200A1
:102870008B79052B70B504460D4609D1084612F038
:102880001DFD6A790146204612F020FD204670BDEC
:10289000042B0AD1084612F011FD6D790646EEF7B9
:1028A0004BFE26602571A060F0E7044B1B680360B7
:1028B0000123037100238360E8E700BFE0010020EB
:1028C0002DE9F04391F804900E6809EB4903F61ADC
:1028D00087B004460D463046494617460FF039F991
:1028E0004946A6EB000870180FF033F94146C2B212
:1028F00002A812F0EBFC9DF80C80DDF80890049A19
:1029000008F1FF36F6B20423072E8DF8143096BF77
:10291000194B002353F82630009349464346384666
:1029200019F000FA40B940F201132060A380A071B1
:10293000204607B0BDE8F083AA68A0EB090090FB31
:10294000F8F0904206D3002340F201122360A280E7
:10295000A371EDE729792B68217101FB0232125C2A
:1029600001FB003002F0030101238B40920820603C
:102970006371A271DCE700BF80DC020030B5836BBD
:1029800087B005460BB919F0C6F90A44911E12F832
:10299000023C12F8010C8DF8080003F00304012238
:1029A0009B0802FA04F4091AE4B2092B01918DF88C
:1029B00009408DF80A3040F0828001A812F07EFCB8
:1029C0002246014603A812F081FCAB6B7021284619
:1029D00098474D4A044603A901A8FFF771FF01A8D3
:1029E00012F0DDFC494A206003A901A8FFF768FF47
:1029F00001A812F0D4FC464A606003A901A8FFF7C1
:102A00005FFF9DF80A30002B5BD16423A360414A2D
:102A100003A901A8FFF754FF9DF80A30002B5AD1F3
:102A200023763D4A03A901A8FFF74AFF01A812F047
:102A3000FCFCEEF733F8394AE06003A901A8FFF780
:102A40003FFF01A812F0F1FCEEF728F8344A2061AC
:102A500003A901A8FFF734FF01A812F0A0FC314A36
:102A6000606103A901A8FFF72BFF01A812F0DDFCAC
:102A7000EEF714F82C4AE06103A901A8FFF720FF44
:102A800001A812F0D2FCEEF709F8284A206203A947
:102A900001A8FFF715FF01A812F0C7FCEDF7FEFF34
:102AA000234A606203A901A8FFF70AFF01A812F0F8
:102AB000BCFCEDF7F3FFA062204607B030BD1D4916
:102AC00080E7134A03A901A8FFF7FAFE01A812F054
:102AD00066FCA0609BE70F4A03A901A8FFF7F0FE80
:102AE0009DF80A301A2B0AD19DF8081001980FF0B2
:102AF00030F850EA010314BF0123002390E701A836
:102B000012F005FCF5E700BFA6100300B5100300A6
:102B1000CF100300E4100300F410030008110300B9
:102B20001A110300261103002E11030036110300B1
:102B30003E1103004A1103002DE9FF410B681E6896
:102B4000012E05460F460FD001242F4B0193CDE9EE
:102B500002642E4B009345692D4A2E492923A8472C
:102B6000204604B0BDE8F0814B681C68012C0CD0F5
:102B7000CDE90246244B0193274B00934469244A34
:102B800024492A23A0473446EAE700220FF0CEFB6F
:102B9000064640B9214B00936E692C231C4A2049FC
:102BA0002846B047DCE73946002228460FF0D7FB1D
:102BB000074620B91B4B00936E692E23EEE7307851
:102BC0003B78834213D0D5F81480F7F791FC064682
:102BD0003878F7F78DFC144B0193144B0093CDE933
:102BE00002600B4A12492F232846C047B8E74BB969
:102BF00018466F69F7F77CFC33780E490246284681
:102C0000B847ADE70024ABE784370300AF0103000A
:102C10004A11030018FA0200D1FF0200CCFE0200A4
:102C2000B5F70200D3010300F83D0300103E030096
:102C3000E2FF02009C1103007FB500220C4606460D
:102C40000FF0ADFC21460546002230460FF0B5FCE2
:102C50000446287A062814D07569F7F749FC04461B
:102C60000620F7F745FC0F4B01930F4B0093CDE97E
:102C700002400E4A0E4930463D23A847012004B0C9
:102C800070BD68680EF049FF296804B1246800230C
:102C9000984205D0CA5C82F00102E2540133F7E7A2
:102CA0000020ECE7C6110300103E03004A110300A8
:102CB000E2FF02002DE9FF41174600220C460646BE
:102CC0000FF06DFC21460546002230460FF075FCE2
:102CD0000446287A012815D07569F7F709FC0446DF
:102CE0000120F7F705FC114B0193114B0093CDE93F
:102CF0000240104A104930463D23A847012004B045
:102D0000BDE8F08168680EF008FFD5F8008006463F
:102D100004B124680025AE4206D058F82500B84713
:102D200044F825000135F6E70020E8E7C611030066
:102D3000103E03004A110300E2FF0200014AFFF7C0
:102D4000B9BF00BFB1540200014AFFF7B3BF00BFD3
:102D5000C1540200014AFFF7ADBF00BFC5540200D5
:102D6000014AFFF7A7BF00BFC9540200014AFFF79D
:102D7000A1BF00BFCD540200014AFFF79BBF00BFB7
:102D8000D1540200014AFFF795BF00BFB7540200BB
:102D900070B5054D064604460FCD0FC495E80F00EB
:102DA00084E80F00304670BD40C7020070B5054D85
:102DB000064604460FCD0FC495E80F0084E80F00C7
:102DC000304670BD60C7020070B5054D064604462A
:102DD0000FCD0FC495E80F0084E80F00304670BD9A
:102DE00080C7020070B5054D064604460FCD0FC4DE
:102DF00095E80F0084E80F00304670BDA0C70200C0
:102E000070B5054D064604460FCD0FC495E80F007A
:102E100084E80F00304670BDC0C7020070B5054D94
:102E2000064604460FCD0FC495E80F0084E80F0056
:102E3000304670BDE0C7020070B5054D0646044639
:102E40000FCD0FC495E80F0084E80F00304670BD29
:102E500000C8020070B5054D064604460FCD0FC4EC
:102E600095E80F0084E80F00304670BD20C80200CE
:102E70002DE9F04F0B681D68012D8BB004460E46FE
:102E800010D00126CDE902564E4B01934E4B0093D4
:102E900044694E4A4E495323A047B14648460BB0B9
:102EA000BDE8F08F4B68D3F80080B8F1010F0CD06B
:102EB000CDE90285434B0193464B00934469434A55
:102EC00043495423A047A946E8E708AB00220FF086
:102ED00030FA81460028E1D1024609AB314620464E
:102EE0000FF04CFA81460028D8D1089F099D387808
:102EF0002B78834214D06669F7F7FAFA099B0546E6
:102F00001878F7F7F5FA344B0193344B0093CDE979
:102F100002502E4A32495A232046B047C146BDE7E7
:102F2000092BBBD13369E96804934FF07E50EDF76C
:102F3000C7FF6FF07F0406464FF0000A4FF07E5B3C
:102F40003869201AEDF7B4FEF968EDF705FF514630
:102F50008046EEF79FF830B140460AF05DFF5946D3
:102F6000EDF7F0FD804641463046EDF7F5FEEDF712
:102F70007BFA0AF095FD0A4601462869CDE906125A
:102F8000EDF796FEDDE90612059008461146EDF7CD
:102F900085FD059B01461846EDF7D6FDEEF7A2F834
:102FA0006FF07F039842B8BF18465FFA84F87F2815
:102FB000049B04F10104A8BF7F20802C03F80800C3
:102FC000BED16BE784370300AF010300D4110300C7
:102FD00018FA0200D1FF0200F83D0300103E030082
:102FE000E2FF02002DE9F0430F468DB0054608B917
:102FF00018F091FE0029FBD00A68436D516898478C
:103000007A686B6D51680646284698470446307AC0
:1030100001280CD009283BD06C69F7F769FA2C49D4
:1030200002462846A04701200DB0BDE8F083314696
:10303000684612F07EFC214606A8D6F8008012F001
:1030400078FC04B1246806A968460FF0D5FA00267A
:1030500007464FF00009B74212DD58F8265049469E
:103060002846EEF717F838B12846EDF7FDF9EFF7E7
:103070002FF8EDF713FD054644F826500136EAE730
:1030800006A80FF081FA68460FF07EFA0020CBE721
:10309000314606A83F6912F04CFC2146684612F002
:1030A00048FC694606A80FF0A7FA054668460FF0E7
:1030B0006BFA06A80FF068FA04B12468326800239E
:1030C0009D42E3DDD15C7956E1540133F8E700BF5E
:1030D0001E12030070B5054D064604460FCD0FC401
:1030E00095E80F0084E80F00304670BD40C802002C
:1030F00000487047FAE3020070B50B681B68022BAA
:1031000088B005460C460ED00222CDE90232204B93
:103110000193204B009344691F4A20494B23A04749
:10312000012008B070BD4B681E68012E0CD0012430
:10313000CDE902641A4B01931A4B00934569164A74
:1031400016494C23A847EBE705AB00220FF0F1F836
:103150000028E6D106AB3246214628460FF0E9F8B2
:103160000028DED1024607AB214628460FF006F9BB
:103170000028D6D1059B1A78079B1A70069B1B7DE9
:10318000042BCED128466B69074998473046C8E7DB
:10319000BE1B0300AF0103005412030018FA020023
:1031A00084370300D1FF0200A61203002DE9F04787
:1031B000002288B004460E460FF0F1F901220546C0
:1031C000314620460FF0EBF907460CB918F0A3FD85
:1031D000002EFBD07268636D516820469847064602
:1031E00068680EF09AFC6B688046394602A8D3F8EE
:1031F000009012F09EFBDDF808A0BAF1050F09DD82
:10320000039808B118F0D1FC63693549524620464D
:10321000984714E0BAF1010FF6DC387A022806D19B
:103220003B681A6891450CDA63692E49EFE76569D6
:10323000F7F75EF93B7A2C4902462046A847012061
:103240003BE06FEA09099145EEDC69680F68002AE6
:10325000BCBF781C1218BA420FDD244B009367697B
:10326000234A244925232046B8472A7A012A1ED01A
:10327000092A2BD063692049C9E77368013743F8ED
:10328000047B4FF0000C01206745EEDD624504DD54
:10329000D1F804E0C3F800E001E005D118600CF1BA
:1032A000010C04310433EFE7D1F800E0F2E73268B3
:1032B00028680023984503DC002008B0BDE8F087AB
:1032C00050F8231042F823100133F3E732682868DE
:1032D00000239845F0DDC156D1540133F9E700BF12
:1032E000D91203003413030004130300591303001D
:1032F00054120300B5F702007413030070B5054DB6
:10330000064604460FCD0FC495E80F0084E80F0071
:10331000304670BD60C802002DE9F0410E4690B005
:10332000044608B918F0F7FC0029FBD00A68436D81
:10333000516898470546007A012815D06669F7F765
:10334000D7F805460120F7F7D3F82A4B01932A4B0B
:103350000093CDE90250294A294920462123B0474C
:10336000012010B0BDE8F0817268636D516820469D
:1033700098472946044604A812F0DBFA21460AA819
:10338000D5F8008012F0D5FA04B12468049E0A9B97
:103390009E42C7D10025AE420CDD294604A80FF09D
:1033A0001AF9294607460AA80FF015F98742B9D13C
:1033B0000135F0E7052ECCBF059A05AA00230127A9
:1033C0009E4204DD52F8231001334F43F8E70025F5
:1033D000BD4207DA58F825000AF022FC44F825001F
:1033E0000135F5E70AA80FF0CFF804A80FF0CCF8E4
:1033F0000020B6E7A30C0300103E0300B213030045
:10340000E2FF020010B520220446002118F0F6FC6D
:10341000014BE360204610BD19330100F0B50B6885
:103420001B68022B89B005460C460FD00222CDE95D
:103430000232334B0193334B00934469324A334990
:103440002223A0470122104609B0F0BD4B681E6838
:10345000012E0CD00124CDE902642D4B01932D4B9C
:1034600000934569284A29492323A847EAE700220F
:1034700005AB0EF05EFF02460028E4D1324606ABF3
:10348000214628460EF055FF02460028DBD107AB47
:10349000214628460EF072FF02460028D3D1059B34
:1034A0001878069B1B78834214D06F69F7F720F8D1
:1034B000069B04461878F7F71BF8174B0193CDE9E4
:1034C0000240164B00932F230F4A15492846B84750
:1034D0003246B8E7079909789942B4D018466F691F
:1034E000F7F706F8079B04461878F7F701F80D4B35
:1034F00001930A4B0093CDE902403023E4E700BF7B
:10350000BE1B0300AF010300FE13030018FA020004
:1035100084370300D1FF02004E1403005B14030044
:10352000E2FF0200F83D030070B5054D0646044673
:103530000FCD0FC495E80F0084E80F00304670BD32
:1035400080C802002DE9F04F002297B005460C46D6
:103550000FF025F801220746214628460FF01FF8F4
:1035600006460DB918F0D7FB002CFBD062686B6DD6
:1035700051682846984797F80880B8F1010F04462B
:1035800061D1002EEED0D6F800A04FF000094FF028
:10359000000B70680EF0C1FA484510DD5AF829009A
:1035A0005946EDF76DFD38B16B692C4928469847AF
:1035B000404617B0BDE8F08F09F10109E9E731464F
:1035C000384612F0A8F9264D394618BB10A812F05B
:1035D000B0F931460AA83F6812F0ABF9214604A8B9
:1035E00012F0A7F904B1246804AB0093CDE90145BA
:1035F00053460AAA394610A811F0EAFF04A80EF0B3
:10360000C3FF0AA80EF0C0FF10A80EF0BDFF4FF0D8
:103610000008CDE710A812F08CF931460AA83F68DF
:1036200012F087F9214604A812F083F904B1246846
:1036300004AB0093CDE9014553460AAA394610A8C8
:1036400011F073FFDAE740466C69F6F751FF054960
:1036500002462846A0474FF00108A9E76814030076
:103660000355020076140300F0B50B681B68022BAB
:1036700089B005460C460FD00222CDE90232334B09
:103680000193334B00934469324A33492723A047BF
:103690000122104609B0F0BD4B681E68012E0CD007
:1036A0000124CDE902642D4B01932D4B0093456914
:1036B000284A29492823A847EAE7002205AB0EF04B
:1036C00038FE02460028E4D1324606AB21462846A1
:1036D0000EF02FFE02460028DBD107AB214628461C
:1036E0000EF04CFE02460028D3D1059B1878069BAD
:1036F0001B78834214D06F69F6F7FAFE069B0446E6
:103700001878F6F7F5FE174B0193CDE90240164BFA
:10371000009334230F4A15492846B8473246B8E784
:10372000079909789942B4D018466F69F6F7E0FE18
:10373000079B04461878F6F7DBFE0D4B01930A4B06
:103740000093CDE902403523E4E700BFBE1B030030
:10375000AF0103009F14030018FA0200843703002E
:10376000D1FF02004E1403005B140300E2FF0200CD
:10377000F83D030070B5054D064604460FCD0FC455
:1037800095E80F0084E80F00304670BDA0C8020025
:103790002DE9F041002296B005460C460EF0FFFEE2
:1037A00001220646214628460EF0F9FE07460DB9CD
:1037B00018F0B1FA002CFBD062686B6D5168284696
:1037C000984739460446304612F0A5F80246307A4A
:1037D000012843D1002FEBD03D68DFF894803146BB
:1037E00004A81ABB12F0A5F839460AA8366812F0E8
:1037F000A0F8214610A812F09CF804B1246810AB80
:103800000093CDE901482B460AAA314604A811F0DD
:10381000DFFE10A80EF0B8FE0AA80EF0B5FE04A850
:103820000EF0B2FE002016B0BDE8F08112F081F873
:1038300039460AA8366812F07CF8214610A812F022
:1038400078F804B1246810AB0093CDE901482B4609
:103850000AAA314604A811F068FEDAE76C69F6F7A7
:1038600047FE044902462846A0470120DBE700BF87
:1038700035570200EF1403002DE9FF47D1F81090EF
:1038800004460D46B9F1000F01D118F044FAD1F801
:1038900014A0BAF1000FF8D02E4B1A680EF046FDB6
:1038A000064658B92C4B656900932F232B4A2C49A7
:1038B0002046A847012004B0BDE8F087294B2946DF
:1038C0001A6820460EF032FD074620B9264B0093B9
:1038D00065693223EAE7254B29461A6820460EF02F
:1038E00063FD234B29461A68804620460EF037FDBB
:1038F000054620B91F4B009365693623D6E730781B
:103900002B78834212D06769F6F7F2FD06462878D5
:10391000F6F7EEFD184B0193184B0093CDE90260CA
:103920000E4A174938232046B847C3E73A789A42E7
:1039300004D06369134920469847BBE79AF8001002
:103940003346CDE90259CDE90078204611F02DFF2C
:10395000B1E700BFA4DC0200CCFE02001815030092
:10396000B5F70200ACDC020014080300A0DC020082
:10397000A8DC0200D3010300F83D0300103E030061
:10398000E2FF02006E1503002DE9F04FD1F814A0FC
:10399000D5B005468946BAF1000F01D118F0BBF940
:1039A000734B1A680EF0FBFD724B49461A680646C7
:1039B00028460EF0F4FD704B80461A6849462846AA
:1039C0000EF0EDFD0746002DE8D06C4AD9F8043022
:1039D000126803EB8203284659686A6D9047D9F84C
:1039E000101004460029D9D0307A01280CD00928BB
:1039F00000F0C8806C69F6F77BFD337A60490246B7
:103A00002846A0470120B0E09AF8001040A800F036
:103A1000BDF9314610A811F08CFF33680993414677
:103A200016A811F086FFB8F1000FB7D0D8F8003013
:103A3000089339461CA811F07CFF002FAED03B68DC
:103A40000393214622A811F074FF04B12468229A3E
:103A5000479B0493571E489B169E05939ED4052AA8
:103A6000CCBF239823A800234FF0010A9A4208D024
:103A70009F4214BF50F82310012101FB0AFA0133C1
:103A8000F4E7B11E16A80EF0A6FD3946054622A899
:103A90000EF0A1FD8542019080D1711E16A80EF096
:103AA0009AFD002500900295A946D14550DA029B67
:103AB00004EB83030693099B002703EB850307931D
:103AC000B846019B98453ADA089B03EB8702079BAF
:103AD0004FF0000B00260099594511DD52F8041BE8
:103AE00053F8040B0B920A93EDF736F90146304672
:103AF000EDF72AF80BF1010BDDE90A320646EAE799
:103B0000039BD3B153F828103046EDF71DF8064655
:103B100001460498EDF7DCFA00B1049E05983146A1
:103B2000EDF7B8FA00B1059E069B43F8046B0693C7
:103B3000009B08F101081F44C3E70021E4E7DDE929
:103B4000012313440293009B09F101091D44ACE7D2
:103B500022A80EF019FD1CA80EF016FD16A80EF0F6
:103B600013FD10A80EF010FD002055B0BDE8F08F39
:103B7000A4DC0200ACDC0200A0DC0200A8DC020035
:103B800059FF02004AA811F0FFFD314628A811F0A4
:103B9000D0FE3368099341462EA811F0CAFEB8F151
:103BA000000F3FF4FBAED8F800300893394634A834
:103BB00011F0BFFE002F3FF4F1AE3B6803932146A6
:103BC0003AA811F0B6FE04B124684A9B0A934B9BB5
:103BD0000B934C9B0C934D9B0093DDE94E532E9E13
:103BE0000493012E509B05937FF7D8AE3A9B022B8E
:103BF0007FF4D4AEDDE9043293423FF7CFAE00212B
:103C00003AA80EF0E8FC01210D903AA80EF0E3FC72
:103C1000B11E83462EA80EF0DEFC83453FF7BEAEF4
:103C2000711E2EA80EF0D7FC002DC5F10001D4BFE7
:103C30000B4600230193019A01239340013B069315
:103C40005B1000220E9325EAE573944696460F9387
:103C50000D9B734579DD04EB0C0300260793354675
:103C6000AB456DDD099B13440293089B03EB060AE9
:103C700000231F46B8420DDD02991AF9018B11F994
:103C8000019B02910B9988440A99894409FB0833E6
:103C90000137EFE7039F17B157F825703B440F9F9B
:103CA0000099BB4099422AD101F10041D1F10009AC
:103CB00049EB0109009983FB01372949002FACBF6B
:103CC0004FF080488846B9F1000F1BD118EB030371
:103CD00047EBE877002F04DA6FF000415B1847F1FB
:103CE0000007DB0F43EA470301991F2906440CDD57
:103CF0001C4B1D4A1D4840F267110CF062FB4FF04F
:103D00000009D7E76FF00043EEE7069901EA030ADE
:103D10000E9901EBD37901990B410C99CA45C8BFA3
:103D200001330B4404998B42B8BF0B4605998B4273
:103D3000A8BF0B46079901F8013B013507918FE7B2
:103D40000EF1010EDC44024482E73AA80EF01CFC9E
:103D500034A80EF019FC2EA80EF016FC28A801E7D6
:103D6000010000C0B6FD0200C5FD02001AFE0200FF
:103D700070B5054D064604460FCD0FC495E80F00FB
:103D800084E80F00304670BDC0C80200012903D18D
:103D90000023C361094B04E0032904D10023C3615C
:103DA000074B03627047022904D1064BC3614FF0F1
:103DB0007E53F6E76FF40003EBE700BFFFFF7F7F62
:103DC0000000C040000080BF884212D110F5004FB3
:103DD00014BF002301234143084858BF4FF48040DB
:103DE0004BB9401844BF00F5FF407F30C01300B20C
:103DF00070470023EFE747F6FF70F8E701C0FFFFC9
:103E000070B5054D064604460FCD0FC495E80F006A
:103E100084E80F00304670BDE0C80200002908B5F4
:103E200006DA0E4B0E4A4FF4B3710E480CF0C9FA85
:103E30001F2904DD0C4B0A4A40F26711F5E7012304
:103E40008B40013B1AB243F34E0303EBD0730240A5
:103E500008419342B8BF013000B208BDDDFE020048
:103E6000F51503001AFE0200B6FD02002DE9F04F21
:103E70000E468FB0044608B917F04DFF0029FBD05D
:103E8000384A0B68126803EB8203426D5968904709
:103E9000354A7368126803EB82030546626D596800
:103EA000204690470446287A012809D009283CD0AA
:103EB000F6F71EFB01462D480DF0FAFC01204EE0FE
:103EC000294602A811F035FD214608A82E6811F0F8
:103ED00030FD04B12468DFF898A0264F08A902A895
:103EE0000EF08AFB4FF0000906EB8008B0452FD991
:103EF00056F804BB51465846ECF726FE494605469F
:103F0000EDF7E6F878B139462846EDF7C3F800B981
:103F10003D4629465846ECF71FFF3946ECF7D0FFDF
:103F200044F8040BE2E74D46F3E7294602A8366958
:103F300011F0FFFC214608A82D6811F0FAFC04B12D
:103F40002468009408AB2A4602A9304611F074FC9C
:103F500008A80EF019FB02A80EF016FB00200FB007
:103F6000BDE8F08FB0DC0200B4DC020050160300A4
:103F7000000040400000C0402DE9F0430B6987B0CD
:103F800005460E460BB917F0C6FE0B681F68012FD9
:103F90000FD00124394B0193CDE90274384B0093C3
:103FA0004569384A38492423A847204607B0BDE868
:103FB000F0834B681C68012C0CD0CDE902472F4BD5
:103FC0000193324B009344692E4A2F492523A04781
:103FD0003C46EAE700220EF0A9F9074640B92C4B0F
:103FE00000936E692823274A2A492846B047DCE710
:103FF0000022314628460EF0B2F9804620B9264B01
:1040000000936E692A23EEE73B78092B34D1366999
:104010003B69338003697380F8684FF07051ECF7A7
:104020009BFED8F80C10074606F11009ECF748FF84
:10403000ECF71AFA4B4604AAF6F766FA049806F16A
:104040000C0111F04CFC3369002B04DD134B009381
:104050006E694023C7E74FF063513846ECF730FFF5
:1040600006F10804ECF700FA234605AAF6F74CFA25
:104070000598311D11F033FC002496E784370300C6
:10408000AF0103006416030018FA0200D1FF02001A
:10409000CCFE0200B5F70200D3010300BC160300FA
:1040A000F7B5044616460D4649B9184B00934469C6
:1040B0003B23174A1749A047012003B0F0BD22B99E
:1040C000154B009344693C23F3E7836B23B9134BEF
:1040D000009344693D23ECE78B681F6838460EF077
:1040E000A7F8A36B014620469847A96807600023FC
:1040F000A86070609F4203F1010205DD51F8223093
:1041000040F822301346F5E70020D6E73B170300BE
:10411000E4160300B5F70200361703004D1703003D
:104120002DE9F043D1F8109085B005460E46B9F15F
:10413000000F01D117F0EFFDD1F81480B8F1000F96
:10414000F8D00B681F68012F0FD00124404B01935A
:10415000CDE902743F4B009345693F4A3F49312303
:10416000A847204605B0BDE8F0834B681C68012CC9
:104170000BD0374B0193CDE90247394B009344698B
:10418000354A36493223A04743E000220EF0CEF8EC
:10419000074640B9334B00936E6935232E4A3249A6
:1041A0002846B047DDE73146002228460EF0D7F812
:1041B000064620B92D4B00936E693723EEE7BB68A6
:1041C0001B68042B04DD2A4B00936E693923E5E755
:1041D000037803F0FD02012A06D0092B04D0254BF9
:1041E00000936E693B23D9E73878834213D06F6917
:1041F000F6F77EF904463078F6F77AF91E4B01930C
:104200001E4B0093CDE90240134A1D493E23284628
:10421000B8470124A5E7032B01D0092B13D13B6933
:10422000C9F8003098F80040002C9AD00023CDE95E
:104230000243144B0193144B00936C69064A0749DF
:10424000472328469FE7012BECD10023E8E700BF76
:1042500084370300AF0103007A17030018FA020045
:10426000D1FF0200CCFE0200B5F70200D30103002B
:10427000C7170300E1170300F83D0300103E0300D9
:10428000E2FF02001704030026040300884210B571
:1042900019D100F100435C425C4180FB0103002B1B
:1042A0000B4AA8BF4FF080427CB9111843EBE27073
:1042B000002804DA6FF00043C91840F10000C90F6C
:1042C00041EA400010BD0024E7E76FF00040F9E745
:1042D000010000C070B5054D064604460FCD0FC461
:1042E00095E80F0084E80F00304670BD00C9020059
:1042F000002908B506DA0D4B0D4A4FF4B3710D488D
:104300000CF05FF81F2904DD0B4B094A40F26711DE
:10431000F5E701238B40013B03EA00025B1003EB4E
:10432000D07308419A42C8BF013008BDDDFE0200CB
:10433000C5FD02001AFE0200B6FD020000282DE9AC
:10434000F84F884616469A4601DA17F0E4FC012831
:1043500007DC6FF0004313600023CAF80030BDE8AB
:10436000F88F0B23CAF80030B0F1005FDAF80020B4
:1043700004DB01328010CAF80020F5E7B0FA80F3C0
:10438000013B5B08013BD21A5B00984000F1784387
:10439000B3F1C05FCAF80020D7D201210841FFF76E
:1043A000A7FF052781464FF0805421462046FFF79E
:1043B0006DFF2146FFF76AFFB0F1007F69DAB0F1C7
:1043C0007E4F4FF0FF324FF0000BC8BF0022C317E3
:1043D0009B0143EA90638001B0F1004F73F1FF311C
:1043E0005BDBB0F1004F73F1000359DA20EA0B00F8
:1043F0002BF0004B80EA0B0B2BEA020B214602F05C
:1044000000424FF0C0508BEA020BFFF73FFF5946C6
:1044100005464846FFF73AFF2D1AB5F1805F42DAAC
:10442000B5F1704F4FF0FF324FF00004C8BF0022CB
:10443000EB17DB0043EA5573ED00B5F1004F73F164
:10444000FF3134DBB5F1004F73F1000332DA25EAB6
:10445000040524F000446C4024EA0204013F02F009
:10446000004284EA0204A0D114492046FFF70EFF5F
:104470003060DAF80030002BBFBF5B4298403060FC
:10448000CAF80070DAF8001008FB01F1CAF8001051
:1044900065E74FF0FF3B002299E74FF00040A5E7AA
:1044A0006FF00040A2E74FF0FF340022C0E74FF06A
:1044B0000045CCE76FF00045C9E700BF9A79825A02
:1044C0002DE9F04F0F69A1B006460D460FB917F060
:1044D00022FC0028FBD00A68436D516898476A683F
:1044E000736D51680446304698470546007A0128A6
:1044F00065D1214608A811F01CFA002CE7D02368EA
:10450000059329461AA811F014FA089C2B68039306
:10451000013C21461AAA08A811F03EFA234604904D
:1045200021461AAA08A810F0CAF90024DFF8B8A199
:104530000546A0464FF0000B049B434535DD059B27
:1045400003EB8409A7004A4600235E469D42079379
:104550000EDD52F8041B06920846ECF7FDFB0146FF
:104560003046ECF7F1FA079B069A06460133EDE771
:10457000304609F0D1FC51460646ECF78BFD00B100
:104580005646039B1F4400239D42069309DD59F8BC
:10459000040B3146ECF794FC069B47F8040B0133FF
:1045A000F2E708F101082C44C6E71AA80DF0ECFF69
:1045B00008A80DF0E9FF002021B0BDE8F08F032826
:1045C00061D121460EA811F0B4F9002C3FF47FAF61
:1045D0002368049329461AA811F0ABF90E9C2B68A6
:1045E0000393013C234621461AAA0EA810F067F94E
:1045F000214605461AAA0EA811F0CEF90024D7F8D4
:10460000009026460746B74238DD049B03EB0408BA
:104610000023414618469D4207DD11F8012BA2EB0D
:10462000090202FB02000133F5E714AB08AA4FF0C0
:10463000FF31FFF783FE039B4FF0000A03EB040BEF
:10464000554518DD18F8010B0899A0EB0900C001C9
:10465000FFF71CFE14994942FFF74AFE80300028FC
:1046600007DDFF28A8BFFF200BF8010B0AF1010AA4
:10467000E6E70020F8E701362C44C4E71AA80DF05D
:1046800083FF0EA895E7092825D1214614A811F02B
:1046900050F929461AA811F04CF9149E013E3346F0
:1046A0001AAA314614A810F00AF9314680461AAA0F
:1046B00014A811F071F901463868002C3FF407AFD7
:1046C0002B6800932368424611F09EF91AA80DF05A
:1046D0005BFF14A86DE77469F5F70AFF034902460A
:1046E0003046A047012067E7BD3786353F180300F5
:1046F0002DE9F04F0B681C68012C8FB005468846E9
:104700000DD001266A4B0193CDE90246694B009317
:104710004469694A69492923A04734460EE04B6839
:104720001E68012E0ED0624B0193CDE90264644BEA
:1047300000934569604A61492A23A84720460FB083
:10474000BDE8F08F0CAB00224F690DF017FE044658
:104750000028F3D102460DAB414628460DF0E9FD95
:1047600004460028EAD1DDF834C0DCF808301A68C5
:10477000042A0CD00423CDE90223524B0193524B5F
:1047800000936C6930234C4A4C492846C4E70C9985
:1047900088680068042808D04A4B0193CDE90202DA
:1047A0004A4B00936C693123EDE79CF8000091F8C7
:1047B00000A0824513D06F69F5F79AFE0C9B044662
:1047C0001878F5F795FE424B0193CDE90240414B35
:1047D00000933223384A40492846B8479DE75A6833
:1047E0000B929A6897F800B00892D3E903930A9362
:1047F000BB6804937B6805933B690693FB6807934A
:10480000079A059B00964946584610F067F8049BA6
:10481000069A089909900096584610F05FF8069A93
:104820000499431E01FB0323089A07999B1A099ACE
:1048300083460598013A00FB0212A2EB090222EA24
:10484000E272511023EAE373B96102F001025910D8
:10485000BAF1010F03F00103F9613A627B620FD0F4
:1048600050466F69F5F744FE04463046F5F740FEC2
:104870001A4B0193174B0093CDE902404323A9E75C
:104880002246414628460DF098FE0C9902462846DD
:10489000FFF706FC044600287FF450AF0C9B0B9AF0
:1048A0009B68C3E9012B099ADA600A9A1A6145E705
:1048B00084370300AF0103006218030018FA0200F6
:1048C000D1FF0200B31803003F0A0300C41803001D
:1048D000F83D0300103E0300E2FF0200A30C0300BA
:1048E000F0B500229BB04E6904460F460DF065FE00
:1048F00005460CB917F00FFA3A68636D5168204607
:104900009847B368129373681393336914930746F7
:10491000F368007A1593F369ADF840300128B36964
:10492000ADF83E302FD1337D012B23D0032B24D083
:10493000022B24D0184B6FF40002394603A81892BA
:10494000199310F0F6FF294609A83C6810F0F1FF12
:1049500005B12D68009509AB224603A90FA811F0F7
:10496000AEF809A80DF010FE03A80DF00DFE002012
:104970001BB0F0BD084B0022DFE7084BFBE7084AFD
:104980004FF07E53D9E76569F5F7B2FD0549024658
:104990002046A8470120EBE7FFFF7F7F0000C040D3
:1049A000000080BFDA18030070B5054D06460446C6
:1049B0000FCD0FC495E80F0084E80F00304670BD9E
:1049C00020C902002DE9F0410B681C68012C88B059
:1049D00005460E4610D00126CDE902463A4B01931A
:1049E0003A4B009344693A4A3A493E23A047344639
:1049F000204608B0BDE8F0814B68D3F80080B8F1DC
:104A0000010F0BD0CDE902842F4B0193324B009361
:104A100045692F4A2F493F23A847E9E704AB002205
:104A20000DF087FC04460028E2D1024605AB314672
:104A300028460DF0A3FC04460028D9D1049B059F0D
:104A400018783A78904214D06E69F5F751FD059BBD
:104A500004461878F5F74CFD204B0193204B00934A
:104A6000CDE902401A4A1F4945232846B04744462B
:104A7000BEE7092801D00728BAD1D6E9045219693E
:104A800029613969D86869611168ECF765F9F968D5
:104A9000ECF716FAEBF7E8FC2A4606ABF5F734FD1F
:104AA000069B6B60059BD968049BD868ECF708FAF5
:104AB00005F10806EBF7D8FC07AB3246F5F724FD05
:104AC000079BEB6094E700BF84370300AF0103004E
:104AD0000E19030018FA0200D1FF0200F83D03008E
:104AE000103E0300E2FF020038B522EAE273002A1A
:104AF00000FA03F3D4BF544200248B4221D101F1C8
:104B000000425542554183FB0132002A1648A8BF96
:104B10004FF08040BDB9C11842EBE073002B04DABE
:104B20006FF00042891843F10003C90F41EA4301C5
:104B30001F2C0BDD0D4B0E4A0E4840F267110BF097
:104B400040FC0025DFE76FF00041F1E70123A340BF
:104B5000013B03EA01025B1003EBD17341FA04F05D
:104B60009A42C8BF013038BD010000C0B6FD020046
:104B7000C5FD02001AFE02002DE9F04F0E4691B06D
:104B8000054608B917F0C7F80029FBD00A68436D3D
:104B90005168984772686B6D5168834628469847FC
:104BA00004469BF808003369072874D0092835D0DB
:104BB000012840F0AA807369594604A8D3F8008000
:104BC00010F0B7FE21460AA8DBF8009010F0B1FE05
:104BD00004B124680AA904A80DF00EFD00260746BA
:104BE0004FF0000AB7420FDD59F8265051462846CB
:104BF000ECF76EFA20B928464146ECF7ADF80546C9
:104C000044F826500136EDE70AA80DF0BDFC04A8D3
:104C10000DF0BAFC002011B0BDE8F08F1A695E6992
:104C2000019259460AA8D3E90078D3E9029A10F014
:104C300080FEDBF800300293214604A810F079FED4
:104C400004B1246804A90AA80DF0D6FC4FF0000BAB
:104C500005465D451ADD029B13F90B00019BC01A46
:104C600059BF5246494642463946FFF73DFF304458
:104C700010F17F0F07DB7F28A8BF7F2004F80B000F
:104C80000BF1010BE5E76FF07F00F7E704A80DF0EB
:104C90007BFC0AA8BCE71A695D69019259460AA81B
:104CA000D3E90067D3E9028910F043FEDBF8003056
:104CB0000293214604A810F03CFE04B1246804A924
:104CC0000AA80DF099FC4FF0000A039047F6FF7B0D
:104CD000039B5345DADD029B33F91A00019BC01A8E
:104CE00059BF4A4641463A463146FFF7FDFE0B4B57
:104CF0002844984207DB5845A8BF584624F81A00B4
:104D00000AF1010AE4E70648F8E76C69F5F7F0FBF9
:104D1000044902462846A04701207CE70180FFFFA6
:104D20000080FFFF5F19030070B5054D064604467D
:104D30000FCD0FC495E80F0084E80F00304670BD1A
:104D400040C90200014A11F0B1B800BF995C0200ED
:104D5000014A11F0ABB800BFA15C020010B52022DF
:104D60000446002117F04AF8014BE360204610BDCD
:104D7000454D010010B520220446002117F03EF8F1
:104D8000014BE360204610BD514D01002DE9F84F65
:104D9000D0F800801D461368984504460F4691469A
:104DA00001D016F0B8FF0026B0450CDD3146204694
:104DB0000DF011FC3146824648460DF00CFC824550
:104DC000EFD10136F0E7B8F1050FCCBF64680434C9
:104DD00000230126984504DD54F82320013356436F
:104DE000F8E7DFF85890DFF858A000244FF07E581D
:104DF000B44220DA57F824B049465846ECF768F92F
:104E0000B8B951465846ECF745F930B1584609F063
:104E100003F845F824000134EAE70BF1004008F0FC
:104E2000FBFF4146EBF790FE01464046ECF748F8A1
:104E3000EFE74046EDE7BDE8F88F00BFCFF38441D0
:104E4000000010C170B5054D064604460FCD0FC4D5
:104E500095E80F0084E80F00304670BD60C902007D
:104E6000F8B56FF00043C517C01845F10005B5F15E
:104E7000FF3F08BFB0F1FF3F0BBF034601232A46A7
:104E80000022C01845EB0205EB0F181845F100058C
:104E9000400840EAC57536492846FFF7F7F903266A
:104EA00000F15A3421462846FFF7F0F9C0F10051CD
:104EB0002046FFF7EBF9B0F1005F45DAB0F1604F43
:104EC0004FF0FF314FF00003C8BF0021C21792001E
:104ED00042EA90728000B0F1004F72F1FF3737DB89
:104EE000B0F1004F72F1000235DA20EA030023F03E
:104EF0000043434023EA010301F000414B40013EDF
:104F00001C44CFD1B4F1804F28DAB4F1404F4FF0B8
:104F1000FF303346C8BF0020E21724195241B4F1D4
:104F2000004F72F1FF311DDBB4F1004F72F100024E
:104F30001BDA24EA030423F000435C4024EA000463
:104F400000F000406040F8BD4FF0FF330021BDE7A6
:104F50004FF00040C9E76FF00040C6E74FF0FF3365
:104F60003046D9E74FF00044E3E76FF00044E0E754
:104F7000C4C3C3C32DE9F0410446144811F00FF82F
:104F80000646134811F00BF804F180548046214680
:104F9000204611F009F82146054611F005F829468A
:104FA0000746284611F000F80221FFF7A1F9414613
:104FB000384410F0F9FF01212844FFF799F921182E
:104FC000304610F0F1FF3044BDE8F08194A8F57050
:104FD000ABAAAA2A2DE9F84F40F07E4405462001ED
:104FE000FFF7C8FF8246394810F0D9FF0146504606
:104FF000641B10F0D9FFC4F34069C9F1000709F13F
:10500000FF39074009EA0A0087EA0008304810F033
:10501000C6FF0146404610F0C7FFC4F38067C7F1E2
:10502000000B00EA0B0B2B4810F0B9FF013F07EA19
:1050300008078BEA07070146384610F0B5FFC4F3AE
:10504000C06BCBF1000900EA0909234810F0A7FF63
:105050000BF1FF3B0BEA070B89EA0B0B01465846A5
:1050600010F0A2FFC4F30079C9F1000707401B4804
:1050700010F095FF09F1FF3909EA0B0987EA0909E0
:105080000146484610F090FFC4F340777E42064048
:10509000134810F084FF013F07EA09077E400146EC
:1050A000304610F081FFC4F3807463421840013C25
:1050B000B5FA85F334405B094440581E5B422040FA
:1050C00023F000435840BDE8F88F00BF7BBEAF63BC
:1050D000F2CBA24D6CAC162FA4AA5211B72A5802DB
:1050E00011FE0A002DE9F0410D4690B0044608B9C2
:1050F00016F011FE0029FBD0394A0B68126803EB49
:105100008203426D59689047364A6B68126803EB18
:10511000820307465968626D204690472B69064610
:10512000002BE5D03D7A012D2BD1037A012B16D12E
:10513000394604A810F0FDFB3C6831460AA810F07F
:10514000F8FB33680AAA214604A8FFF71FFE0AA845
:105150000DF01AFA04A80DF017FA00250DE0284604
:10516000D4F81480F5F7C4F90746307AF5F7C0F99A
:105170001D4903463A462046C047284610B0BDE8C0
:10518000F081092D1DD1027A092A1AD17D68D3E94F
:105190000001D3E9022355F8048B4FF0000C0124E1
:1051A000E04506DD55F804EB0CF1010CA4FB0E4EB6
:1051B000F6E7356802953D68CDE9004510F0F8FE48
:1051C000CBE728466769F5F793F90546307AF5F796
:1051D0008FF92A46034604492046B8470125CCE703
:1051E000B8DC0200BCDC0200B20C0300F0B51546CE
:1051F00085B0002204460F460DF098F8064650B9D7
:10520000304B6569009324232F4A30492046A84734
:10521000012005B0F0BD3946002220460DF09FF870
:10522000074620B92A4B009365692623ECE73078BE
:105230003B78834212D06669F5F75AF9054638780B
:10524000F5F756F9234B0193234B0093CDE9025018
:105250001D4A224928232046B047D9E7092B2ED1E1
:105260003B6913F1800F0ED06FF07F02CDE902325F
:105270001B4B01931B4B00936569134A1A492A2360
:105280002046A847C4E7F068EBF7EEF8174B00227A
:10529000EBF742F92A46336942F80C3B08F0CCFBA5
:1052A000134B0022EBF738F908F0FAFBEBF7CEFBD3
:1052B000E968A8601F2204200CF0E3FF686000206A
:1052C000A7E700BFCCFE020097190300B5F7020064
:1052D000D3010300F83D0300103E0300E2FF02008B
:1052E000B61C0300ED19030018FA02000000A041EB
:1052F0000000E0412DE9F04E40F07F44054660019A
:10530000FFF738FE0646424810F049FE0146304697
:10531000641B10F049FEC4F3006BCBF100090BF1E4
:10532000FF3B00EA09090BEA060089EA000A39484E
:1053300010F035FE0146504610F036FEC4F34069C9
:10534000C9F100070740344810F029FE09F1FF3980
:1053500009EA0A0987EA09090146484610F024FECD
:10536000C4F38067C7F1000B00EA0B0B2B4810F069
:1053700016FE013F07EA09078BEA07070146384690
:1053800010F012FEC4F3C06BCBF1000900EA09096A
:10539000234810F004FE0BF1FF3B0BEA070B89EAF0
:1053A0000B0B0146584610F0FFFDC4F30079C9F11C
:1053B000000707401B4810F0F2FD09F1FF3909EA28
:1053C0000B0987EA09090146484610F0EDFDC4F3D0
:1053D00040777E420640F22010F0E1FD013F07EAEF
:1053E00009077E400146304610F0DEFDC4F38074AC
:1053F00063421840013CB5FA85F334405B094440F0
:10540000581E5B42204023F000435840BDE8F08E18
:105410007BBEAF63F2CBA24D6CAC162FA4AA521187
:10542000B72A580211FE0A0010B5202204460021B6
:1054300016F0E4FC014BE360204610BD71560100FC
:1054400010B520220446002116F0D8FC014BE36081
:10545000204610BD5954010070B5CAB00A46044632
:10546000014605A810F082FE079B187A431E082B00
:1054700000F2E680DFE813F009008C003800B80085
:10548000E400E400E400E4006200059908A810F0DC
:1054900050FA059B0BB916F03EFC06991D680EA844
:1054A00010F047FA069B002BF5D044AC07991E6814
:1054B000204610F03EFA079A02B11268664B00943B
:1054C000CDE90123294633460EAA08A810F004FFAF
:1054D00020460DF059F80EA80DF056F808A80DF06A
:1054E00053F800204AB070BD059914A810F021FAB5
:1054F000059B002BCFD006991D681AA810F019FA49
:10550000069B002BC7D044AC07991E68204610F0BC
:1055100010FA079A02B11268504B0094CDE90123AA
:10552000294633461AAA14A810F08BFF20460DF026
:105530002BF81AA80DF028F814A8D0E7059920A890
:1055400010F0F7F9059B002BA5D006991D6826A839
:1055500010F0EFF9069B002B9DD044AC07991E6814
:10556000204610F0E6F9079A02B112683C4B00940D
:10557000CDE901232946334626AA20A811F013F8C5
:1055800020460DF001F826A80CF0FEFF20A8A6E7A3
:1055900005992CA810F0CDF9059B002B3FF47BAFAB
:1055A00006991D6832A810F0C4F9069B002B3FF441
:1055B00072AF44AC07991E68204610F0BAF9079AFA
:1055C00002B11268274B0094CDE9012329463346E6
:1055D00032AA2CA811F099F820460CF0D5FF32A879
:1055E0000CF0D2FF2CA87AE7059938A810F0A1F9A1
:1055F000059B002B3FF44FAF06991D683EA810F0A5
:1056000098F9069B002B3FF446AF44AC07991E68FF
:10561000204610F08EF9079A02B11268124B0094DE
:10562000CDE90123294633463EAA38A811F024F9D2
:1056300020460CF0A9FF3EA80CF0A6FF38A84EE7C4
:105640006569F4F755FF079B08491B7A0246204617
:10565000A847012046E700BFDB600200ED600200C2
:10566000F5600200FD60020005610200071A0300F8
:1056700070B5CAB00A460446014605A810F076FD8A
:10568000079B187A431E082B00F2E680DFE813F030
:1056900009008C003800B800E400E400E400E400F5
:1056A0006200059908A810F044F9059B0BB916F0A3
:1056B00032FB06991D680EA810F03BF9069B002BE3
:1056C000F5D044AC07991E68204610F032F9079ACD
:1056D00002B11268664B0094CDE901232946334696
:1056E0000EAA08A810F0F8FD20460CF04DFF0EA8F9
:1056F0000CF04AFF08A80CF047FF00204AB070BD2C
:10570000059914A810F015F9059B002BCFD0069928
:105710001D681AA810F00DF9069B002BC7D044ACE9
:1057200007991E68204610F004F9079A02B1126822
:10573000504B0094CDE90123294633461AAA14A8F8
:1057400010F07FFE20460CF01FFF1AA80CF01CFF83
:1057500014A8D0E7059920A810F0EBF8059B002BC2
:10576000A5D006991D6826A810F0E3F8069B002B2B
:105770009DD044AC07991E68204610F0DAF8079ACD
:1057800002B112683C4B0094CDE90123294633460F
:1057900026AA20A810F007FF20460CF0F5FE26A848
:1057A0000CF0F2FE20A8A6E705992CA810F0C1F88D
:1057B000059B002B3FF47BAF06991D6832A810F0C3
:1057C000B8F8069B002B3FF472AF44AC07991E68F3
:1057D000204610F0AEF8079A02B11268274B0094E9
:1057E000CDE901232946334632AA2CA810F08DFFBB
:1057F00020460CF0C9FE32A80CF0C6FE2CA87AE7B1
:10580000059938A810F095F8059B002B3FF44FAF91
:1058100006991D683EA810F08CF8069B002B3FF4FB
:1058200046AF44AC07991E68204610F082F8079AEC
:1058300002B11268124B0094CDE901232946334688
:105840003EAA38A811F018F820460CF09DFE3EA89C
:105850000CF09AFE38A84EE76569F4F749FE079BFD
:1058600008491B7A02462046A847012046E700BFA8
:10587000A1600200B3600200BB600200C3600200CE
:10588000CB600200071A03002DE9F04FD1F8149005
:1058900085B080460C46B9F1000F01D116F03BFAF5
:1058A0000D69002DFAD000220CF040FD824668B947
:1058B0005A4B0093D8F814403623594A5949404668
:1058C000A0470124204605B0BDE8F08F0122214603
:1058D00040460CF02BFD074628B9534B0093D8F8EF
:1058E00014403823E9E70022214640460CF037FDFA
:1058F000064628B94D4B0093D8F814403A23DCE70C
:1059000023681B68022B0ED00222CDE90232484BDD
:105910000193484B0093D8F814403C23404A464931
:105920004046A047CDE763681C68012C0AD00125DA
:10593000424B0193CDE90245414B0093D8F8144006
:105940003D23EBE79AF800003B78834213D0D8F868
:105950001460F4F7CDFD05463878F4F7C9FD394BEE
:105960000193394B0093CDE902502D4A37493F232B
:105970004046B047A6E7337899F80010092B34D198
:1059800005F10C030093324605F108034046F4F795
:10599000B1FE0446002895D1DAF80C00EAF764FD60
:1059A0008046F8688946EAF75FFD02460B464046A6
:1059B0004946EAF7B1FD8046F0688946EAF754FDAA
:1059C00005F1180B02460B4640464946EAF7CEFE63
:1059D0005B4605F11402F4F797FDDAF810302B60FE
:1059E0003B696B6033692B616CE7012903D10023AC
:1059F000EB61174B04E0032905D10023EB61154B44
:105A00002B6200245EE7022904D1134BEB614FF0B7
:105A10007E53F5E76FF40003EAE700BF35FF0200AD
:105A2000391A0300B5F7020047FF0200D301030053
:105A3000BE1B0300AF01030018FA02008437030005
:105A4000D1FF02004E1403005B140300E2FF0200CA
:105A5000FFFF7F7F0000C040000080BF70B5054D94
:105A6000064604460FCD0FC495E80F0084E80F00EA
:105A7000304670BD80C902004B692DE9F0410446F3
:105A80000E460BB916F047F9D1F81080B8F1000FA7
:105A9000F8D000220CF083FD012205463146204655
:105AA0000CF07DFD0746002CECD07268636D5168E8
:105AB000204698470346287A012809D009280DD1A5
:105AC0003A462946404611F02EF90020BDE8F08103
:105AD0003A462946404611F019F8F6E76669F4F7A8
:105AE00007FD2B7A024902462046B0470120EDE728
:105AF00059FF02002DE9F0410D468CB0044608B96B
:105B000016F009F90029FBD00A68436D51689847DF
:105B10006A68636D51680646204698470546307AA4
:105B2000012840D1314668460FF003FF294606A8F8
:105B300037680FF0FEFE05B12D68009E069B9E4261
:105B4000DED10024A6420CDD214668460CF043FD60
:105B50002146804606A80CF03EFD8045D0D1013498
:105B6000F0E7052ECCBF019A01AA002301219E4235
:105B700004DD52F8230001334143F8E700238B4250
:105B800007DA57F8232002F1004245F823200133B9
:105B9000F5E706A80CF0F8FC68460CF0F5FC0020D0
:105BA0000CB0BDE8F0816569F4F7A2FC337A0349D3
:105BB00002462046A8470120F2E700BF59FF020035
:105BC00010B520220446002116F018F9014BE360BD
:105BD000204610BDF55A01002DE9F04F4E6985B001
:105BE0000D46044608B916F096F84A68436D5168A8
:105BF00098470746007A431E082B00F20D82DFE823
:105C000013F009003B017000A3010B020B020B0211
:105C10000B02D500002229462046D6E900A60CF04A
:105C2000BEFC7B684268D3F800C0181D002EB8BFC8
:105C30006644014600234FF001099E4205DD51F8FC
:105C400004EB01330EFB09F9F7E7731C01269C45B1
:105C50000BDC1346002153F804CB01228C4509DDEF
:105C600053F8040B01314243F8E750F82310013395
:105C70004E43ECE706FB09F39A42B4D13B6801932B
:105C8000002706FB0AF30093B846C24503DC002058
:105C900005B0BDE8F08F4246294620460CF07FFC57
:105CA0000028A0D00368029300233A46194689458C
:105CB00013DD029800EB830E019800EB820C0020AC
:105CC000864205DD5EF804BB4CF804BB0130F7E703
:105CD0000098013133440244E9E708F101083744F0
:105CE000D3E7002229462046D6E900A60CF057FC4F
:105CF0007B684268D3F800C0181D002EB8BF664408
:105D0000014600234FF001099E4205DD51F804EBE6
:105D100001330EFB09F9F7E7731C01269C450BDCE8
:105D20001346002153F804CB01228C4509DD53F8BA
:105D3000040B01314243F8E750F8231001334E437E
:105D4000ECE706FB09F39A427FF44DAF3B68009302
:105D5000002706FB0AF30293B846C24597DD424688
:105D6000294620460CF01BFC00283FF43CAF03689A
:105D7000019300233A461946894513DD019800EB4B
:105D8000030E009800EB020C0020864205DD1EF891
:105D900001BB0CF801BB0130F7E702980131334435
:105DA0000244E9E708F101083744D6E70022294612
:105DB0002046D6E900A60CF0F2FB7B684268D3F8D7
:105DC00000C0181D002EB8BF6644014600234FF0E6
:105DD00001099E4205DD51F804EB01330EFB09F980
:105DE000F7E7731C01269C450BDC1346002153F892
:105DF00004CB01228C4509DD53F8040B01314243E9
:105E0000F8E750F8231001334E43ECE706FB09F3A3
:105E10009A427FF4E8AE3B680193002706FB0AF341
:105E20000093B846C2457FF732AF42462946204626
:105E30000CF0B5FB00283FF4D6AE036802930023B4
:105E40003A461946894513DD029800EB030E019886
:105E500000EB020C0020864205DD1EF901BB0CF8A8
:105E600001BB0130F7E70098013133440244E9E710
:105E700008F101083744D5E7002229462046D6E933
:105E800000B60CF08CFB7B684268D3F800C0181D8C
:105E9000002EB8BF6644014600234FF001099E4220
:105EA00005DD51F804EB01330EFB09F9F7E7731C2C
:105EB00001269C450BDC1346002153F804CB01223C
:105EC0008C4509DD53F8040B01314243F8E750F8E3
:105ED000231001334E43ECE706FB09F39A427FF4AB
:105EE00082AE3B680093002706FB0BF30293B84693
:105EF000C3457FF7CCAE4246294620460CF04FFB07
:105F000000283FF470AE0368019300233A46194617
:105F1000894515DD019800EB83008246009800EB6F
:105F2000820086460020864205DD5AF804CB4EF8F2
:105F300004CB0130F7E70298013133440244E7E72C
:105F400008F101083744D3E733680093002229465B
:105F5000204676680CF023FB7B684268D3F800C0CB
:105F6000181D002EB8BF6644014600234FF00109FA
:105F70009E4205DD51F804EB01330EFB09F9F7E70A
:105F8000731C01269C450BDC1346002153F804CBFF
:105F900001228C4509DD53F8040B01314243F8E737
:105FA00050F8231001334E43ECE706FB09F39A4205
:105FB0007FF419AE3B680293009B00277343019363
:105FC000B846009B43457FF762AE424629462046CD
:105FD0000CF0E5FA00283FF406AE036803930023B3
:105FE0003A461946894513DD039800EBC30E029823
:105FF00000EBC20C0020864205DDFEE802AB01305A
:10600000ECE802ABF7E70198013133440244E9E7D9
:1060100008F101083744D4E76569F4F769FA0349E0
:1060200002462046A847012032E600BF831A03003B
:1060300010B520220446002115F0E0FE014BE3607C
:10604000204610BDD95B01002DE9F04FD1F810B00A
:106050008FB004460E46BBF1000F01D115F05BFE78
:106060000B681B68023B012B0BD9A34B00934469BF
:10607000A24AA3493123A047012528460FB0BDE815
:10608000F08F4B681D68012D0CD00126CDE902561A
:106090009C4B01939C4B00934469984A9B49322343
:1060A000A047E9E700220CF041F9804640B9984B3F
:1060B000009366693523914A91492046B047DCE751
:1060C0002A46314620460CF031F9824620B9914BE0
:1060D000009366693723EEE733681B68032B15D1FD
:1060E0000222314620460CF021F9074631460022B3
:1060F00020460CF034F9064650B9874B0093656989
:106100003B237E4A7E492046A847B5E70027EDE7B6
:1061100098F80030027893420CD0CDE902327F4BE0
:1061200001937F4B009365693D23744A774920466C
:10613000A847A1E7D8F808201268052A04DD794BA2
:10614000009365694023DCE7002F31D03A78934211
:1061500008D0CDE90232744B0193714B009365690D
:106160004423E2E7D7F808C000205CF804EB0122E2
:10617000034686450ADD5CF8045BE917514305FBDD
:106180000311A2FB05230B440130F2E7511E194312
:106190000ED0CDE902235B4B01930125634B0093A5
:1061A00004956669554A594946232046B04764E735
:1061B000514608A80CF049FA08A80CF0B8FAB368E0
:1061C0001D6881466D0008A80CF0DEF9A94519D0BC
:1061D000514608A865690CF038FA08A80CF0A7FA2F
:1061E000B368464A1B6849495B00CDE90203504B3E
:1061F0000193504B009320464A23A84708A80CF06F
:10620000C3F939E79AF81450012D04D04A4B009392
:106210006569502375E7B168DAF8049051F8043BDA
:10622000079309F1040C0023079A9A421DDDD8F860
:10623000082059F833E051F8040B02EB830252684E
:1062400096445CF83320724490420CD03B4B01934F
:10625000CDE902023A4B009366695623274A2B493F
:106260002046B04709E70133DEE7022351468BF8A9
:10627000303008A80CF0E9F908A80CF058FA82466A
:1062800008A80CF081F9BAF1080F0ED1D9F8003046
:106290005BB9D9F8043043B9D9F818302BB9D9F81B
:1062A0001C3013B901238BF83030D8F808301B6844
:1062B0005AB2591E8BF800208BF818200BEB830381
:1062C00009F10400002908DB59F8312043F80429BA
:1062D00050F83120DA610139F4E798F80030092BE1
:1062E00071D0032B65D00025C7E6FF2B5DDD154B74
:1062F000009366697123DEE6F11A0300A71A030012
:10630000B5F7020084370300D1FF020018FA02003B
:10631000CCFE02001E1B0300D3010300F83D030066
:10632000103E0300321B0300761B03008C1B03008E
:10633000A91B0300C01B0300E41B0300FF1B030099
:106340000C1C0300581C03007F2B2EDD234B0093F5
:1063500066697623AFE633693A69934208D0CDE99E
:1063600002321F4B01931F4B009366697C2375E734
:10637000D6F80C80FF6840463946EAF781FEA0B99E
:106380003846EAF771F8CDE904014046EAF76CF8BF
:10639000154B0193CDE90201144B00936669144A31
:1063A00014497E232046B04767E63369CBF8343082
:1063B00099E7002FCFD13369002B96DA0E4B00936B
:1063C00066696F2377E6002FC5D1336913F1800F1B
:1063D000BADA0A4B0093666974236CE6D91C030091
:1063E000191D0300ED1903003C1D03006F1D030080
:1063F000A71A030018FA0200171C0300991C0300D7
:1064000070B5054D064604460FCD0FC495E80F0044
:1064100084E80F00304670BDA0C902002DE9F041AC
:106420000F6990B080460C460FB915F074FC00223D
:106430000CF0B5F823681B68032B054640F09E80DE
:106440000222214640460CF0AAF80646B8F1000F99
:10645000EBD06268D8F854305168404698470446FB
:10646000287A431E082B7FD8DFE803F00564297ED5
:106470007E7E7E7E460006B333681B680393294602
:1064800004A80FF056FA21460AA82D680FF051FA19
:1064900004B1246801940AAB00932A4603AB04A913
:1064A000384610F0D3FD0AA80CF06EF804A80CF0E2
:1064B0006BF8002010B0BDE8F0810023DEE7C6B91C
:1064C00097F834308DF80C30294604A80FF031FAD3
:1064D00021460AA82D680FF02CFA04B12468019413
:1064E0000AAB00932A4603AB04A9384610F087FE96
:1064F000D9E733681B78E5E7C6B997F934308DF8EA
:106500000C30294604A80FF014FA21460AA82D6879
:106510000FF00FFA04B1246801940AAB00932A46E5
:1065200003AB04A9384610F043FFBCE7336893F986
:106530000030E4E70EB133681E680396294604A8CC
:106540000FF0F7F92E680AAD214628460FF0F1F951
:1065500004B124683846CDE9005403AB324604A99F
:1065600010F09BFC28469FE7D8F81440F3F7C0FFD3
:10657000034902464046A04701209BE7002665E705
:10658000991D03002DE9F3414F6904460D460FB9EB
:1065900015F0C1FBD1F81080B8F1000FF8D0174BFF
:1065A0001A680BF0FCFF164B06461A68294620466F
:1065B0000CF003F80246307A01280AD0092814D0DA
:1065C0006569F3F795FF0F4902462046A847012069
:1065D00008E0CDE9006243463A462946204611F0DC
:1065E000B1F9002002B0BDE8F081CDE90062434678
:1065F0003A462946204611F096FAF2E7C0DC02003E
:10660000C4DC0200C11D03002DE9F3414F690446BB
:106610000D460FB915F07FFBD1F81080B8F1000FCF
:10662000F8D0174B1A680BF0BAFF164B06461A68DB
:10663000294620460BF0C1FF0246307A01280AD0D5
:10664000092814D06569F3F753FF0F490246204625
:10665000A847012008E0CDE9006243463A462946B2
:10666000204611F055FB002002B0BDE8F081CDE9D5
:10667000006243463A462946204611F07CFBF2E789
:10668000C0DC0200C4DC0200EA1D030070B5054D49
:10669000064604460FCD0FC495E80F0084E80F00AE
:1066A000304670BDC0C9020070B5054D06460446AF
:1066B0000FCD0FC495E80F0084E80F00304670BD81
:1066C000E0C902002DE9F743D1F8149005460E46C3
:1066D000B9F1000F01D115F01EFB0C69002CFAD0A6
:1066E00000220BF023FE804660B9274B6C690093B3
:1066F0003A23264A26492846A0470126304603B0B9
:10670000BDE8F0830022314628460BF028FE0746FC
:1067100020B9204B00936C693C23EAE703460094C0
:1067200042464946284611F0D2F806460028E5D1EF
:1067300098F80030012B18D199F81430012B03D1AF
:106740000023A361144B04E0032B04D10023A361B5
:10675000124BE361D2E7022B04D1114BA3614FF03E
:106760007E53F6E76FF40003EBE7092BC6D104F183
:10677000140399F8141000933A4604F110032846C4
:10678000F3F7B8FFBAE700BFCCFE02000B1E030010
:10679000B5F70200D3010300FFFF7F7F0000C04078
:1067A000000080BF2DE9F04F0C6985B006460D460C
:1067B0000CB915F0B0FA00220BF0B8FD834658B9B9
:1067C000314B0093746962233046304A3049A04708
:1067D000012005B0BDE8F08F0122294630460BF0BC
:1067E000A5FD824620B92B4B009374696423EBE727
:1067F0002946002230460BF0B2FD054620B9264B53
:10680000009374696623DFE70378092B03D003F054
:10681000FB03032B36D1DBF80C00E9F725FE064617
:10682000E8680F46E9F720FE8046DAF80C00894652
:10683000E9F71AFE32463B46E9F76EFE42464B4602
:10684000E9F794FF4246CDE902014B46304639460E
:10685000E9F78CFF04F1100304F10C02F3F754FE86
:1068600004F11803DDE9020104F11402F3F74CFE10
:10687000DBF810305B422360DAF810305B42636073
:106880002B69A3600020A4E7CCFE0200601E030079
:10689000B5F70200AC1E0300D301030070B5054D2F
:1068A000064604460FCD0FC495E80F0084E80F009C
:1068B000304670BD00CA02002DE9F041D1F81080C9
:1068C000AEB007460C46B8F1000F01D115F023FA1F
:1068D00000220BF064FE01220646214638460BF0EA
:1068E0005EFE0546002FF1D062687B6D5168384628
:1068F00098470446307A03282BD009284DD0012828
:106900006FD1314604A80FF014F829460AA836685A
:106910000FF00FF8002DD9D02F6828AD214628465A
:106920000FF007F804B124683B460AAA314604A8D0
:10693000CDE9005411F05BFA28460BF025FE0AA8B9
:106940000BF022FE04A80BF01FFE00202EB0BDE8C5
:10695000F081314610A80EF0ECFF294616A83668E3
:106960000EF0E7FF002DB1D02F6828AD2146284654
:106970000EF0DFFF04B12468009716AB324610A971
:106980004046CDE9015411F0A7FA28460BF0FCFD72
:1069900016A80BF0F9FD10A8D5E731461CA80EF09B
:1069A000C8FF294622A836680EF0C3FF002D8DD0FF
:1069B0002F6828AD214628460EF0BBFF04B124689D
:1069C000009722AB32461CA94046CDE9015411F094
:1069D00009FB28460BF0D8FD22A80BF0D5FD1CA81A
:1069E000B1E77C69F3F784FD024902463846A047C7
:1069F0000120ABE7BD1E030070B5054D06460446F9
:106A00000FCD0FC495E80F0084E80F00304670BD2D
:106A100020CA02002DE9FF47D1F8108004460F4636
:106A2000B8F1000F01D115F076F90B681D68012D42
:106A30000DD00126534B0193CDE90256524B0093E2
:106A40004469524A52492123A04735460EE04B681B
:106A50001E68012E0ED04B4B0193CDE902654D4BC4
:106A600000934469494A4A492223A047284604B072
:106A7000BDE8F08700220BF059FC814640B9464B37
:106A8000009365692523414A44492046A847DCE72D
:106A90003946002220460BF062FC074620B9404BE5
:106AA000009365692723EEE790F83050012D0CD054
:106AB000CDE902563B4B01933B4B00936569334A4A
:106AC00033492B232046A847BFE7436B43B9374BD5
:106AD000009366692F232D4A30492046B047C5E709
:106AE0001B6823B9324B009366693023F3E71B68B8
:106AF000012B04D02F4B009366693123EBE799F803
:106B0000003003F0F702012A06D0072B04D02A4BED
:106B1000009366693323DEE73978092904D84FF4F6
:106B20002172CA40D20704D4244B009366693623ED
:106B3000D1E7072B01D0092B16D1D9F80C00E9F7C2
:106B400093FC0446F8680D46E9F78EFC08F1140A38
:106B500002460B4608F1100620462946E9F706FED4
:106B600053463246F3F7D0FC3B69F868C8F800306A
:106B7000E9F77AFCD9F81030C8F81830C8E90201F2
:106B8000002573E784370300AF010300F71E0300FD
:106B900018FA0200D1FF0200CCFE0200B5F7020095
:106BA000D301030032FA02004D1F03007FFA0200F6
:106BB00093FA0200671F03008D1F0300E81F030004
:106BC0002DE9F04F0C698FB007460D460CB915F052
:106BD000A2F80028FBD00A68436D516898476A689C
:106BE0007B6D516806463846984796F80880B8F19C
:106BF000010F054640F08D80037A072B36D0092B14
:106C000076D1314602A80EF094FE294608A8D6F89F
:106C100000800EF08EFE08A902A80BF0EDFC2D6896
:106C2000D4F80090D4E90267824600246FF07F0B0D
:106C3000A24554DD39463046E9F730FF014658F8A1
:106C40002400EAF73DF9E9F70FFC06F029FFE9F720
:106C500025FFEAF747FA00EB09037F2BA8BF7F2344
:106C60005B45B8BF5B462B550134E1E7314602A8CE
:106C70000EF05FFE33680193294608A80EF059FE16
:106C800008A902A80BF0B8FC2D68DFF864B2D4F8AC
:106C90000090D4E902678246002447F6FF78A245B7
:106CA0001DDD39463046E9F7F9FE019B014653F8F0
:106CB0002400EAF705F9E9F7D7FB06F0F1FEE9F75A
:106CC000EDFEEAF70FFA00EB09034345A8BF434680
:106CD0005B45B8BF5B4625F814300134DFE708A8F0
:106CE0000BF052FC02A80BF04FFC4FF000080CE038
:106CF00040467E69F3F7FCFB0446287AF3F7F8FB7D
:106D00007C49034622463846B04740460FB0BDE8AE
:106D1000F08FB8F1070F63D170680AF0FEFE2B7A8E
:106D2000072B80463AD0092B18D0022B40F0C180A7
:106D30002D68D6F800A0A7692668D4E9049B002432
:106D4000A045D2DD3AF914005A464946C01BFDF76A
:106D5000CBFE304445F824000134F1E72D68D6F825
:106D600000A0D4F818902768D4E9041B6FF07F06C0
:106D70000024A045B9DD3AF9140001915A46A0EB70
:106D80000900FDF7B1FE3844B042B8BF30467F2855
:106D9000A8BF7F20285501990134EAE72D68D6F86D
:106DA00000A0D4F818902768D4E9041B47F6FF76B2
:106DB0000024A04599DD3AF9140001915A46A0EB50
:106DC0000900FDF791FE4A4B019938449842B8BF3B
:106DD0001846B042A8BF304625F814000134E8E751
:106DE000B8F1090F76D170680AF097FE2B7A072B5D
:106DF00080463BD0092B18D0022B5AD12D68D6F8EB
:106E000000A0A7692668D4E9049B0024A0457FF769
:106E10006CAF1AF904005A464946C01BFDF764FEE0
:106E2000304445F824000134F0E72D68D6F800A07E
:106E3000D4F818902768D4E9041B6FF07F0600246B
:106E4000A0457FF752AF1AF9040001915A46A0EB12
:106E50000900FDF749FE3844B042B8BF30467F28EC
:106E6000A8BF7F20285501990134E9E72D68D6F89D
:106E700000A0D4F818902768D4E9041B47F6FF76E1
:106E80000024A0457FF731AF1AF9040001915A465A
:106E9000A0EB0900FDF728FE154B019938449842F4
:106EA000B8BF1846B042A8BF304625F814000134D8
:106EB000E7E7307AD7F81480F3F71AFB0446287A0C
:106EC000F3F716FB0B49034622463846C0474FF0FE
:106ED00001081AE740467E69F3F70AFB0446287A60
:106EE000F3F706FB0349034622463846B047EEE770
:106EF0000080FFFFB20C03002DE9F0430E4685B081
:106F0000002205460BF012FA3368D3F80080B8F17E
:106F1000020F074610D00223CDE90283304B0193C4
:106F2000304B00936C693E232F4A30492846A047D6
:106F3000012005B0BDE8F08373681C68012C09D0FE
:106F400001262B4B0193CDE902462A4B00936C6935
:106F50003F23E9E72246314628460BF0E7F940B9DE
:106F6000254B00936E69204A244943232846B047A5
:106F7000DEE70078022812D06F69F3F7B9FA064607
:106F80004046F3F7B5FA1E4B01931E4B0093CDE933
:106F90000260154A1C4944232846B847C8E73B7895
:106FA000092B1BD1002231462846D6F810800BF061
:106FB000D6F90646F868E9F757FA0446F0680D4630
:106FC000E9F752FA08F1040902460B462046294621
:106FD000E9F7CCFB4B464246F3F796FA0020A8E7C8
:106FE000BE1B0300912003004420030018FA020096
:106FF0008437030000080300A4200300B5F7020053
:10700000372003004E090300E2FF020070B5054D72
:10701000064604460FCD0FC495E80F0084E80F0024
:10702000304670BD40CA020070B5054D06460446A4
:107030000FCD0FC495E80F0084E80F00304670BDF7
:1070400060CA02002DE9F04F00228BB004460D46C5
:107050000BF0A5FA01220746294620460BF09FFABD
:1070600000228246294620460BF0A7FA0646387AC7
:10707000337A834214D06769F3F73AFA0546307AD7
:10708000F3F736FA964B0193964B0093CDE90250F5
:10709000954A964940F22F132046B84701253FE014
:1070A000DAF80400D5F810900AF037FD636CD9F8CF
:1070B0000810834620469847636CD9F80C10804628
:1070C000204698473D7A0690012D06D0092D60D0C4
:1070D0006369874920469847E0E7D6F80490504610
:1070E00059F8043B07930BF0B8FF2B4601460020EC
:1070F000079A824218DCD7E90090D6F800A007680A
:1071000052460AEB83036FF40006934217D1061D23
:10711000324600239F4217DD52F8040B90B9002538
:1071200028460BB0BDE8F08F59F8042B22B1A2FB22
:1071300003CEBEF1000F22D153430130D8E742F80D
:10714000046BE2E70133E5E70023099309AB019300
:107150005A46069B00933846D31711F00BF970B1CD
:10716000644BCDF80CA0CDE90183099B00933A460E
:10717000069B3146484611F0C5F80028CFD15E4B3A
:1071800000936669584A5D494FF49E732046B047A4
:10719000C6E7D9F81450D9F81C1007912846E9F72A
:1071A0006FFF0799A8B90846E9F75EF9CDE9040130
:1071B0002846E9F759F9524B0193CDE90201514BA9
:1071C00000936569484A50494FF4A5732046A84783
:1071D00064E7D9F81030D9F8182093420DD0CDE9E2
:1071E00002324A4B01934A4B009365693E4A464935
:1071F0004FF4A6732046A84750E750460BF02DFFEA
:10720000756855F8049B014600220123914515DC61
:10721000D7E900A0D6F8009007684A464B4480257D
:107220009A4216D1061D324600239F4214DD52F8C1
:10723000040B00283FF473AF0133F6E755F8040B55
:1072400020B1A0FB03ECBCF1000F3ED1434301325F
:10725000DCE702F8015BE3E709AB01935A46069BC2
:1072600000930025D3173846099511F083F860B3D1
:10727000099C2B46AF4224DC4FF0000B0023424612
:107280003146CDF800B0384610F074FF069B0093ED
:107290000546234642463146384610F06BFF1AF940
:1072A000053019F900209342B8BF134609F80030A1
:1072B00042463146384610F03CFF05460028DDD1F5
:1072C0002EE748F825300135D4E7124B0093656965
:1072D000054A0A4940F24D132046A847DEE600BFA2
:1072E000F83D0300103E030044200300E2FF0200CB
:1072F000952403000D810200B4200300B5F70200BD
:10730000642203008F22030018FA0200B92203004E
:10731000CC220300DE2203002DE9F04F00229FB0B3
:107320000C4682460BF03BF90122064621465046A8
:107330000BF035F900222146814650460BF03DF90D
:107340000546D9F80400D4E904B80AF0E6FB079032
:1073500048460BF082FE07990FAA11F094F977685E
:107360003B680893042B23D19DF93C30022B1FD19D
:10737000BDF93E30012B15D1BDF94030022B14BFB1
:1073800000230123347A621E082A00F21985DFE8FF
:1073900012F01100170599031705170517052502A7
:1073A00017059F00022B03D1BDF94030012BE6E702
:1073B0000023E7E798F80020D2B1CBB1314612A8FC
:1073C0000EF0B7FA294618A834680EF0B2FA05B1E3
:1073D0002D6800950FA818AB224612A911F06AF982
:1073E00018A80BF0D1F812A80BF0CEF800246BE02F
:1073F000C5B1D5F800806D6848460BF02EFE55F8F3
:1074000004BB01460022012393450DDC32680A9239
:1074100008EB830BC146434600225B450ED043F880
:10742000042BFAE7A846E6E755F8040BA0FB03ECAB
:10743000BCF1000F3FD143430132E5E7079A0898BA
:107440000EAB12AE002501930096D3170E9510F0E7
:1074500091FF80B3AB4B029318AB043701930E9BA3
:107460000093089A0A98CDF80C803346394610F0FC
:1074700049FF00B30E9A4FF00108AA420ADD56F800
:10748000043B57F82330A8FB0301A1B903FB08F81C
:107490000135F2E7B8F1000FA8D0CB45A6D04046A1
:1074A000E9F702FCD9F8004001462046E9F708FD5B
:1074B00049F8040BF1E7944B0093DAF81450934A1F
:1074C0009349AA235046A84720461FB0BDE8F08F35
:1074D00098F80020FAB1F3B1314612A818ACDBE9F4
:1074E00000780EF026FA294620463668DBF8109020
:1074F0000EF01FFA05B12D68DBF818300096CDE9C3
:107500000353CDE9019412AB424639460FA811F05E
:1075100066F9204665E7DBF81020DBF81830DAF86A
:107520004440DBF808709A4278D1DBF81C10DBF895
:107530001400E9F7A5FD002870D039465046A04751
:107540000746D5B1D5F800806C6848460BF085FD3C
:1075500054F804BB0146002301259B450FDCD6E906
:1075600000960023D6F800B01A469D4210D008F8C5
:10757000032047F823200133F7E7A846E4E754F84F
:10758000042BA2FB05C000283DD155430133E4E79D
:107590000E92079A0EAB12AC01930094D317584683
:1075A00010F0E8FE78B35B4B029318AB04360193FE
:1075B0000E9B0093039723465A463146484610F0E7
:1075C00069FE00B30E9823460022012490420BDD91
:1075D00053F8041B56F82110A4FB01ECBCF1000F7A
:1075E00011D14C430132F1E7002C3FF46DAF002381
:1075F0009D423FF4FBAE57F8232092FBF4F208F8CB
:1076000003200133F4E7444B0093DAF81440C2231B
:107610003E4A3F495046A047012455E73946504667
:10762000A047804665B32B68089348460BF015FDCC
:107630006C6854F8045B014600234FF001099D4239
:1076400020DC33680D93DBF8103075680A93DBF8A3
:1076500014300B93DBF818300C932E68DBF81CB059
:1076600000231A46994518D104352A4600239E4224
:1076700019DD52F8040B00283FF4B8AE0133F6E7E9
:107680000895D2E754F8042BA2FB0970002840F0BB
:107690009F8002FB09F90133D1E70898C25448F8EA
:1076A00023200133DEE7079A0EAB12AF00240193CB
:1076B0000097D31730460E9410F05CFE002800F0BF
:1076C0008780144B029318AB01930E9B00930D9887
:1076D000CDF80C803B463246294610F0DBFD0028F1
:1076E00076D00E9923460124994217DD57F8042BD2
:1076F00055F82220A4FB0260002869D154430133CD
:10770000F2E700BF1F810200C124030044200300F0
:10771000B5F70200278102000B260300002C3FF47E
:10772000D3AE59460B98E9F7CBFB0A9B0646584265
:10773000E9F7BEFA3146E9F70FFB089D05EB0903AF
:10774000DFF8BC9207930746A8F104084FF0434ABC
:10775000079BAB423FF44AAE58F8040FE9F7A8FA8A
:1077600083462046E9F7A0FA01465846E9F7A8FB08
:107770003146E9F7F1FA3946E9F7E6F9E8F774FE38
:1077800006F08EF902460B460C98CDE90823E9F77E
:107790008FFADDE90823834619461046E9F77EF99A
:1077A00001465846E9F7D0F949468346E9F790FC87
:1077B00050B951465846E9F76DFC38B95846E9F7D3
:1077C00091FC05F8010BC3E7CB46F7E7D346F5E795
:1077D0008C4B0093DAF81440CD2319E798F8002079
:1077E000F2B1EBB1314612A818ACDBE900780EF02B
:1077F000A0F8294620463668DBF810900EF099F87C
:1078000005B12D68DBF818300096CDE90353CDE9BA
:10781000019412AB424639460FA811F082F878E67F
:10782000DBF81020DBF81830DAF84440DBF8087099
:107830009A4272D1DBF81C10DBF81400E9F720FC47
:1078400000286AD039465046A0470746D5B1D5F83A
:1078500000806C6848460BF000FC54F804BB0146FD
:10786000002301259B450FDCD6E900960023D6F8BE
:1078700000B01A469D4210D028F8132047F8232064
:107880000133F7E7A846E4E754F8042BA2FB05C050
:1078900000283CD155430133E4E70E92079A0EAB22
:1078A00012AC01930094D317584610F063FD70B3E7
:1078B000554B029318AB043601930E9B009303972C
:1078C00023465A463146484610F0ACFCF8B10E98B3
:1078D0000023012298420BDD54F8041B56F82110B6
:1078E000A2FB01ECBCF1000F11D14A430133F1E7D7
:1078F000002A3FF47BAD00239D423FF477AD57F85B
:10790000231091FBF2F128F813100133F4E73F4BF9
:107910000093DAF81440E6237AE639465046A04749
:107920000A9055B32B68089348460BF096FB6D6898
:1079300055F8047B0146002301249F421FDC336875
:107940000D937668DBF810300B93DBF81830DBF81A
:1079500014900C933768DBF81CB000231A469C4245
:1079600017D10436324600239F421ADD52F8040B29
:1079700000283FF43BAD0133F6E70895D4E755F80E
:10798000042BA2FB04C0002840F09680544301332E
:10799000D3E7089820F813200A9840F823200133F1
:1079A000DDE7079A0EAB0DF1480800250193CDF8ED
:1079B0000080D31738460E9510F0DCFC00287BD0F1
:1079C0000A9B0393104B029318AB01930E9B0093F9
:1079D0000D9843463A46314610F024FC00286BD0FF
:1079E0000E992B460125994212DD58F8042B56F8C2
:1079F0002220A5FB027000285ED155430133F2E737
:107A00000000FE42372703002B810200CC28030030
:107A1000002D3FF4EBAC59464846E9F751FA0B9B71
:107A2000DFF870A206465842E9F742F93146E9F715
:107A300093F9002707904FF0474BBC423FF4D6AC78
:107A40000A9B53F82700E9F733F980462846E9F7FF
:107A50002BF901464046E9F733FA3146E9F77CF95C
:107A60000799E9F771F8E8F7FFFC06F019F8804686
:107A70000C988946E9F71CF949460B904046E9F70E
:107A80000DF80B9A01461046E9F75EF8514680461C
:107A9000E9F71EFB60B959464046E9F7FBFA48B9D9
:107AA0004046E9F71FFB089B23F817000137C4E79E
:107AB000D046F5E7D846F3E7774B0093DAF8144061
:107AC000F223A5E598F800200AB303B3314612A8C3
:107AD00018AC0DF02EFF294620463668DBF81070F2
:107AE000DBF814800DF025FF05B12D68DBF81C30A4
:107AF0000493DBF818300194CDE90253CDF80080EF
:107B00003B46324612A90FA810F061FC01E5DBF8F4
:107B10001020DBF81830DAF84440DBF808709A429D
:107B200073D1DBF81C10DBF81400E9F7A9FA002880
:107B30006BD039465046A0470746D5B1D5F80080EE
:107B40006C6848460BF089FA54F804BB01460023E0
:107B500001259B450FDCD6E900960023D6F800B03E
:107B60001A469D4210D008F8032047F8232001331D
:107B7000F7E7A846E4E754F8042BA2FB05C0002869
:107B80003CD155430133E4E70E92079A0EAB12AC99
:107B900001930094D317584610F0ECFB70B33F4BA1
:107BA000029318AB043601930E9B00930397234670
:107BB0005A463146484610F0FDFAF8B10E980023B7
:107BC000012298420BDD54F8041B56F82110A2FB49
:107BD00001ECBCF1000F11D14A430133F1E7002A57
:107BE0003FF404AC00239D423FF400AC57F823104F
:107BF000B1FBF2F108F803100133F4E7284B0093CE
:107C0000DAF8144040F20B1302E539465046A0471B
:107C1000804665B32B68089348460BF01EFA6C68E3
:107C200054F8045B014600234FF001099D4220DC1B
:107C300033680D93DBF8103075680A93DBF8143065
:107C40000B93DBF818300C932E68DBF81CB0002384
:107C50001A46994518D104352A4600239E4221DD53
:107C600052F8040B00283FF4C1AB0133F6E7089546
:107C7000D2E754F8042BA2FB0970002840F0998049
:107C800002FB09F90133D1E70898C25448F82320D0
:107C90000133DEE700FEFF46F92903002F810200D1
:107CA000902B0300079A0EAB12AF002401930097AC
:107CB000D31730460E9410F05DFB002879D0434B6B
:107CC000029318AB01930E9B00930D98CDF80C8096
:107CD0003B463246294610F06DFA002869D00E99CD
:107CE0002346012499420ADD57F8042B55F8222037
:107CF000A4FB026000285CD154430133F2E7002C5E
:107D00003FF474AB59460B98E9F7DAF80A9B06463C
:107D10005842E8F7CDFF3146E9F71EF8089D05EB1C
:107D20000903DFF8AC9007930746A8F104084FF069
:107D3000000A079B9D423FF459AB58F8040FE8F73F
:107D4000B3FF83462046E8F7AFFF01465846E9F700
:107D5000B7F83146E9F700F83946E8F7F5FEE8F7F5
:107D600083FB05F09DFE02460B460C98CDE90823E7
:107D7000E8F79EFFDDE90823834619461046E8F739
:107D80008DFE01465846E8F7DFFE49468346E9F78F
:107D90009FF950B951465846E9F77CF938B9584629
:107DA000E9F7C6F905F8010BC3E7CB46F7E7D34679
:107DB000F5E7084B0093DAF8144040F2171327E474
:107DC000DAF8143004495046984725E42F81020020
:107DD00000007F43BD2C0300542E03002DE9FF411A
:107DE0000022044688460AF0A1FA074658B9404BDB
:107DF0006569009323233F4A3F492046A847012055
:107E000004B0BDE8F0810022414620460AF0A7FAFE
:107E1000064620B9394B009365692523EBE7BB681B
:107E200053F8040B00220125904205DD53F8041B92
:107E30000132A5FB0151F7E7D8F80030B2681B68A2
:107E4000012B05D11368012B02D1536803B91360CC
:107E5000944600205CF8048B4FF0FF3101238045ED
:107E60001ADD5CF804EBBEF1FF3F0FD1B1F1FF3F2B
:107E700010D0234B0193CDE9021E224B656900937C
:107E80003A231C4A20492046A847B8E70EFB03F3D3
:107E90000130E4E70146FBE7481C1FBF02EB81020B
:107EA00095FBF3F05060434332783878824212D029
:107EB0006769F2F71DFB05463078F2F719FB134BA3
:107EC0000193134B0093CDE902500A4A114945230F
:107ED0002046B84793E7AB4208D0CDE902530E4B9A
:107EE00001930E4B009365694623CAE7002087E79C
:107EF000CCFE0200E12E0300B5F70200D30103001F
:107F00002F2F0300322F030018FA0200F83D030060
:107F1000103E0300E2FF02003E2F0300522F030039
:107F20000B68F0B51B68013B012B85B005460C467C
:107F300009D9194B00934469184A19494B23A047A2
:107F4000012005B0F0BD4B681E68012E0CD0012445
:107F5000CDE90264134B0193134B009345690F4A1B
:107F600012494C23A847EBE7FFF738FF0028E8D079
:107F7000214628466F69FFF731FF0023CDE9020350
:107F80000B4B01930B4B00932846044A07494D23A2
:107F9000B8473046D5E700BF652F0300E12E030048
:107FA000B5F7020084370300D1FF020018FA02007F
:107FB000922F03009C2F030070B5054D0646044622
:107FC0000FCD0FC495E80F0084E80F00304670BD58
:107FD00080CA02002DE9FF470B68D3F800A0BAF170
:107FE000020F05460E4610D00223CDE902A3394BFD
:107FF0000193394B009344692123384A3849A047FB
:108000000124204604B0BDE8F0874B681C68012CB1
:1080100009D00126334B0193CDE90246324B009340
:1080200044692223E9E700220AF080F922468146CA
:10803000314628460AF07AF900220746314628469A
:108040000AF08DF9D9F808301B68042B0DD00422F2
:10805000CDE90232254B01936E69254B009328230D
:108060001E4A1F492846B047CBE7BB68D3F80080BB
:10807000B8F1010F08D01B4B01931E4B0093CDE9C3
:1080800002846E692923EBE73B78022B0BD0CDE904
:10809000023A194B0193194B00936C690F4A10492E
:1080A0002B232846ABE73C7D99F800300370012C68
:1080B00004D06B69124928469847A1E77269537842
:1080C00033B1137823B16B690E492846984798E776
:1080D0001C4696E7BE1B0300AF010300B92F030047
:1080E00018FA020084370300D1FF0200DF170300F3
:1080F0003F0A03000F300300372003002330030042
:108100002E300300AB30030070B5054D0646044623
:108110000FCD0FC495E80F0084E80F00304670BD06
:10812000A0CA02002DE9F04F1C46B3B04378069078
:10813000DDE93C560B921BB103780BB113F0EBFD5C
:108140000B68042BFADC2368042BF7DC3368042B60
:10815000F4DC0A460123042120A80AF0F8FA0123DE
:108160002246042126A80AF0F2FA0123324604210D
:108170002CA80AF0ECFA002319462CAA20A80CF02F
:108180009EFB0121169020A80AF025FA02210C90EE
:1081900020A80AF020FA032319460D902CAA20A843
:1081A0000CF08DFB0021179026A80AF014FA012884
:1081B0000146C3D126A80AF00EFA0128BED1022139
:1081C00026A80AF008FA01280446B7D1032126A8F8
:1081D0000AF001FA0228B1D1002633463246314670
:1081E000009626A80AF0ECFA55F82030049332469F
:1081F00033463146009426A80AF0E2FA55F82030BA
:1082000005930C9B0C990D989A02049B03EBD37376
:108210005B1003EB8123049993FBF1F3059913930E
:1082200001EBD171491001EB8021059891FBF0F130
:10823000129106990D9B09789B02B1B1049901290D
:1082400007DD0139A2F5806202EB610292FBF1F2D7
:108250001392059A012A08DD059AA3F58063013A75
:1082600003EB620393FBF2F312930026169B9E42EC
:1082700080F2DC804FF0000A049B9A4580F2D480A3
:108280001CAB02931BAB0193069A13991AAB009394
:1082900052780C9B504610F041FC0025059B9D42F6
:1082A00080F2BF801FAB02931EAB0193069A129916
:1082B0001DAB009352780D9B284610F02FFC1B9BA2
:1082C00009931E9B0A93099A1A9BA3EB82220E9292
:1082D000099AC3EB822303F580631D9A0F930A9BCF
:1082E000C2EB832303F580630793DB1714931C9B76
:1082F00010931F9B11930A9BA2EB83230893DB1718
:1083000015930027179B9F4280F28980DDE909239E
:108310003146009720A80AF053FA0B9B149A13F9E0
:1083200000900F9B009789FB039309FB02F8079AC3
:1083300002FB0388A9FB0239199308EB0903109A81
:10834000189331460A9B20A80AF03AFA0B9B149A1C
:1083500013F900800E9B009788FB038308FB02FB48
:10836000079A02FB03B3A8FB028B9B44099A119B5B
:10837000314620A80AF024FA0B9B159A13F90090B5
:108380000F9B009789FB039309FB02F4089A02FBF9
:108390000343A9FB02941C443146DDE9102320A8C5
:1083A0000AF00EFA0B9B1B560E9A0898009783FB57
:1083B0000231159A5A4300FB0122A3FB00131A4411
:1083C000199B189813EB080340EB0B0813EB0909F2
:1083D00044EB080811EB090942EB0808B9F1010F59
:1083E00078F10003B4BF174C4FF400242B465246DB
:1083F00031462CA8B4BF4FF0FF3B4FF0000B0AF002
:10840000DFF914EB09044BEB0808B8F1000F01DAAF
:108410000D4BE4183E9B240D1C54013772E70135C7
:108420003CE70AF1010A27E701361FE72CA80AF00A
:10843000ABF826A80AF0A8F820A80AF0A5F833B0EF
:10844000BDE8F08F0000F8FFFFFF0F002DE9F041BD
:108450000022A4B0D1F8148004460F460AF09FF819
:1084600001220646394620460AF099F805460CB91D
:1084700013F051FC7A68636D516820469847027A80
:10848000012A074631D198F800308DF81030314676
:1084900098F801308DF8113006A80DF04AFA002E38
:1084A000E6D029460CA836680DF043FA002DDFD03F
:1084B0001EAC394620462D680DF03BFA3B6800950E
:1084C000324606A9CDE9014304A80CAB10F04CFBE1
:1084D00020460AF059F80CA80AF056F806A80AF047
:1084E00053F8002024B0BDE8F081092A2CD198F877
:1084F00000308DF81430314698F801308DF8153081
:1085000012A80DF016FA002EB2D0294618A8366827
:108510000DF00FFA002DABD01EAC394620462D6869
:108520000DF007FA3B680095324612A9CDE90143E8
:1085300005A818ABFFF7F6FD20460AF025F818A8A5
:108540000AF022F812A8CAE7204663690149984751
:108550000120C7E7E73003002DE9F0430B68D3F8AB
:108560000090B9F1020F85B005460C4610D00223E9
:10857000CDE902933A4B01933A4B009344693A4A4E
:108580003A492323A0470124204605B0BDE8F083E3
:108590004B681E68012E0CD00124CDE90264344BD7
:1085A0000193344B009345692F4A30492423A8474F
:1085B000EAE7002209F0BAFE324680462146284604
:1085C00009F0B4FE002207462146284609F0C7FEFE
:1085D000D8F808301B68042B0CD00422CDE90232F5
:1085E000254B0193254B00936C692C231E4A1F4990
:1085F0002846C7E7BA681468012C08D01C4B0193C1
:10860000CDE902461E4B00936C692D23EEE73B78C3
:10861000022B0CD0CDE902391A4B01931A4B00936F
:108620006E692E23104A11492846B047ACE75268BC
:10863000022A08D0CDE90223094B0193134B009382
:108640006E692F23EEE798F8003003703B7D012B15
:1086500004D06B690E492846984795E7002493E7B4
:10866000BE1B0300AF0103001231030018FA020021
:1086700084370300D1FF0200DF1703003F0A030025
:108680000F30030037200300233003007031030054
:108690008431030070B5054D064604460FCD0FC466
:1086A00095E80F0084E80F00304670BDC0CA020094
:1086B0002DE9F0430022B1B0D1F8149080460E4667
:1086C00009F06DFF012205463146404609F067FF7B
:1086D0000446B8F1000F01D113F01DFB7268D8F801
:1086E0005430516840469847027A99F800308DF826
:1086F00014300026012A07468DF815602BD1294633
:1087000006A80DF016F9002DE6D021460CA82D681C
:108710000DF00FF9002CDFD0D4F800802AAC3946D8
:1087200020460DF006F93B68CDF800802A4606A9E0
:10873000CDE9014305A80CAB10F0E6FB204609F09B
:1087400023FF0CA809F020FF06A809F01DFF304602
:1087500031B0BDE8F083032A26D1294612A80DF0D6
:10876000E8F8002DB8D0214618A82D680DF0E1F8E2
:10877000002CB1D0D4F800802AAC394620460DF048
:10878000D8F83B68CDF800802A4612A9CDE901430C
:1087900005A818AB10F04BFC204609F0F5FE18A810
:1087A00009F0F2FE12A8D0E7092A26D129461EA810
:1087B0000DF0BFF8002D8FD0214624A82D680DF0B4
:1087C000B8F8002C88D0D4F800802AAC394620466E
:1087D0000DF0AFF83B68CDF800802A461EA9CDE920
:1087E000014305A824AB10F0B2FC204609F0CCFEF2
:1087F00024A809F0C9FE1EA8A7E7D8F8143002493A
:10880000404698470126A2E7B03103002DE9FF4119
:10881000002204460E4609F089FD074660B9504B18
:108820006569009321234F4A4F492046A8470125F7
:10883000284604B0BDE8F08100223146204609F008
:108840008EFD20B9494B009365692323EBE733681C
:10885000D3F80080B8F1010F0DD00125444B0193EE
:10886000CDE90285434B6669009324233D4A424982
:108870002046B047DCE773681D68012D0CD03C4BE7
:1088800001933E4B0093CDE90258364A65693A4957
:1088900025232046A847CAE73E78012E13D030464C
:1088A0006769F1F725FE06462846F1F721FE344BAD
:1088B0000193344B0093CDE902602A4A32492623C2
:1088C0002046B847B4E70578012D14D02846D4F8DF
:1088D0001480F1F70DFE05463878F1F709FE294BB3
:1088E00001932A4B0093CDE902501E4A26492723C3
:1088F0002046C0479BE78369BA69934208D0CDE917
:108900000232234B0193234B009366692823ADE782
:10891000D0F808C0BA68DCF800101368994208D093
:10892000CDE902131C4B01931C4B0093666929236C
:108930009CE72B46043A581E81420FDD5CF8230069
:10894000013352F82360B042F5D0154B0193154B1B
:108950000093CDE902062B23666987E7002567E7C8
:10896000CCFE0200E6310300B5F70200D30103009C
:1089700084370300AF01030018FA0200D1FF0200A0
:10898000A30C0300103E0300E2FF0200F83D0300C9
:10899000AA37030091370300D43503000203030014
:1089A000150303002A03030070B5054D064604466F
:1089B0000FCD0FC495E80F0084E80F00304670BD5E
:1089C000E0CA020030B50A681468012C85B00ED0E8
:1089D0000125CDE902450F4A01920F4A00924469F0
:1089E0000E4A0F492623A047284605B030BD4A68E5
:1089F0001268012A0CD0CDE90224064A0192094AE4
:108A000000924569054A06492723A8472046ECE716
:108A10000020EAE784370300AF010300323203008D
:108A200018FA0200D1FF020070B50D46044608B9DD
:108A300013F071F90029FBD00A68436D516898471B
:108A40006A68636D51680646204698470546007A75
:108A5000022809D06669F1F74BFD2B7A0A490246D4
:108A60002046B047012070BD716828680A1D0023A8
:108A70000C689C4205DD52F8044B40F8234001335A
:108A8000F6E70020EFE700BF7E32030070B5054D2A
:108A9000064604460FCD0FC495E80F0084E80F008A
:108AA000304670BD00CB020070B5054D0646044649
:108AB0000FCD0FC495E80F0084E80F00304670BD5D
:108AC00020CB02002DE9F04F0E6891B00C46013E1C
:108AD000089231461A46834620461D460CF05CFF3C
:108AE000334605902A46314620460BF0E8FE4FF00B
:108AF000000A8146CDF810A0DDE90432934280F2ED
:108B0000CD8048F20003ADF82E30089B03EB4A08F5
:108B10004FEA4A05414600220DF12E064A450EDA7B
:108B20000B46BDF92E00B3F900408442D8BF33464E
:108B30000231B3F90030ADF82E300132EEE71A9B66
:108B400000272B44019307933C4647F6FF764F4599
:108B50002EDADBE9021538F9023BBDF92E00002DB3
:108B6000A3EB000325EAE57003FA00F0D4BF6D42E1
:108B70000025FBF78BFB2946FBF7BAFB494B0F930C
:108B800030449842ACBF0DAB0FAB0D901A680E96F7
:108B9000B2F5004FA8BF0EABDBF82810B3F9000008
:108BA00010F0EDFB019B044423F817000137CEE7DA
:108BB000B4FA84F2501EE317A2F1210104FA01F184
:108BC00015468340C2F1210224FA02F20B4384408D
:108BD00014F5005443EA020343F10003A40B44EAF2
:108BE0008344304B0E93A4F5C0349C42ACBF0CAB15
:108BF0000EAB0C9447F6FF720F921A68DBF82C103C
:108C0000B2F5004FA8BF0FAB0DF13808B3F9000063
:108C100010F0B5FBC5F11F03DBB25A1E0690012010
:108C20009040C217002109920DF1340E0DF13C0C59
:108C300049452EDA099A03920290079A069C32F867
:108C40001120DDE90267C3F12005C2FB846726FA23
:108C500003F2B3F1200407FA05F542EA05025CBF0E
:108C600047FA04F422430024A2420D92ACBF72469C
:108C700042460E9447F6FF740F941468B4F5004F03
:108C8000A8BF6246019C126824F8022B01310194AE
:108C9000CEE7049B01330493CA442DE711B0BDE82D
:108CA000F08F00BF0080FFFF2DE9F04F1D460E68DA
:108CB000D0E902B38BB00C46013E039200932A46E2
:108CC00083690193314620460CF066FE2A460290E5
:108CD0003346204631460BF0F2FD00250446A846F7
:108CE000029B98457BDA6FF07F038DF81730039B6A
:108CF0005F19394600220DF1170CA2420EDA0B461D
:108D00009DF9170093F900608642D8BF6346013190
:108D100093F900308DF817300132EEE70026BA469D
:108D2000B146A14515DA9DF917301AF9010BC01AA1
:108D3000019B83420ADC009B59469840FBF7A6FA48
:108D4000FCF7D8FA0C21FBF7D3FA064409F1010924
:108D5000E7E7304606AA0C2110F099FB149B8246E7
:108D600003EB45064FF000094FF40043A14532DA0A
:108D70009DF9171017F9010B401A0199814228DC5F
:108D8000009B59469840FBF781FAFCF7B3FA01467D
:108D900050460DF009F906990F31FBF7A9FAA0F535
:108DA0000040B0F5004FB4BF07A908A947F6FF720D
:108DB000079008920B480990086810F5004FB8BF5B
:108DC00009A94FF400430968318009F1010902360D
:108DD000CCE73380F9E708F10108254480E70BB0C0
:108DE000BDE8F08F0080FFFF2DE9F0410C469CB0FC
:108DF000804608B912F08FFF0029FBD00A68436D46
:108E0000516898476268D8F8543051680746404620
:108E1000984724690646002CECD00FCC0EAD0FC548
:108E20000FCC0FC50FCC0FC594E8030085E80300F5
:108E3000387A072848D009281DD0012857D139464B
:108E400002A80CF076FD314608A83C680CF071FDD4
:108E500006B13668009608AB224602A90EA810F0AB
:108E6000A4FA08A809F090FB02A809F08DFB0020E5
:108E70001CB0BDE8F081337A072B394608A813D11E
:108E80000CF057FD3C68314602A80CF052FD3368E7
:108E90000093224602AB08A90EA8FFF705FF02A81F
:108EA00009F072FB08A8E0E70CF043FD3C6831468E
:108EB00002A80CF03EFD33680093224602AB08A9DD
:108EC0000EA810F0EFFAEAE7394608A80CF031FDD9
:108ED000314602A83C680CF02CFD06B136680096BD
:108EE00002AB224608A90EA8FFF7ECFDD7E7D8F899
:108EF0001440F1F7FDFA3B7A024902464046A0478A
:108F00000120B5E759FF02002DE9F04F8DB004466E
:108F10000393169B0291013B104600931646E7F718
:108F200011FE05460098DFF85C91E7F7C1FE0146A7
:108F30002846E7F7C5FF4FF07C518346E7F70CFF63
:108F4000039B0490023B019300254FF0474A4FF0EA
:108F50008E47009BAB426CDD2846E7F7A9FE5946D9
:108F6000E7F7FAFE0299E7F7EFFD8046A04739469A
:108F7000E7F7F2FE10F043FB013505902846E7F7CE
:108F800097FE5946E7F7E8FE0299E7F7DDFDA047AF
:108F900007904046A0473946E7F7DEFE10F02FFB6A
:108FA000079A069039461046E7F7D6FE069B194603
:108FB000E7F7CAFD4FF07C51E7F7CEFE10F01FFB3C
:108FC000049906904046E7F7BFFDA0473946E7F70A
:108FD000C3FE10F014FB069B01461846E7F7B2FDEE
:108FE0004FF07C51E7F7B8FE10F009FB01460598F9
:108FF000E7F7A8FD51460990CDF828A0E8F74AF810
:10900000A0B10DF12808D8F80000CDF82C90494601
:10901000E8F75EF808B10DF12C08D8F80000E8F781
:1090200061F8019B23F8020F019392E70DF12408E8
:10903000E9E73046A0474FF08E41E7F78DFE10F08C
:10904000DEFA4FF047410990CDF828A0E8F722F862
:10905000A8B10AAD0B492868CDF82C90E8F738F88C
:1090600000B10BAD169B286803F10044E8F73AF80D
:10907000013C039B23F814000DB0BDE8F08F09AD4F
:10908000E8E700BF00FEFF462DE9FF410B681B68C3
:10909000032B05460E4610D00322CDE90232374B92
:1090A0000193374B009344692F23364A3649A04732
:1090B0000124204604B0BDE8F0814B681C68012CF7
:1090C00009D00126314B0193CDE90246304B009384
:1090D00044693023E9E7002209F028F931460746C0
:1090E0000022284609F03BF9064607B140B9294B52
:1090F00000936C69234A284934232846A047D7E7C0
:10910000BB681A68022A08DC244B6E690093362378
:109110001C4A21492846B047CBE783681B68022BCD
:1091200004DC1F4B00936E693723F1E7042A04DD4A
:109130001C4B00936E693823EAE7042B04DD1A4BBD
:1091400000936E693923E3E738783378834213D08C
:10915000D5F81480F1F7CCF907463078F1F7C8F963
:10916000124B0193124B0093CDE90270054A11494D
:109170003A232846C0479CE700249AE71C1B0300BB
:10918000AF010300C633030018FA0200843703005E
:10919000D1FF0200BF010300B5F70200E5010300A3
:1091A000190203004E02030082020300F83D03008F
:1091B000103E0300E2FF02002DE9F04F0D69CFB031
:1091C00006460C460DB912F0A6FD002209F0E7F99B
:1091D000012221460746304609F0E1F90222814684
:1091E0002146304609F0DBF98046002EEBD062685C
:1091F000736D5168304698470446387A01280CD080
:10920000092800F0E5807469F1F772F93B7A6F493B
:1092100002463046A0470120D5E0394612A80CF09E
:1092200088FB3B680893494618A80CF082FBB9F10B
:10923000000FC8D041461EA8D9F800700CF079FB89
:10924000B8F1000FBFD0214624A8D8F800600CF078
:1092500070FB04B12468129BDA1E012AB3D8249A49
:109260009342B0D112A942A810F0DAF924A948A873
:1092700010F0D6F9032142A809F0ADF90221804689
:1092800042A809F0A8F90121099042A809F0A3F920
:1092900000210A9042A809F09EF90221049048A8F2
:1092A00009F099F901210B9048A809F094F90021DF
:1092B0000C9048A809F08FF93B680E93129BD6F8E2
:1092C00000B00D90042B0CBF7A680122042B2B6890
:1092D0000F934FEA880308BFB768039218BF0027AF
:1092E000069300260D9BB3425ADD049A049B96FB1D
:1092F000F3F302FB13621092039A93FBF2F502FB65
:1093000015331193A5EB0B054FF000080C9B43455B
:1093100044DD119BA3EB07090BEB05034FF0000A9B
:1093200007930B9B534534DD00230093424653467D
:10933000314648A809F044FA04EB80030593079BE3
:109340009B450CDC0A9B079A5B44934207DD09EBC3
:1093500007039F4203DC099A3A449A4209DC069AC1
:109360000F99059812F04AFD039B0AF1010A9944EE
:10937000D7E70023109900932A464B4642A809F0EC
:109380001FFA089B069A03EB8001059812F0FBFC7C
:10939000EAE70E9B08F101081D44B7E70136A1E793
:1093A00048A809F0F1F842A809F0EEF824A809F05D
:1093B000EBF81EA809F0E8F818A809F0E5F812A8DB
:1093C00009F0E2F800204FB0BDE8F08F59FF02002D
:1093D00039462AA80CF0ADFA3B680893494630A8F4
:1093E0000CF0A7FAB9F1000F3FF4EDAE414636A8F4
:1093F000D9F800700CF09DFAB8F1000F3FF4E3AE1D
:1094000021463CA8D8F800600CF093FA04B1246817
:109410002A9BDA1E012A3FF6D6AE3C9A93427FF48D
:10942000D2AE2AA942A810F0FBF83CA948A810F037
:10943000F7F8032142A809F0CEF80221049042A8CF
:1094400009F0C9F80121099042A809F0C4F80021E7
:109450000A9042A809F0BFF80221059048A809F037
:10946000BAF801210B9048A809F0B5F800210C903A
:1094700048A809F0B0F83B680E932A9BD6F800B0D4
:109480000D90042B0CBF7A680122042B2B6808BFB7
:10949000B768039218BF00270F9300260D9BB342B5
:1094A00058DD059A059B96FBF3F302FB13621092BD
:1094B000039A93FBF2F502FB15331193A5EB0B0511
:1094C0004FF000080C9B434542DD119BA3EB0709BD
:1094D0000BEB05034FF0000A07930B9B534532DD5E
:1094E0000023009342465346314648A809F068F9E4
:1094F00023180693079B9B450CDC0A9B079A5B4449
:10950000934207DD09EB07039F4203DC099A3A44C3
:109510009A4209DC049A0F99069812F06FFC039B9B
:109520000AF1010A9944D8E70023109900932A46CA
:109530004B4642A809F044F9089B049A191806986A
:1095400012F021FCEBE70E9B08F101081D44B9E77E
:109550000136A3E748A809F017F842A809F014F863
:109560003CA809F011F836A809F00EF830A809F067
:109570000BF82AA824E700BF70B5054D064604463F
:109580000FCD0FC495E80F0084E80F00304670BD82
:1095900040CB02002DE9F0430B681C68012C87B01A
:1095A00005460E4610D00126CDE90246554B0193E3
:1095B000554B00934469554A55492723A0473446E3
:1095C000204607B0BDE8F0834B681F68012F0BD021
:1095D000CDE902744B4B01934E4B009345694B4AC6
:1095E0004B492823A847EBE704AB0022D1F81480AD
:1095F00008F09FFE04460028E2D1024605AB314642
:10960000284608F0BBFE044602460028D8D104983C
:109610008368196804290ED00423CDE902133E4B58
:1096200001933E4B00936C69384A394930232846F0
:10963000A0473C46C4E70599097801F0F704012CDE
:1096400008D0374B00936C69304A3649332328469B
:10965000A047EEE70078884213D06F69F0F748FF23
:10966000059B06461878F0F743FF2F4B01932F4BCD
:109670000093CDE90260254A2D4935232846B84795
:109680009EE7D8F80070996891FBF7F808FB07F09F
:1096900088420CD0274B0193CDE90210264B009352
:1096A0006E693D23194A1A492846B04788E7DB68A6
:1096B00093FBF7F909FB07F1994208D0CDE9023194
:1096C0001E4B01931E4B00936E693E23EAE7314621
:1096D000284608F072FF059902462846FAF7E0FC92
:1096E000044600287FF46CAF049B059A9B6892683F
:1096F00059681B69C2F80C907B435F43C2E90118AB
:1097000017615DE784370300AF0103001E340300D7
:1097100018FA0200D1FF0200DF1703003F0A03001E
:10972000540A0300B5F70200F83D0300103E0300A1
:10973000E2FF0200733403008E3403009B34030005
:10974000B534030070B5054D064604460FCD0FC471
:1097500095E80F0084E80F00304670BD60CB020032
:10976000F0B54F6991B00C46054608B912F0D3FA2E
:109770000A68436D516898472146064600222846EC
:1097800008F01BFF0446307A3B68039301280AD097
:10979000092823D06C69F0F7ABFE1A490246284627
:1097A000A047012018E0314604A80CF0C2F8214679
:1097B0000AA835680CF0BDF804B1246800940AAB1F
:1097C0002A4604A903A80FF065FF0AA808F0DCFEEA
:1097D00004A808F0D9FE002011B0F0BD314604A85D
:1097E0000CF0A7F821460AA835680CF0A2F804B1DD
:1097F000246800940AAB2A4604A903A80FF0E8FFE6
:10980000E3E700BFC134030037B50022044608F087
:109810008DFD50B90A4B009365690A4A0A494823ED
:109820002046A847012003B030BD037D012B04D0A2
:109830006369064920469847F4E70020F3E700BF34
:10984000A4200300F8340300B5F7020044350300F8
:1098500070B5054D064604460FCD0FC495E80F00C0
:1098600084E80F00304670BD80CB020073B5002243
:1098700004460D4608F093FE01220646294620467E
:1098800008F08DFE02460EB912F045FA33684168C1
:109890001B680968002B0BDA5B1809D51E4B65693C
:1098A00000935B231D4A1E492046A847012015E06E
:1098B000994204DC1B4B009365695C23F2E7107A44
:1098C000411E082920D8DFE801F0051A0B1F1F1FD1
:1098D000151F10002946204610F016F802B070BD82
:1098E0002946204610F086F8F8E72946204610F071
:1098F000F4F8F3E72946204610F062F9EEE729462E
:10990000204610F0D3F9E9E76569F0F7F1FD064963
:1099100002462046A847C9E7B7350300F8340300DC
:10992000B5F70200C7350300E63503001FB50B6825
:109930001B68032B04460ED00322CDE902320C4BE8
:1099400001930C4B009344690B4A0C494B23A047ED
:10995000012004B010BD022208F0E8FC037D012BB9
:1099600004D06369064920469847F1E70020F0E7F4
:109970001C1B0300AF0103000736030018FA0200A6
:109980005536030070B5054D064604460FCD0FC48D
:1099900095E80F0084E80F00304670BDA0CB0200B0
:1099A00073B5002204460E4608F0F9FD0222054672
:1099B0003146204608F0F3FD08B912F0ACF903680F
:1099C0006A681B681268002B0BDA9B1809D51E4BBE
:1099D0006569009360231D4A1D492046A847012060
:1099E00016E09A4204DC1B4B009365696123F2E7A1
:1099F000287A421E082A1FD8DFE802F005181E1E2A
:109A00001E1E121E0C002A463146204610F0C4F9D4
:109A100002B070BD2A463146204610F04AFAF7E7F8
:109A20002A463146204610F0CEFAF1E72A46314662
:109A3000204610F055FBEBE76569F0F759FD064944
:109A400002462046A847CAE7B73503000736030099
:109A5000B5F70200C7350300E63503002DE9F041F4
:109A60000B681E68012E86B005460F460FD00124F4
:109A7000414B0193CDE90264404B00934569404A54
:109A800040492823A847012006B0BDE8F0814B6873
:109A90001C68012C0BD0CDE90246374B01933A4BA1
:109AA00000934469364A37492923A047EBE700224F
:109AB0004E6908F03BFC804639460022284608F0F3
:109AC0004EFCD8F808703968082908DD2F4B009340
:109AD0006E692B4A2E4935232846B047D3E7846860
:109AE000D6F820C004A8002204924260BCF1000F06
:109AF00011D13B1D614528DD53F8042B012A08BF15
:109B000000F80C200CF1010CF4E70DF118084344A7
:109B1000013203F808EC944517DD56F82230002B8B
:109B200001DA5B1808D4994206DD07EB830EDEF8F4
:109B300004E0BEF1010FE8D0164B00936C69104AA7
:109B4000134942232846A0479DE700231A460437BD
:109B500091420FDD10F8015B55B95D1C04EB8303E6
:109B60005E6857F822309E4201DA12F0D4F82B4694
:109B70000132EDE7002087E784370300AF010300DF
:109B8000CA36030018FA0200D1FF0200183703009A
:109B9000B5F702003B3703007FB5002204460E46AE
:109BA00008F0C4FB002205463146204608F0D7FBEA
:109BB0000346287805280AD16669F0F799FC2B78C6
:109BC0000E4902462046B047012004B070BDAA6984
:109BD00099698A420CD00A4B01930A4B0093CDE954
:109BE00002216569084A09495C232046A847EBE73A
:109BF0006968586812F0C7F80020E6E759FF0200CC
:109C0000863703009F370300CA36030018FA0200A4
:109C100070B5054D064604460FCD0FC495E80F00FC
:109C200084E80F00304670BDC0CB02002DE9F04F34
:109C30004B69A1B00E4604460BA8D3F8088010F07B
:109C4000A0FB7368D3B905930025D6F818902F466A
:109C5000A94566DD336903B15B6853F825B0BBF1F4
:109C6000000F26D16369364920469847012405A88C
:109C700008F08AFC204621B0BDE8F08F9D6855F8B9
:109C8000043B0593052B4FEA83070CDD6FF0604220
:109C90009342B4BF38464FF0FF3011F099FF059B57
:109CA0000690052B00DC06A83A46294612F06BF810
:109CB000CAE72A4605A90BA810F0FEFA2A46034671
:109CC000824605A90BA810F025FB33681B692B41C0
:109CD000DB0724D4A0EB0A00E6F7EAFF82465846E9
:109CE000E6F7E6FF01465046E7F7EAF803F020FF03
:109CF000E7F7F8F908EB870320EAE0705B68834236
:109D00000CD0CDE902300F4B01930F4B00936569E6
:109D100070230E4A0E492046A847A7E701370135B0
:109D200096E7D8F80030BB4208D0CDE90237094B9E
:109D30000193094B009365697423EAE7002496E7D1
:109D4000B73703007F380300893803002B3803003E
:109D500018FA0200A8380300B3380300F0B50F6901
:109D6000A1B005460E460FB911F0D5FF0B681B6870
:109D7000042B0ED00422CDE90232284B0193284B4C
:109D8000009344698123274A2749A047012021B035
:109D9000F0BD4B681C68012C09D00126234B0193B0
:109DA000CDE90246224B009344698223EBE74B69DD
:109DB0000493002208F0BAFA22460590314628465C
:109DC00008F0B4FA022206903146284608F0AEFAAE
:109DD000032207903146284608F0A8FA002208908E
:109DE0003146284608F0BBFA059B09909B681B6822
:109DF0000A93042B04DD6B690E4928469847C5E792
:109E00000BA804A910F0BDFA01465422384611F0FF
:109E1000BAFF04A92846FFF709FFB8E7DF170300D8
:109E2000AF0103002B38030018FA02008437030047
:109E3000D1FF0200C638030070B5054D0646044642
:109E40000FCD0FC495E80F0084E80F00304670BDB9
:109E5000E0CB0200F0B50F699FB006460D460FB982
:109E600011F059FF0028FBD00A68436D51689847EC
:109E70006A68736D5168044630469847037A013B1F
:109E80000546082B6ED8DFE803F0056D226D6D6D79
:109E9000546D3B00214668460BF04BFD002CDFD093
:109EA000294618A824680BF044FD2B6818AACDE9B0
:109EB0001243694612AB384610F092FA18A808F01F
:109EC00063FB684608F060FB00201FB0F0BD214630
:109ED00006A80BF02EFD002CC2D0294618A8246835
:109EE0000BF027FD2B6818AACDE9124306A912AB87
:109EF000384610F084FB18A808F046FB06A8E1E7F6
:109F000021460CA80BF015FD002CA9D0294618A855
:109F100024680BF00EFD2B6818AACDE912430CA99A
:109F200012AB384610F06AFC18A808F02DFB0CA8FC
:109F3000C8E7214612A80BF0FCFC002C90D0294663
:109F400018A824680BF0F5FC2B6818AACDE90C437F
:109F500012A90CAB384610F050FD18A808F014FBFD
:109F600012A8AFE7207A7569F0F7C2FA237A03499D
:109F700002463046A8470120A7E700BF59FF02006C
:109F80002DE9F743D1F8109004460D46B9F1000FC2
:109F900001D111F0C0FED1F81480B8F1000FF8D053
:109FA000002208F0C3F9064658B9164B65690093BC
:109FB00078232046144A1549A847012003B0BDE87C
:109FC000F08301222946204608F0B0F9074620B95F
:109FD0000F4B009365697A23EBE700222946204660
:109FE00008F0BDF920B90B4B009365697C23E0E7CD
:109FF000CDE900093B4632464146204610F0A6FE18
:10A00000DCE700BF35FF020038390300B5F7020076
:10A0100047FF0200D301030070B5054D0646044614
:10A020000FCD0FC495E80F0084E80F00304670BDD7
:10A0300000CC02002DE9F041ECB05A6A58929A6ABD
:10A0400053925A6959925A685A92DA6A54929A69A2
:10A050005B929A685C921A6B5592DA695692DDE9C6
:10A0600072541A6A5792D3E903322946804646A8A9
:10A07000CDE95D32749F0BF05CFC21464CA80BF0DF
:10A0800058FC52AA4CA946A808F02AFC06464CA83F
:10A0900008F07AFA46A808F077FA387A07287DD0CF
:10A0A000092828D0032840F0E9802946002E00F036
:10A0B000BF8034A80BF03DFC1DB321463AA82D68A3
:10A0C0000BF037FCECB139464CA824680BF031FC9E
:10A0D0003B6802934CAB2A4634A9CDE9004352A811
:10A0E0003AAB10F096FF4CA808F04EFA3AA808F0E8
:10A0F0004BFA34A825E0294656B304A80BF019FC06
:10A100000DB911F008FE21460AA82D680BF011FCCC
:10A11000002CF6D039464CA824680BF00AFC3B68AA
:10A1200002934CAB2A4604A9CDE9004352A80AABDE
:10A1300010F013FF4CA808F027FA0AA808F024FA38
:10A1400004A808F021FA002630466CB0BDE8F08182
:10A1500010A80BF0EEFB002DD3D0214616A82D68D9
:10A160000BF0E7FB002CCCD039464CA824680BF050
:10A17000E0FB3B6802934CAB2A4610A9CDE90043B3
:10A1800052A816AB10F097FD4CA808F0FDF916A8E0
:10A1900008F0FAF910A808F0F7F9D5E729461EB338
:10A1A0001CA80BF0C6FB002DABD0214622A82D68C1
:10A1B0000BF0BFFB002CA4D039464CA824680BF050
:10A1C000B8FB3B6802934CAB2A461CA9CDE900437F
:10A1D00052A822AB08F0B0FD4CA808F0D5F922A88F
:10A1E00008F0D2F91CA8ACE728A80BF0A2FB002DC0
:10A1F00087D021462EA82D680BF09BFB002C80D029
:10A2000039464CA824680BF094FB3B6802934CAB96
:10A210002A4628A9CDE9004352A82EABF1F744FF06
:10A220004CA808F0B1F92EA808F0AEF928A8B2E7BA
:10A2300040A80BF07EFB002D3FF463AF214646A8FB
:10A240002D680BF076FB002C3FF45BAF39464CA831
:10A2500024680BF06EFB3B6802934CAB2A4640A986
:10A26000CDE9004352A846AB10F0D9FC4CA808F049
:10A270008BF946A808F088F940A88CE7D8F8144074
:10A28000F0F736F9024902464046A04701265BE74F
:10A29000823903002DE9F04F1278DFB0012ADDE9A1
:10A2A00068986A9C18D0032A19D0022A19D06D4ADE
:10A2B0006FF400011B785191529230AF26AE3AAD47
:10A2C0004946002B00F082800DA80BF032FBB9F15B
:10A2D000000F0AD111F01FFD624A0021EAE7624A2D
:10A2E000FBE762494FF07E52E4E7414613A8D9F8F4
:10A2F00000B00BF01EFBB8F1000FEBD0214619A8FF
:10A30000D8F800A00BF015FB04B124680D9BCDF824
:10A3100018A0052B0DF11409CDF814B00DF1180893
:10A320000DF11C0A0794D5DC139B052BD2DC199B7D
:10A33000052BCFDC3B46324613A90DA80BF048FF96
:10A34000012319AA05211FA808F001FA29461FA810
:10A350000BF028FF1FA808F017F944AB14220021C6
:10A3600008A8CDE91FA5CDE92196CDE9238725933E
:10A3700011F044FD0024089A3A9B9A421ADA099493
:10A38000099A3B9B9A4211DA0A940A9A3C9B9A4298
:10A3900008DA08AA1FA9284610F0A3FE0A9B013379
:10A3A0000A93F2E7099B01330993E9E7089B01331C
:10A3B0000893E0E719A808F0E7F813A808F0E4F814
:10A3C0000DA808F0E1F85FB0BDE8F08F30460BF063
:10A3D000B0FAB9F1000F3FF47DAFD9F80030029325
:10A3E000414638460BF0A5FAB8F1000F3FF472AFC2
:10A3F000D8F800300193214628460BF09AFA04B1B0
:10A4000024682A463946304608F0FCF9DDF84491C4
:10A41000DDF848A103904FF0000B039B5B4519DD6D
:10A42000019B53F82B10029B53F82B00E6F78AFB95
:10A43000804601464846E6F74BFE00B1C846414615
:10A440005046E6F727FE00B1D04644F82B800BF1CA
:10A45000010BE2E7284608F097F8384608F094F830
:10A460003046AEE7FFFF7F7F0000C040000080BFA6
:10A470002DE9F043002285B0D1F8149004460D4632
:10A4800008F08DF8012207462946204608F087F893
:10A4900080460CB911F03FFC6A68636D5168204634
:10A4A00098472B690646002BF4D0007A01280BD17F
:10A4B0002046CDE9018600974A462946FFF7EAFE85
:10A4C000002005B0BDE8F08300F0FB02032A01D0B4
:10A4D000092808D1CDE9018600974A462946204639
:10A4E000FFF7A8FDEDE76569F0F702F8337A034955
:10A4F00002462046A8470120E3E700BF59FF0200BB
:10A500002DE9F04FD1E904AB89B004460D46BAF10C
:10A51000000F01D111F0FFFB304B1A6808F03FF833
:10A520002F4B29461A688046204608F038F82D4BF4
:10A5300006461A682946204608F031F82B681B6841
:10A54000052B814628D1284B29461A68204608F059
:10A5500026F80746254B29461A68204608F01FF8BA
:10A560000790002CD6D022496B68096803EB810163
:10A570002046636D496898470346307A079A012858
:10A580000CD009281CD06569EFF7B2FF19490246C3
:10A590002046A847012010E00027DBE7CDE904238F
:10A5A000DAF810304246CDE902B3CDE900973346E0
:10A5B0002946204600F068F9002009B0BDE8F08F78
:10A5C000CDE9043ACDE902B2CDE9009733464246DF
:10A5D0002946204600F01EF8EEE700BFCCDC020062
:10A5E000D8DC0200D4DC0200C8DC0200DCDC0200A3
:10A5F000D0DC0200EA1D030070B5054D0646044696
:10A600000FCD0FC495E80F0084E80F00304670BDF1
:10A6100020CC02002DE9F04F8DB09846189B199C74
:10A620001B6804935368DDF86CB0D3E901A305936C
:10A63000D8F804305E68049B96FBF3F30093169BF6
:10A640005B689B6801931746054608B911F063FBE8
:10A65000436C002BFAD0DBF8101098476B6C079016
:10A66000DBF8141028469847029004B12468019939
:10A6700006FB0AF34B43A21C04EB43039A4204D0AB
:10A6800032F8021B22F8041CF8E7D8F800300993CE
:10A69000019B3F6803F10045013D6B0002330693C7
:10A6A000069A26EAE67353430893059B23EAE3736D
:10A6B00004EB45054FF000080A93D0452BDBB300AF
:10A6C0000593019B079873435B000793019B23EA63
:10A6D000E3714B000693002384460393039B534589
:10A6E00063DA169BD3F80090A046ACF104054FF056
:10A6F000000EB64551DA002345F8043F019FBB42E6
:10A7000045DA39F8132038F813102F6812FB017757
:10A710002F600133F2E7099B03934FF000092B46AA
:10A72000B1452DDA0020024605998A420DDA17F963
:10A7300002C0DBF81810ACEB0101DDF80CC01CF90D
:10A7400002C001320CFB0100EEE70A9A0B93039B57
:10A75000DBF800101344DBF808200393FAF7C4F980
:10A7600047F6FF739842A8BF1846464B069A984290
:10A77000B8BF18460B9B09F1010918801344CFE7B5
:10A78000089B1D44059B08F101081F4495E7069BA3
:10A790000EF1010E99449844ABE7039B01330393F8
:10A7A000059B9C44079B1C4498E7009B03FB0AF510
:10A7B000179B9BB11E68009B029A9C00002151458B
:10A7C00015DA0023009FBB4205DA56F8237042F8E1
:10A7D00023700133F6E701312244F0E7179B1A4654
:10A7E0009D4204DD029941F823200133F8E7049BE0
:10A7F00023EAE37C00234FEA8C0C1F4657451EDA00
:10A80000029A804602EB83024FF0000E00998E45BB
:10A810000FDA002604998E4206DA58F826401168AD
:10A82000214411600136F5E7E0440EF1010E0432D7
:10A83000ECE7059A1044009A01371344DEE7002440
:10A840006FF07F06A54219DD029BDBF80C2053F860
:10A850002400DBF80410FAF747F9DBF81C30184441
:10A860007F28A8BF7F201A9BB042B8BF30461BB1DB
:10A870001B6818550134E5E71A9BFAE70DB0BDE8EF
:10A88000F08F00BF0080FFFF2DE9F04F91B0DDE9B0
:10A890001A761C991E9C0968049151684D68896854
:10A8A0000591596801954D68049995FBF1F1029164
:10A8B00079681B68896808933B6803910A930EB90D
:10A8C00011F029FA33681768069304B12468002848
:10A8D000F6D0436C002BF3D01D9998471F9B09902D
:10A8E0000BB11B681F93019B03996B434B43221DC4
:10A8F00004EB83039A4204D052F8041B42F8081C6C
:10A90000F8E7039B03F18046013EB300043307934D
:10A91000059B079A9B000D93059B23EAE3739B001D
:10A920000C9325EAE573534304EB86060B934FF033
:10A93000000A019B9A452EDA089A33464FF0000B25
:10A94000AB4521DA4FF000094FF000080599894521
:10A9500011DA52F8290057F829100F930E92E6F7F2
:10A96000FBF901464046E6F7EFF809F10109DDE998
:10A970000E238046EAE70C99C3F800800A44079941
:10A980000BF1010B0B44DBE70B9B1E440D9B0AF103
:10A99000010A1F44CDE71C9B099E1B790893AB005D
:10A9A0000793039B6B439B000993039B23EAE37389
:10A9B0009B000593B1464FF0000A019B53452EDDE5
:10A9C0000A9A2346A9F104084FF0000B5D451FDDEC
:10A9D000002148F8041F00270399B94212DD53F8FB
:10A9E000271052F827000C930B92E6F7B5F90146B1
:10A9F000D8F80000E6F7A8F80137DDE90B23C8F81E
:10AA00000000E9E705990BF1010B0A440B44DDE76F
:10AA1000079B9944099B0AF1010A1C44CDE7069B58
:10AA20007BB3029B1F9A98000021019B8B4235DC6F
:10AA3000049B002423EAE3794FEA8909A046019B9D
:10AA4000434539DC029B1F9C9B0003930027002594
:10AA50004FF07E56019BBB4240F38B80DFF818A17C
:10AA6000A1464FF00008029B43457EDD089BD9F8C4
:10AA700000B0062B5FD8DFE803F04C584053626704
:10AA80006C00DDE9013202FB03F1069B00229942D2
:10AA9000CEDD1F9840F823200133F8E70023029C05
:10AAA0009C4206DD069C54F8234042F823400133C3
:10AAB000F5E701310244B8E71F9BB34603EB840579
:10AAC0004FF0000A029B534510DD0027049BBB4258
:10AAD00007DD5BF827102868E6F736F801372860AD
:10AAE000F4E7CB440AF1010A0435EBE7079B1E4467
:10AAF000029B08F101081C44A1E731465846E6F7DD
:10AB0000E7FA58B91D495846E6F7E2FA08B9DFF8FE
:10AB10006CB049F804BB08F10108A4E7B346F8E7B4
:10AB200051465846E6F7D4FA38B929465846E6F76A
:10AB3000CFFA0028EDD1AB46EBE7D346E9E758461C
:10AB400003F010F98346E4E74FEADB70E6F7ACF870
:10AB5000F8E70BF1004003F05FF93146E5F7F4FF49
:10AB600001463046E6F7ACF9ECE7039B01371C449D
:10AB700070E711B0BDE8F08F0000C040000080BF5A
:10AB80002DE9FF410F6905460E460FB911F0C3F8D4
:10AB9000002207F0CBFB60B9454B00936C69454A36
:10ABA000454951232846A0470124204604B0BDE86A
:10ABB000F08103693B603368D3F80080B8F1010F7E
:10ABC0000DD03E4B019301243D4B0093CDE902840F
:10ABD0006E69384A3B4933232846B047E5E7736836
:10ABE0001C68012C0CD0354B0193374B0093CDE9F9
:10ABF0000248304A6C69334934232846A047D3E7DA
:10AC000000223146284607F091FB804640B9284B88
:10AC10006E6900933623274A27492846B047C4E780
:10AC200031460022284607F09AFB064620B9274BFA
:10AC300000936E693823EEE798F80000337883427A
:10AC400013D0D5F81480EFF753FC07463078EFF7B0
:10AC50004FFC1F4B01931F4B0093CDE90270154A27
:10AC60001D493A232846C0479FE7032B01D0092BF3
:10AC70001BD1D8F80C00E5F7F7FB07F10C04174BD4
:10AC80000022E5F749FC224602F0D6FE144B0022D2
:10AC9000E5F742FC02F004FFE5F7D8FEF968B8607A
:10ACA0001F22042007F0EDFA786000247DE700BF42
:10ACB000CCFE0200D33C0300B5F70200843703004A
:10ACC000AF01030018FA0200D1FF0200D301030014
:10ACD000F83D0300103E0300E2FF02000000A04127
:10ACE0000000E04170B5054D064604460FCD0FC487
:10ACF00095E80F0084E80F00304670BD40CC02009C
:10AD00006FF0004370B5C417C01844F10004B4F1EB
:10AD1000FF3F08BFB0F1FF3F0BBF034601232246B0
:10AD20000022C01844EB0204E30F181844F100039A
:10AD3000440844EAC3740D492046F9F7A7FA0326EC
:10AD400000F15A3529462046F9F7A0FAC0F1005122
:10AD50002846F9F79BFA10F023FA013E0544F1D199
:10AD600005F1604010F01CFA70BD00BFC4C3C3C33E
:10AD70002DE9F0410446224810F05FFA05462148CB
:10AD800010F05BFA04F58054A4B207462146204631
:10AD900010F059FA2146064610F055FA3146804621
:10ADA000304610F050FA034603F0030CC3F3C032F0
:10ADB00043F38D03013203EB08009445C8BF013013
:10ADC000394610F040FA811901F00102C1F3C03395
:10ADD00041F34E0121449A42C8BF0131284610F088
:10ADE00032FA05FA80F010F5004F06DD47F6FF73E2
:10ADF0009842A8BF1846BDE8F0810348FBE700BFB2
:10AE000094A8F570ABAAAA2A0080FFFF2DE9F041B3
:10AE1000064605B26FEAC6506FEAD05084B2000110
:10AE2000FFF7A6FF07460FFA80F83B4810F005FA37
:10AE3000A41B0146384610F006FA24B2A6B2C4F3A9
:10AE40004024634203EA0007013C344810F0F5F95E
:10AE500008EA040467403FB20146384610F0F3F9AF
:10AE6000C6F38028C8F10004044008F1FF382C48DC
:10AE700010F0E3F907EA08077C4024B201462046B7
:10AE800010F0E1F9C6F3C027C7F1000808EA00088E
:10AE9000013F244810F0D1F93C4088EA04080FFA39
:10AEA00088F80146404610F0CEF9C6F300346742F8
:10AEB0000740013C1C4810F0C0F908EA040887EA82
:10AEC00008073FB20146384610F0BDF9C6F34038D6
:10AED000C8F10004044008F1FF38144810F0ADF93F
:10AEE00007EA08077C4024B20146204610F0ABF97F
:10AEF000C6F380367342013E26401840B5FA85F30A
:10AF000070405B095C1E00B25B422040C3F30E033D
:10AF10005840BDE8F08100BF7BBEAF63F2CBA24DCD
:10AF20006CAC162FA4AA5211B72A580211FE0A00BF
:10AF3000B0F5005F10B523DA10F5005FCCBF002339
:10AF400001235B420021C217920042EA9072800006
:10AF500010F5004F72F1FF3416DBB0F5004F72F1BF
:10AF6000000213DA00B220EA0100C1F30E014840EA
:10AF700020EA030023F4FF4323F07F03584010BD71
:10AF80004FF0FF310023DEE70248ECE747F6FF70A1
:10AF9000E9E700BF0080FFFF70B547F6FF7505FACF
:10AFA00080F56B1C14BF01204FF0FF30054405EB0A
:10AFB000D57545F34F0510492846F8F705FF00F50C
:10AFC000B4445A3424B2032621462846F8F7FCFE3E
:10AFD000C0F5005109B22046F8F7F6FEFFF7A8FFCA
:10AFE000013E0444A0B224B2EED1A0F5005000B25C
:10AFF000FFF79EFF70BD00BFC4C3FFFF2DE9F04FF8
:10B000000F469BB0064608B910F085FE0029FBD01C
:10B010000A68436D516898477A68736D51680546B0
:10B02000304698473B690446002BEDD0287A421EF3
:10B03000082A00F20F81DFE812F009000D018700F5
:10B040000D010D010D0125000D01C40029460EA8BA
:10B050000AF06FFC214614A82F680AF06AFC04B1BC
:10B06000246814A90EA807F0C7FA00250646AE42C8
:10B0700040F3EB8057F8250002F074FE44F82500F9
:10B080000135F4E7294602A8DF680AF052FC2146A0
:10B0900008A82E680AF04DFC04B12468012FB3D82B
:10B0A00008A902A807F0A8FA82464FB9BA4541DDBF
:10B0B00036F8170010F0CDF824F817000137F5E73F
:10B0C000DFF8AC91DFF8AC810027BA4532DD36F904
:10B0D0001730B3F5804F24DA4B454FF0FF304FF077
:10B0E0000002A8BF0020D917DB18494113F5004F13
:10B0F00071F1FF3519DBB3F5004F71F1000116DA7C
:10B100001BB223EA0203C2F30E02534023EA0003F8
:10B1100000EA0800584010F09CF824F817000137A6
:10B12000D3E74FF0FF320020DDE74346E9E747F67B
:10B13000FF73E6E708A807F027FA02A807F024FA49
:10B1400000201BB0BDE8F08FD3E90076D3E902837D
:10B1500029460EA800930AF0ECFB214614A8D5F866
:10B1600000A00AF0E6FB04B1246814A90EA807F0B9
:10B1700043FA00258346C6F10009AB4565DD1AF8A0
:10B180000500C01B484518DD864218DD009B41467E
:10B190009840F9F77BF810F033F81821F9F7A8F880
:10B1A000802800F1800306D0FF2B3FF62DAFDBB2E5
:10B1B00063550135E1E7FF23F9E70023F8E7FF23B3
:10B1C000F6E71A68DE68009229460EA8D3E90179ED
:10B1D0000AF0AFFB2B680193214614A80AF0A9FBE3
:10B1E00004B1246814A90EA807F006FA002EC6F1CF
:10B1F00000058046C8BF00254FF0000BC7F1000ACC
:10B2000026EAE676D84520DD019B13F90B00009B6A
:10B21000C01A504505DC802121700BF1010B01346F
:10B22000F0E7874201DC7F21F6E74946B040F9F7B5
:10B230002DF82946F9F75CF80FF0E2FF1821F9F72D
:10B2400057F800F307002070E7E714A807F09CF90F
:10B250000EA873E77769EFF74BF90546207AEFF709
:10B2600047F9054903462A463046B847012068E7B2
:10B2700001C0FFFF0080FFFFB20C0300F0B50B68B8
:10B280001B68022B89B005460A460FD00222CDE981
:10B2900002323D4B01933D4B0093446925233C4AC8
:10B2A0003C49A0470124204609B0F0BD4B681C680A
:10B2B000012C09D00126384B0193CDE90246374BCA
:10B2C000009344692623EAE7014605A80FF0E1FF51
:10B2D000059A93681B68052B04DD6B693049284685
:10B2E0009847E0E71078079A1278824213D06F6986
:10B2F000EFF7FEF8079B06461878EFF7F9F8294BA9
:10B300000193294B0093CDE90260214A27492D235F
:10B310002846B847C7E7069A8AB151689268146808
:10B32000012C0ED01C4B01930126214B0093CDE93B
:10B330000246174A6C69174934232846B1E711467B
:10B34000ECE7526893420CD0CDE90223194B0193EC
:10B35000194B00936E690E4A0E4935232846B047B3
:10B36000A1E7002293420CDD51F82200002801DB06
:10B37000834204DC6B6911492846984792E7013201
:10B38000F0E700248FE700BFBE1B0300AF010300FE
:10B390001E3D030018FA020084370300D1FF0200AB
:10B3A0006E3D0300ED3D0300053E0300E2FF020099
:10B3B0001C3E0300363703003B3E03005A3E0300A9
:10B3C00070B5054D064604460FCD0FC495E80F0035
:10B3D00084E80F00304670BD60CC020070B598B0B4
:10B3E0000A460446014603A80FF053FF049B83B1AD
:10B3F00059689B6806AA58688DF8180000231546FE
:10B40000834202F1040206DA51F823601660013328
:10B41000F6E71946EDE70399087801280AD00928CC
:10B4200025D06569EFF764F81B4902462046A84716
:10B4300001201AE00CA807F008F9039C04B1646825
:10B44000059912A807F001F9059B03B15B68009309
:10B45000224612AB0CA928460FF032FF12A807F0C3
:10B4600093F80CA807F090F8002018B070BD0CA855
:10B4700007F0EBF8039C04B16468059912A807F083
:10B48000E4F8059B03B15B680093224612AB0CA95C
:10B49000284610F005F8E1E7DC3E03002DE9F04F07
:10B4A0009BB09846B0F90A300D93B0F90C300E936A
:10B4B000B0F902300F93B0F904301093D8F800308F
:10B4C000259CDDF8A4B0042BCDE9181201D010F0B2
:10B4D00022FC2368042BFAD1DBF80030042BF6D1D0
:10B4E000002319465A46404609F0E9F90323194654
:10B4F0000A902246404609F0E2F9032311905A4689
:10B500000021204609F0DBF9289B07902BB12798F2
:10B5100007F00DF9079B8342D9D10121404607F07E
:10B520005AF802211290404607F055F80121139075
:10B53000204607F050F802211490204607F04BF8FF
:10B5400001211590584607F046F802210B90584605
:10B5500007F041F80C90584607F0E9F80021C200C6
:10B560002B9810F04BFC4FF0000A0A9B53457CDDF2
:10B57000109B5B42089300230493129B049A93420E
:10B5800070DD0F9B5B42099300230593139B059A83
:10B5900093425FDD00230393039A119B934251DD95
:10B5A0000023089D0693149B069A934247DD099E4B
:10B5B0004FF00009159B4B453CDD0027079BBB4224
:10B5C00034DD002E30DB0C9BB3422DDD002D2BDB58
:10B5D0000B9BAB4228DD039B00935146DDE904231E
:10B5E000404607F0EDF8039B069A16900093394603
:10B5F0004B46204607F0E4F8334617902A4651465A
:10B600000097584607F0DCF82B9B179A03EBC00015
:10B61000269B9956249B169A33F812C0D0E9002332
:10B62000CCFB8123C0E900230137C7E709F10109F9
:10B630000136BFE7069B013306930135B3E7039B51
:10B640000133A8E7059B0D9A01330593099B134429
:10B6500009939BE7049B0E9A01330493089B1344C0
:10B6600008938AE70AF1010A7FE74FF000080A9B76
:10B67000434540F397804FF000090B9B4B4540F347
:10B680008E804FF0000A0C9B534540F385800026C6
:10B69000079BB3427DDD53464A46414600965846D5
:10B6A00007F08EF82B9B2B9903EBC00351F8305019
:10B6B00002465868289B3BB103EBC60153F836306D
:10B6C0004968ED1840EB0100189B53F82640199B80
:10B6D000002C53F8267005DA344B354AB32135482F
:10B6E00004F06FFE07F11F03262B03D9324B304ABB
:10B6F000B421F4E74FF0FF31A94200F500434FF6C3
:10B70000FF7171EB030303D22C4B294AB521E6E705
:10B710002B4B9C42D8BF04F50044C7F10E03D4BFA5
:10B72000241447F6FF744FF0010CA3F1200EC3F16F
:10B7300020010CFA0EFE2CFA01F10CFA03F360431F
:10B740004FEAE47C05FB0C00A4FB05451B194EEAFF
:10B750000101284440EB0100C7F10F041137B4F197
:10B76000200100FA07F723FA04F444EA0704154B12
:10B770005CBF40FA01F10C439C42B8BF1C4647F63F
:10B78000FF739C42A8BF1C462A9B013623F8124037
:10B790007EE70AF1010A76E709F101096DE708F190
:10B7A000010864E71BB0BDE8F08F00BFAC050300E3
:10B7B000C60503000B0603005C06030076060300C3
:10B7C000FFFFFE7F0080FFFF2DE9F04F0D69A7B05E
:10B7D000044688460DB910F09EFA4F69002FFAD042
:10B7E000002206F0BCFD0B9060B99A4B656900938E
:10B7F0008E23994A99492046A8470126304627B00A
:10B80000BDE8F08F02224146204606F08FFD0A90E7
:10B8100020B9934B009365699023EAE701224146E2
:10B82000204606F083FD814620B98E4B0093656962
:10B830009223DEE70A9B9B68DA689B680E93836815
:10B840000D92D3E9016BB600DA68A36B0F92314613
:10B8500020469847A36B28643146204698470A9BA8
:10B8600068641B78032B01D0092B13D1266C002EA2
:10B87000B1D00B9914A806F0E8FE14A806F057FF03
:10B8800005F1380281002046B0470028A3D114A852
:10B8900006F07AFE0A9B1B78072B13D1266C002E2C
:10B8A00099D00B991AA806F0D0FE1AA806F03FFF0F
:10B8B00005F13802C1002046B04700288BD11AA8F4
:10B8C00006F062FE0A9B1B780C93092B01D0072B14
:10B8D00048D199F83060012E0DD0634B01930125BA
:10B8E000624B0093CDE902655B4A66696049B82303
:10B8F0002046B04781E7D9F8343043B95D4B6569DC
:10B900000093BD23544A55492046A84776E7196855
:10B9100021B9594B00936569BE23F3E75A6822B9F0
:10B92000564B00936569BF23ECE70B68012B09D0E8
:10B93000D9F8081049688B4204D0514B00936569CF
:10B94000C123DFE7126893420CD0CDE902324D4BA0
:10B95000019365694C4B0093C5233F4A44492046F7
:10B96000A8474BE7D8F800301B68033B012B04D9EC
:10B97000464B009365694E233BE7D8F804301B68BB
:10B98000012B09D00126CDE90236414B0193414BF1
:10B99000009365694F23E0E7D7E9013A3E781093B9
:10B9A0007B6911933B690D99129300933046DDE951
:10B9B0000F2308F093FF119B13905A4600930E99A2
:10B9C0005346304608F08AFF119A0BF1FF3302FB11
:10B9D00003FB01380E9B129A0BF1010B0AFB00BA14
:10B9E000AAEB030A0F9B013B5343139A501E109A74
:10B9F000013302FB00330D9A9B1A2AEAEA7A23EA02
:10BA0000E373012E4FEA6A0A4FEA630302D0022E63
:10BA100018BF00266B800C9B2E70012BA5F804A08C
:10BA200000F0948002224146204606F07FFC8346C7
:10BA300020B90B4B009365696023DAE60122414689
:10BA4000204606F073FC824630BB064B00936569C6
:10BA50006223CEE6D3010300303F0300B5F70200B6
:10BA6000CCFE02001408030032FA020065FA02005C
:10BA700018FA02007FFA020093FA0200853F0300E1
:10BA8000260803009F080300C8FA0200A53F030030
:10BA9000843703000008030041460322204606F0D5
:10BAA00083FC41460C900022204606F058FC0C9B7B
:10BAB000804620B93A4B00936569662399E6DAF827
:10BAC00008200C93526808926A6C07922A6C0692BE
:10BAD00005F12C02059205F12802049205F12402D9
:10BAE000039205F12002029207F10C02CDE9000257
:10BAF000594652462046EEF787FE064600287FF458
:10BB00007DAE9BF800200C9B072A1FD19AF80020DD
:10BB1000092A7FF460AE98F80020072A7FF45BAE14
:10BB20001A78072A12D1194620A8266C06F08DFD36
:10BB300020A806F0FCFD05F13C02C1002046B047FC
:10BB400000287FF448AE20A806F01EFD0A9B1B6962
:10BB50005B426B61D9F810305B42AB610B9B1B6998
:10BB6000EB617B686B81BB68AB813B69EB817B6977
:10BB70002B823B7B012B0AD0032B0BD0022B0BD04B
:10BB8000084B6FF400022A636B63002636E6054B10
:10BB90000022F8E7044BFBE7044A4FF07E53F2E73C
:10BBA000D3010300FFFF7F7F0000C040000080BF83
:10BBB0002DE9F04F0222E1B08946074606F0EFFC7E
:10BBC000012280464946384606F0E9FCD9F80030A3
:10BBD0001B68042B054640F0C383032249463846C0
:10BBE00006F0DDFC04460FB910F095F8D9F80420F2
:10BBF0007B6D516838469847D9F810B00646BBF1BE
:10BC0000000FF1D098F80800337A98420DD0CDE9B2
:10BC10000203A74B0193A74B00937C69A64AA7494F
:10BC2000EF233846A047012087E12B7A984208D0BD
:10BC3000072801D1092B0ED07B69A14938469847C6
:10BC4000F1E7092800F07C8100F28083012830D0E0
:10BC5000072840F07B837B6CDBF838103846984728
:10BC6000237A0990072B40F034837B6CDBF83C107F
:10BC7000384698474FF000090746A0F1080A2146C8
:10BC80005AA809F056FE5AA806F051FD0A905AA883
:10BC900006F07AFC0A9B4B4540F3DF82236833F9B8
:10BCA00019304AF8083FDA17CAF8042009F10109E7
:10BCB000E5E7414624A809F03CFED8F800301F9380
:10BCC00029462AA809F035FE2B681E93214630A884
:10BCD00009F02FFE002C87D023680D93314636A83B
:10BCE00009F027FE00213CA8D6F800A009F021FEAB
:10BCF000BBF90A301393BBF90C301493BBF9023033
:10BD00001593BBF904301693249B042B7FF46CAF7E
:10BD10002A9B042B7FF468AF369B042B7FF464AF1F
:10BD20000023194636AA24A808F0C9FD03231946A2
:10BD30000F902AAA24A808F0C2FD032336AA179060
:10BD400000212AA808F0BBFD01210C9024A806F0D0
:10BD500042FC0221189024A806F03DFC0121199014
:10BD60002AA806F038FC02211A902AA806F033FC13
:10BD700001211B9036A806F02EFC0221109036A857
:10BD800006F029FC0D9B119033B130A806F0CFFCD2
:10BD90000C9B83427FF428AF36A806F0C8FC002332
:10BDA0000022984203DD4AF823200133F9E74FF0DF
:10BDB000000B0F9B5B4540F38580169B5B420B930A
:10BDC0004FF00009189B4B456EDD159B5B420E93AF
:10BDD00000230993199B099A93425EDD0027179B64
:10BDE000BB4252DD00230B9C0A931A9B0A9A934292
:10BDF00049DD0E9D4FF000081B9B43453EDD0026AC
:10BE00000C9BB34236DD002D32DB119BAB422FDDA4
:10BE1000002C2DDB109BA3422ADD099B00974A468C
:10BE2000594624A806F0CCFC0A9A1C904346314699
:10BE300000972AA806F0C4FC2B461D9022465946BE
:10BE4000009636A806F0BCFCDDE91D2353F822104D
:10BE50001F9B1C9A129053F82200E4F77DFF129B5F
:10BE600001465AF82300E4F76FFE129B4AF82300BC
:10BE70000136C5E708F101080135BDE70A9B01332A
:10BE80000A930134B1E70137A9E7099B139A0133FB
:10BE900009930E9B13440E939CE70B9B149A134437
:10BEA00009F101090B938DE70BF1010B81E700BF4D
:10BEB000F83D0300103E0300303F030018FA020073
:10BEC000C93F03000D9B43B300250F9BAB4224DD0C
:10BED0000026109BB3421EDD0027119BBB4218DDDC
:10BEE00000240C9BA34212DD00943B4632462946B7
:10BEF00036A806F065FC0D9B804653F824105AF8CE
:10BF00002000E4F721FE01344AF82800E9E7013770
:10BF1000E3E70136DDE70135D7E73CA806F034FB5F
:10BF200036A806F031FB30A806F02EFB2AA806F052
:10BF30002BFB24A806F028FB002061B0BDE8F08FA1
:10BF40007B6CDBF8381038469847DBF840301293AA
:10BF50004146DBF844301393824642A809F0E9FCDD
:10BF6000D8F800302393294648A809F0E2FC2B6852
:10BF7000229321464EA809F0DCFC002C3FF434AE9D
:10BF800023680C93314654A809F0D3FC336814930A
:10BF900000215AA809F0CDFCBBF90A301593BBF972
:10BFA0000C301693BBF902301793BBF90430189389
:10BFB000429B042B7FF418AE489B042B7FF414AEF5
:10BFC000549B042B7FF410AE0023194654AA42A8B8
:10BFD00008F075FC032319460F9048AA42A808F000
:10BFE0006EFC0323199054AA002148A808F067FCAE
:10BFF0000C9B0B9033B14EA806F099FB0B9B834230
:10C000007FF4F2AD012142A806F0E5FA02211A9070
:10C0100042A806F0E0FA01211B9048A806F0DBFADE
:10C0200002211C9048A806F0D6FA01211D9054A8C0
:10C0300006F0D1FA0221109054A806F0CCFADBF8F1
:10C04000143011901E9354A8DBF81C301F9306F097
:10C050006EFB0021820050460FF0D0FE4FF0000B27
:10C060000F9B5B4573DD189B5B420D930023099387
:10C070001A9B099A934267DD179B5B420E9300233C
:10C080000A931B9B0A9A934256DD0024199BA342F4
:10C090004ADD0D9D4FF000081C9B434542DD0E9E7E
:10C0A0004FF000091D9B4B4538DD00270B9BBB4221
:10C0B00030DD002E2CDB119BB34229DD002D27DB68
:10C0C000109BAB4224DDDDE909235946009442A8C8
:10C0D00006F076FB4B46209042463946009448A82D
:10C0E00006F06EFB334621902A465946009754A825
:10C0F00006F066FB209A239B9B561E9A9A18DDE950
:10C10000211359565AF8203001FB02334AF82030E7
:10C110000137CBE709F101090136C3E708F101084E
:10C120000135B9E70134B1E70A9B159A01330A9347
:10C130000E9B13440E93A4E7099B169A01330993AF
:10C140000D9B13440D9393E70BF1010B88E7DFF888
:10C15000148200260F9BB34271DD0027109BBB4267
:10C160006BDD4FF00009119B4B4564DD00250B9BF7
:10C17000AB425DDD4B463A460095314654A806F089
:10C180001FFB0C9A5AF8203012B152F825201344A4
:10C19000129A52F82510139A52F8252022EAE274D6
:10C1A000002A03FA04F3D4BF52420022994225D157
:10C1B00001F10044D4F1000C4CEB040C83FB01436F
:10C1C000002BACBF4FF080414146BCF1000F18D1AD
:10C1D0000C1943EBE173002B04DA6FF00041641893
:10C1E00043F10003E40F44EA43041F2A0CDD5E4BD5
:10C1F0005E4A5F4840F2671104F0E3F84FF0000C2C
:10C20000DCE76FF00044F0E701239340013B03EAD1
:10C21000040C5B1003EBD47E1F9B1441F445C8BF94
:10C2200001341C44149B04F307041C5401359EE79D
:10C2300009F1010997E7013790E701368AE75AA823
:10C2400006F0A2F954A806F09FF94EA806F09CF952
:10C2500048A806F099F942A86CE6414642A8DBE9F5
:10C26000109A09F066FBD8F800200B920DF5907833
:10C270002946404609F05DFB2B680A934EAD2146E6
:10C28000284654AC09F055FB3146204609F051FBD5
:10C2900000215AA8366809F04CFB099B0B9A0092C2
:10C2A000CDE906630A9B039552464946CDE90183D1
:10C2B000584642ABCDE90474FFF7F0F85AA806F0EF
:10C2C00063F9204606F060F9284606F05DF940461D
:10C2D000BFE7414648AF42A8DBE9109A09F029FBC5
:10C2E00029463846D8F8008009F023FB2A680B92CB
:10C2F0004EAD2146284609F01CFB23680A9354AC36
:10C300003146204609F015FB00215AA8366809F08D
:10C3100010FB099B0B9A0594CDE906630A9BCDF8A7
:10C3200000804946CDE90353CDE9017242AB524644
:10C330005846FFF7B3F85AA806F026F9204606F04B
:10C3400023F9284606F020F9384682E77C69EEF7A3
:10C35000CFF898F80830074902463846A04762E40B
:10C36000002440E4010000C0B6FD0200C5FD02004B
:10C370001AFE020059FF020070B5054D064604463C
:10C380000FCD0FC495E80F0084E80F00304670BD54
:10C3900080CC02002DE9F04F85B04E690191044632
:10C3A00008B90FF0B8FC019B1A68436D51689847B3
:10C3B0000746007A431E082B00F2A881DFE813F03D
:10C3C00009007200D800A601A601A601A601A601D7
:10C3D0003F01002201992046D6E900B606F0EDF8AB
:10C3E0007B684268D3F800C0002EB8BF6644B445ED
:10C3F000D7DD181D014600234FF001099E4205DDDF
:10C4000051F804EB01330EFB09F9F7E7731C012621
:10C410009C450BD11346002153F804CB01228C45D7
:10C4200009DD53F8040B01314243F8E750F82310BB
:10C4300001334E43ECE706FB09F39A42B1D13B6866
:10C440000293002706FB0BF30393B846C34503DCB6
:10C45000002005B0BDE8F08F01994246204606F065
:10C46000ACF800B1006800233A461946894515DD4D
:10C47000DDF808C000EB830E0CEB820A4FF0000CD5
:10C48000664506DD5AF8045B4EF8045B0CF1010CBE
:10C49000F6E7039D01312A443344E7E708F1010838
:10C4A0003744D3E7002201992046D6E900B606F0CA
:10C4B00084F87B684268D3F800C0002EB8BF664499
:10C4C000B4457FF76EAF181D014600234FF00109F8
:10C4D0009E4205DD51F804EB01330EFB09F9F7E745
:10C4E000731C01269C450BD11346002153F804CB45
:10C4F00001228C4509DD53F8040B01314243F8E772
:10C5000050F8231001334E43ECE706FB09F39A423F
:10C510007FF447AF3B680293002706FB0BF30393BE
:10C52000B846C34594DD01994246204606F045F8D9
:10C5300000B1006800233A461946894514DD029D82
:10C5400000EB830E05EB820A4FF0000C664506DD1A
:10C550005AF8045B4EF8045B0CF1010CF6E7039DFE
:10C5600001312A443344E8E708F101083744D8E7A9
:10C57000002201992046D6E900B606F01EF87B6835
:10C580004268D3F800C0002EB8BF6644B4457FF7B8
:10C5900008AF181D014600234FF001099E4205DD3A
:10C5A00051F804EB01330EFB09F9F7E7731C012680
:10C5B0009C450BD11346002153F804CB01228C4536
:10C5C00009DD53F8040B01314243F8E750F823101A
:10C5D00001334E43ECE706FB09F39A427FF4E1AEE8
:10C5E0003B680393002706FB0BF30293B846C34551
:10C5F0007FF72EAF01994246204605F0DEFF00B1DD
:10C60000006800233A461946894514DD039D00EB76
:10C61000030E05EB020A4FF0000C664506DD1AF822
:10C62000015B0EF8015B0CF1010CF6E7029D013194
:10C630002A443344E8E708F101083744D7E70022E9
:10C6400001992046D6E900B605F0B7FF7B6842683D
:10C65000D3F800C0002EB8BF6644B4457FF7A1AE42
:10C66000181D014600234FF001099E4205DD51F8D7
:10C6700004EB01330EFB09F9F7E7731C01269C4517
:10C680000BD11346002153F804CB01228C4509DD60
:10C6900053F8040B01314243F8E750F823100133FB
:10C6A0004E43ECE706FB09F39A427FF47AAE3B680F
:10C6B0000393002706FB0BF30293B846C3457FF7AD
:10C6C000C7AE01994246204605F077FF00B10068E9
:10C6D00000233A461946894514DD039D00EB030EFD
:10C6E00005EB020A4FF0000C664506DD1AF9015B06
:10C6F0000EF8015B0CF1010CF6E7029D01312A44B2
:10C700003344E8E708F101083744D7E76569EDF7F6
:10C71000EFFE034902462046A847012099E600BFE4
:10C720004F40030010B52022044600210FF066FBA5
:10C73000014BE360204610BD95C301000E4B70B560
:10C7400053F82040013053F82060A64200D870BD55
:10C75000D4E900352846984765B1EB6830B1002828
:10C76000B8BF4042FF28A8BFFF2018705A7842F097
:10C7700001025A700834E8E7E0DC0200014B9868D7
:10C78000603070476828002008B50B4B012202205A
:10C790001A70FFF7D3FF01F00FF904F0EAF9032054
:10C7A000FFF7CCFF00F068F903F00CFE034A137B9F
:10C7B00023F00103137308BD25D50220D005002006
:10C7C00008B50348034A0021121A0EF017FF08BDEE
:10C7D000F00300202CD5022070B5002386B0012282
:10C7E000CDE90423134E144D01930F22CDE90232FB
:10C7F0001249182303FB005506EBC01604464FF4FC
:10C80000C07000FB04110E4B00954FF4A07230462F
:10C8100000F0D4F8737B0B482C7523F0040373737A
:10C820004FF4046303FB04041C44EE606C6006B028
:10C8300070BD00BF500500206828002000E60220DF
:10C8400031CB010080E7022080B52D4BA6B083F3E9
:10C8500008882C4D2C4E6B692C4F43F40073002438
:10C860006B61E02385F82230EC772C766C76AC7621
:10C8700085F820406B6A43F4E0236B6285F823401F
:10C88000E8F7C8FAE8F778F84FF0FF33AB62EB62ED
:10C89000E8F7A2FBE8F70AFB40F20113ADF82430F9
:10C8A00006ABB360CDE91F4422940EF075FE20461E
:10C8B000FFF744FF0120164DFFF740FF00F0E4FDB5
:10C8C000144BF5610593012313490094CDE903430B
:10C8D0004FF400623B46CDE90144284600F06EF873
:10C8E0006A7B064622F0040228466A730EF0DAFFDD
:10C8F0002046FFF771FF3A4631462846E8F752F9DD
:10C90000C0EF022000ED00E06828002089C7010088
:10C91000D005002075400300C0DD022070B50E4B2D
:10C920000E4CA34201D3002070BDD3E9040141EABB
:10C93000000212F003020BD1DD689A61AA4201D114
:10C940002033EEE79E690E60013299610144F5E7FC
:10C950006FF01500E8E700BF8C020020AC02002059
:10C9600037B50C464FF02005EFF3118185F312889F
:10C97000BFF36F8F85695DB125602B688361C369E3
:10C980000133C361002081F31188BFF36F8F11E081
:10C9900052EA030C03D125606FF00B00F3E7CDE9F9
:10C9A00000230246083000F0C5FC18B9024B9B6812
:10C9B0005B69236003B030BD682800202DE9FF418A
:10C9C0000E9E0673042646730D9E867300F158056D
:10C9D0000F46D61DC0E916550C9A002526F007060D
:10C9E0004037C0E90655C0E919768560C573C5664C
:10C9F00006F1400802920B9A019288440A9A00922A
:10CA000042460446E8F79CF8044B65659B6803B111
:10CA10001B6F2367404604B0BDE8F0816828002002
:10CA2000F0B587B000270597109F04970F9F0397D5
:10CA30000E9F0297DDE912650D9F01970C9F0097ED
:10CA40000446FFF7BBFFB5F1FF3F08BFB6F1FF3F5C
:10CA500005D055EA060305D1204600F00FFC20461C
:10CA600007B0F0BD034932462B4604F1180000F030
:10CA700095FEF4E7C5B802002DE9F043294C2A4D94
:10CA800087B02646AE4204F130040FD300F010FB0D
:10CA9000244CDFF898904FF4004640F2E737AC4260
:10CAA00020D307B0BDE8F04300F0D2BC54F8043CFA
:10CAB000059354F8103C049354F8143C039354F831
:10CAC000183C029354F81C3C019354F8203C00930A
:10CAD00054E90C0154E90A23FFF770FF54F8303C85
:10CAE0005E65CEE7636A5A1C0DD023EAE37300212A
:10CAF0003846C3FB060151EAC333D4F8008004D1A1
:10CB0000404600F0BBFB3034C9E74FF47A72002393
:10CB1000E4F72EFB02460B4608F11800494600F0E8
:10CB20003DFEF0E78C0200208C020020C5B8020018
:10CB300008B50B4C0B4D4FF02002EFF3118382F33D
:10CB40001288BFF36F8F0EF064FF2B78A06113B9CA
:10CB5000E7F718FFEFE7E7F747FE0028EBD1F7E725
:10CB60006828002025D502202DE9F3410446174608
:10CB70001E464FF02003EFF3118883F31288BFF3B2
:10CB80006F8FC368324A6BB180689168884219D050
:10CB900057EA060318D188F31188BFF36F8F6FF03F
:10CBA0000F000CE0916891F90E1021610133E360F0
:10CBB0009368A36088F31188BFF36F8F002002B0E1
:10CBC000BDE8F0812169F0E791F90E1090F90E307F
:10CBD0009942A8BF19466FF07E029142B8BF114634
:10CBE0008B422EDD0EF049FD0546CDE90076194851
:10CBF0002246414600F09EFB0028E0D04FF0200383
:10CC0000EFF3118683F31288BFF36F8F23682169D6
:10CC10009C420AD04BB193F90E309942A8BF1946F5
:10CC20006FF07E039942B8BF1946A0680EF025FD4B
:10CC300000B945B10748314600F028FA6FF00A0004
:10CC4000BDE70025D1E786F31188BFF36F8FF5E7C5
:10CC50006828002026D50220836870B504466BB38F
:10CC6000194A926893422CD1C368012B03D9013B26
:10CC7000C360002070BD4FF02003EFF3118583F3F4
:10CC80001288BFF36F8F016980680EF0F6FC2046B2
:10CC90000EF064FE0026A06050B190F90E202261D3
:10CCA00086670EF0FFFD0948294600F0EFF9E0E73E
:10CCB000E06085F31188BFF36F8FDAE76FF015003E
:10CCC000D8E74FF0FF30D5E76828002026D50220AE
:10CCD00037B54FF02001EFF3118581F31288BFF3D0
:10CCE0006F8F04689CB12368426823F00303944269
:10CCF000036008BF4360012120460EF02EFD04466C
:10CD000085F31188BFF36F8F204603B030BD52EA20
:10CD10000301F5D0CDE90023294600F10C020830CB
:10CD200000F008FB0028EFD1014B9B685C69EBE742
:10CD30006828002038B504464FF02003EFF3118532
:10CD400083F31288BFF36F8F0EF008FE48B1002204
:10CD500082670EF0A7FD29460548BDE8384000F07F
:10CD600095B9D4E902329A4218BF0133A360F2E7C1
:10CD700027D5022013B54FF02004EFF3118184F37F
:10CD80001288BFF36F8F846844B1013C846081F3E3
:10CD90001188BFF36F8F002002B010BD52EA030468
:10CDA00006D181F31188BFF36F8F6FF00F00F3E7A7
:10CDB000CDE900230246024800F0BCFAECE700BFD0
:10CDC00027D502202DE9F04F474E85B004464FF09D
:10CDD000FF384FF0FF394FF02003EFF3118783F353
:10CDE0001288BFF36F8FD4F880508DB9022104F1FF
:10CDF00098000EF0D5FC002835D10023CDE900893C
:10CE0000029304F188023946384800F051FCE2E709
:10CE1000D4F884202B68C4F88030954201D1C4F83E
:10CE20008430D4F8983043F00203C4F89830EB68AB
:10CE300023F0040343F00103EB606B6887F3118870
:10CE4000BFF36F8F284698474FF02003EFF3118B05
:10CE500083F31288BFF36F8FEB68990723F0010209
:10CE60000BD4EA600EE004F190050022012128466F
:10CE70000EF09CFD0028F8D1BFE7306823F00303D3
:10CE8000EB6070B9D4F8983023F00203C4F89830FE
:10CE90008BF31188BFF36F8FD8059CD400F000FB93
:10CEA00099E70027D0F800A03B464268954201462A
:10CEB0000CD1016897B972683160824200D171600B
:10CEC00040F8083BFFF736FF39460023BAF1000F60
:10CED000D8D050460F46DAF800A0E6E7726839600D
:10CEE000904208BF7760EBE79028002028D5022009
:10CEF000F8B5C3689A0704460E46C3F340051FD42D
:10CF00005F071FD40A680AB982680A60D80744BF5D
:10CF1000A368336037684CBF022501257FB31B4BE4
:10CF20009B68BB4211D10EF096FB80F00100C0B2AD
:10CF3000D7F89830D907C3F3800223D53AB140B966
:10CF40006FF00F050023336013E00020F0E71B07AC
:10CF5000F6D400232360D7F8843063B9C7E92044AE
:10CF600038460EF028FCE36843F00403E3603368BE
:10CF7000A3602846F8BD1C60C7F88440F0E76FF056
:10CF80001505DFE76FF01205DCE700BF6828002019
:10CF9000F0B589B004460020C4E920000E9D04F1DC
:10CFA0008800C4E9220004F19000C4E924001DB304
:10CFB0002879002840F2011008BF0120C4F8980029
:10CFC00000204FF0FF364FF0FF37CDE90330CDE9B9
:10CFD0000100CDE90667094B00942046FFF720FDCC
:10CFE00025B1296811B120460EF03BFB204609B05F
:10CFF000BDE8F0400EF038BB0120DFE7C5CD0100F1
:10D0000038B5074D2C6854B1E9F7F8FC054B0444DA
:10D010001C6128680021BDE838400EF00ABD38BD0B
:10D02000A028002068280020F8B504460D464FF0DF
:10D030002003EFF3118783F31288BFF36F8F104E35
:10D0400000214FF4004C40F2E730316100234FF4EF
:10D050007A72E4FB0C01E4F78BF8002C094B0ADC34
:10D060001860094BB0681D60FFF7CAFF87F311888D
:10D07000BFF36F8FF8BD0228B8BF0220F0E700BFF2
:10D0800068280020A02800209C28002049B9EFF340
:10D09000058030B9054BDA699B689A4201D0E7F701
:10D0A000FBBC81F31188BFF36F8F704768280020A5
:10D0B0004FF02003EFF3118183F31288BFF36F8FDA
:10D0C000044B9A68D37B013BD37381F31188BFF380
:10D0D0006F8F70476828002038B502460C480D4D08
:10D0E0000EF0DAFB044600B9EC68AB684AB95A7B2B
:10D0F000D20606D1A26922B9DA897F2A01D9EB6169
:10D1000038BD9C4202D02046FFF77AFFEC61F7E77A
:10D11000882800206828002070B590F90D20437BF6
:10D12000002A014604DA03F07F0343730EF078FB14
:10D130004B7B154A63F07F034B73D2E9083402F14D
:10D140002005AB421BD0D3B191F90E6093F90E00CC
:10D1500086420FD0801B00280CDD5868C1E90030E2
:10D16000016059609068431A5842BDE870405841C8
:10D17000FFF7B2BFA34202D01B68002BE6D1C1E982
:10D18000005421605162EDE76828002038B54FF067
:10D190002003EFF3118583F31288BFF36F8F174BD2
:10D1A000174A9C6811688C4207D12046FFF728FF78
:10D1B00085F31188BFF36F8F38BD00211160114ACC
:10D1C0001268C2B1E2897F2A15D8627BD20612D1D9
:10D1D0000D4A94F90E10126891420CDB0B4A9442EE
:10D1E00009D01A69824203DC2046FFF795FFDCE78D
:10D1F000121A1A61DCE70022FBE700BF6828002052
:10D2000098280020A02800209C28002050050020FD
:10D2100070B490F90D20437B002A2ADBDA0628D16E
:10D22000826932BB144A63F07F034373D2E9083446
:10D2300002F12005AB4217D0B3B190F90E6093F91B
:10D240000E108E420BD0891B002908DD5A68C0E9F8
:10D2500000321060586070BC0020FFF73DBFA34251
:10D2600002D01B68002BEAD1C0E900542060506254
:10D27000F1E770BC704700BF6828002010B54FF080
:10D280002002EFF3118482F31288BFF36F8F427B89
:10D29000510704D484F31188BFF36F8F10BD22F0BF
:10D2A00004024273FFF7B4FF21460248BDE8104074
:10D2B000FFF7ECBE29D5022008B590F90D20437B7D
:10D2C000002A014604DA03F07F0343730EF0A8FA44
:10D2D000044B9868431A58425841BDE80840FFF78C
:10D2E000FBBE00BF682800202DE9F0410646154628
:10D2F0001C464FF02003EFF3118783F31288BFF32E
:10D300006F8F0EF001FB87F31188BFF36F8FB4F1BD
:10D31000FF3F08BFB5F1FF3F08D02A46234606F17C
:10D3200018000349BDE8F04100F038BABDE8F081CB
:10D33000C5B8020010B5074B9868074B0C4618603B
:10D340001146DDE90223FFF7CFFF2046BDE810407C
:10D35000E7F7A2BB6828002098280020F8B504460B
:10D360004FF02003EFF3118683F31288BFF36F8F22
:10D37000437BDA0649B233D182698ABB03F07F036B
:10D3800043730EF04DFA437B174A817363F07F03BA
:10D390004373104650F8203F83421BD0D3B1576AE5
:10D3A00093F90E50A94210D06D1A002D0DDD5A6868
:10D3B000C4E9003214605C600120FFF78DFE01209B
:10D3C00086F31188BFF36F8FF8BDBB4202D01B6894
:10D3D000002BE5D1536AC4E900031C605462EBE7FB
:10D3E000A1730020ECE700BF6828002070B5044658
:10D3F00018300EF0F8FA4FF02003EFF3118683F3A4
:10D400001288BFF36F8F94F90D20637B002A05DA31
:10D4100003F07F03637320460EF002FA0B4D637B2B
:10D42000A86843F010036373031B58425841FFF789
:10D4300053FE86F31188BFF36F8FAB68A34203D10D
:10D44000BDE870400EF01EBA70BD00BF6828002015
:10D4500010B54FF02003EFF3118483F31288BFF36C
:10D460006F8F084B9A68D37B0133D3730020FFF78B
:10D4700033FE84F31188BFF36F8FBDE810400EF0C8
:10D4800001BA00BF68280020044B002103F12002EC
:10D49000C3E908220846FFF7C7BD00BF682800207F
:10D4A000F8B54FF02003EFF3118583F31288BFF333
:10D4B0006F8F1A498868437B03F07F0343730EF034
:10D4C000AFF98B685A7B084662F07F025A7350F8B6
:10D4D000202F82421CD0DAB14F6A93F90E6092F984
:10D4E0000E40A6420FD0A41B002C0CDD5168C3E9EE
:10D4F00000210B6053600120FFF7EEFD2846BDE8D8
:10D50000F840E7F7C9BABA4202D01268002AE6D159
:10D510004A6AC3E9000213604B62ECE76828002006
:10D5200050EA01032DE9F04105460E4603D1FFF70D
:10D53000B7FF002033E06FF00104241A4FF0FF33EF
:10D5400063EB0103012C73F1000302DA0EF08BFA96
:10D5500044194FF02003EFF3118883F31288BFF3CF
:10D560006F8F104F104BB8681860FFF7A5FEB868B2
:10D570000E492A463346183000F010F9BA68537B3A
:10D5800043F0100353734046E7F786FA0EF06BFA48
:10D59000201A63EB0303012873F10003C9DBBDE824
:10D5A000F08100BF6828002098280020C5B802003C
:10D5B000B1F1FF3F08BFB0F1FF3F08B506D1084BFE
:10D5C0009868FFF713FF4FF0FF3008BDFFF7A8FF83
:10D5D0004FF47A7380FB0303C00B40EA4340F4E747
:10D5E00068280020014B9868704700BF6828002019
:10D5F0002DE9F04104464FF02003EFF3118683F349
:10D600001288BFF36F8F037BD9070BD586F3118880
:10D61000BFF36F8F404080F311884FF0040002DFAA
:10D62000BDE8F081437B1A0704D586F31188BFF368
:10D630006F8FF5E723F0200242F00801D20920D1D4
:10D640004173A36813B120460EF0F2F804F11800FC
:10D650000EF0C9F904F158074FF00008A56DBD425E
:10D6600000D0B5B90120FFF737FD104B9B68A342EE
:10D67000DBD1EFF30583002BD7D13046E7F70CFA67
:10D68000D3E703F05F0343F0080343730EF0C8F8D9
:10D69000D7E728460EF0CCF805F118000EF0A3F9F4
:10D6A000C5F878802846FFF7B3FDD7E76828002043
:10D6B000D3B5DDE90667089CCDE90067FFF73AFEC0
:10D6C0001CB1034B9B685B69236002B0D0BD00BFF7
:10D6D0006828002008B50648064A0749121A0DF0C6
:10D6E0008FFFBDE80840054A054906480DF088BF90
:10D6F00000000020EC030020604203000000000056
:10D700006042030000000020034B1B680BB9E9F7DF
:10D7100075B90020704700BFA4280020104B10B539
:10D720001C689C4208BF0024FFF7EEFFA4B1D4E9B7
:10D7300004321B1A62EBE070B3F1004F70F100028B
:10D740000ADA0028ACBF18460020064B1B6913B14B
:10D750009842A8BF184610BD6FF00040F5E700BF23
:10D76000040200206828002030B5036868B10A4A26
:10D770005268904209D043B1D3E90421D0E904456D
:10D78000121941EB0501C3E90421426813605A6094
:10D790000023C0E9003330BD04020020B3F1FF3F95
:10D7A00008BFB2F1FF3FF8B504461F46154667D0E3
:10D7B00081604FF02003EFF3118683F31288BFF3EB
:10D7C0006F8F6FF00102531B4FF0FF3C6CEB0703B0
:10D7D000002B1BDB2B4BD3E90013521A6CEB03031A
:10D7E000551B63EB0703012D73F10002BCBF01253C
:10D7F0000023C0E904532448D0E9003C834218D1F7
:10D80000C4E9000CCCF80040446026E0FFF77CFF40
:10D81000013547F100072D1847EBE077C4E90457BD
:10D82000E9E7521A65EB07059C45C4E90425E7D0F2
:10D830001B68002BE4D0D3E90417D4E904258A42FD
:10D8400075EB070EEDDA8A1A67EB0505C3E90425C7
:10D850005A68C4E9003214605C60036883420BD0EC
:10D860009C4209D1FFF75AFF18B1084B1B6983424C
:10D8700002D00021E9F790F886F31188BFF36F8F8B
:10D88000F8BD00BF500600200402002068280020D8
:10D890002DE9F8430546FFF779FC4FF02003EFF33D
:10D8A000118483F31288BFF36F8F244EDFF89080CA
:10D8B0003560244DD8F8000032684045D5E9001E97
:10D8C0004FEAE2770BD050B1D0E9043C9A4277EBB3
:10D8D0000C0916DA9B1A6CEB070CC0E9043C5218D1
:10D8E0004EEB0707C5E9002700253560FFF716FF57
:10D8F0002946E9F751F884F31188BFF36F8FBDE82B
:10D90000F88359184EEBE377D31A336000220023D3
:10D91000C0E90423C5E90017FFF726FF84F3118847
:10D92000BFF36F8F836898474FF02003EFF31184A4
:10D9300083F31288BFF36F8FBCE700BFA4280020D9
:10D94000040200205006002010B54FF02003EFF332
:10D95000118483F31288BFF36F8FE9F74FF8054AFC
:10D96000D2E90031C01841F1000184F31188BFF3FE
:10D970006F8F10BD5006002073B506460D460DF0A2
:10D980006AFE78B90B4B9B681C6F7CB12A1D09D2CB
:10D9900000200021CDE9000146F0040120460EF0F0
:10D9A000A4F808B9002401E00460041D204602B078
:10D9B00070BD00BF68280020024A0349034802F0F6
:10D9C00039BD00BFFAE302007A4003009A40030029
:10D9D00038B5064C064DAC4201D3002038BDD4E921
:10D9E000011220460EF079F81834F4E7AC0200205A
:10D9F000AC0200201FB5094B029302AB0024009338
:10DA0000074908488DF80C404FF0FF334FF480620F
:10DA1000FFF7BEFA204604B010BD00BFC1400300AE
:10DA2000C0EF022058060020024B1868BFF35B8F3E
:10DA3000704700BFA8280020F8B5174600223A60BA
:10DA4000144A21F00046964204460D460B461EDC61
:10DA5000024632431BD0104A0A4052B90F4B0022F3
:10DA6000E2F75AFD6FF0350204460B4621F00046FE
:10DA70003A603A68361523F0FF43A6F2FE3623F4E7
:10DA8000E003164443F07F553E6045F40015204600
:10DA90002946F8BDFFFFEF7F0000F07F00005043F4
:10DAA000F8B5C1F30A57A7F2FF34132C02460B4610
:10DAB00006460D4619DC002C09DA013401F000435A
:10DAC00003D143F07F5343F4401300222AE0174967
:10DAD000214103EA0100024310D04FF4002242FA30
:10DAE00004F4234423EA0103EFE7332C09DDB4F502
:10DAF000806F03D1E2F75AFB06460D4630462946B1
:10DB0000F8BDA7F213474FF0FF31F9400842F5D0B6
:10DB10000120C4F1330400FA04F4121928BF1B18C1
:10DB200022EA010219461046E6E700BFFFFF0F0098
:10DB300070B5C0F3C7557F3D162D0146044620F051
:10DB4000004626DC002D0EDA1749E2F7FDFF002122
:10DB5000E3F7BEFA28B1002C23DB002E18BF4FF0EC
:10DB60007E5421461BE0114E2E41304217D00E4903
:10DB7000E2F7EAFF0021E3F7ABFA0028F1D0002C2E
:10DB8000C2BF4FF4000343FA05F5641924EA060402
:10DB9000E7E7B6F1FF4F02D3E2F7D6FF01460846AA
:10DBA00070BD4FF00044DCE7CAF24971FFFF7F000F
:10DBB00007B51A4A20F000439342014605DC0021D4
:10DBC00003B05DF804EB00F0BBBDB3F1FF4F04DB25
:10DBD000E2F7B8FF03B05DF804FB694600F052FCC1
:10DBE00000F00302012A07D0022A0CD082B9019961
:10DBF000009800F0A5FDEDE70199009801F0D2F83A
:10DC000000F10040E6E70199009800F099FDF7E780
:10DC100001990098012201F0C5F8DBE7D80F493FD0
:10DC200070B5C0F3C7557F3D162D0146044620F060
:10DC3000004626DC002D0EDA1749E2F785FF0021A9
:10DC4000E3F746FA28B1002C23DA144B002E18BF54
:10DC50001C4621461BE0124E2E41304217D00E4981
:10DC6000E2F772FF0021E3F733FA0028F1D0002C2D
:10DC7000BEBF4FF4000343FA05F5641924EA060415
:10DC8000E7E7B6F1FF4F02D3E2F75EFF0146084631
:10DC900070BD0024DDE700BFCAF24971000080BFFB
:10DCA000FFFF7F0008B5C0F3C7537F3B162B01462B
:10DCB000024614DC002B07DA013300F0004101D1E9
:10DCC00041F07E51084608BD084818410142F9D08C
:10DCD0004FF480011941114421EA0001F2E7802B41
:10DCE000F0D1E2F731FF0146ECE700BFFFFF7F0014
:10DCF00007B51B4A20F000439342014606DC002290
:10DD0000002103B05DF804EB01F04CB8B3F1FF4F14
:10DD100004DBE2F717FF03B05DF804FB694600F08F
:10DD2000B1FB00F00300012808D002280BD090B905
:10DD300001990098012201F035F8ECE7019900986B
:10DD400000F0FEFCE7E701990098012201F02AF8B3
:10DD500000F10040DFE70199009800F0F1FCF7E7DF
:10DD6000D80F493F38B520F00043B3F1FF4F0446C8
:10DD700005460EDB01464FF07E50E3F7A1F8002C7C
:10DD80004FF07E5102DBE2F7DFFE38BDE2F7DAFE4C
:10DD9000FBE7204A93423ADCB3F1105F07DA4FF019
:10DDA0007E51E2F7D1FE2146E2F7D6FFEDE7B3F16F
:10DDB0007E5F19DB0DF08AFF0146E2F7C5FE01F038
:10DDC00067F84FF08041E2F7BFFE01464FF0804018
:10DDD000E3F776F801464FF07E50E2F7B3FE002DF0
:10DDE000B8BF00F10040D0E70DF070FF4FF04041A8
:10DDF000E2F7B2FF01F04CF84FF0804100F100442F
:10DE0000E2F7A2FE01462046E3F75AF8E7E74FF0B3
:10DE10007E50E4E7FFFFAF4138B5054600F09EF8BD
:10DE2000114B93F90030013304460ED028460DF013
:10DE300050FF50B10D492846E3F74AF938B103F0D5
:10DE400007F8222303604FF0FF44204638BD0849FD
:10DE50002846E3F71FF90028F7D002F0F9FF222344
:10DE600003600024F1E700BF700200208071B1421E
:10DE7000B5F1CFC270B506460D4600F061F90D4B05
:10DE800093F900300133044612D029463046E3F7B7
:10DE9000C7F968B900212846E3F7F2F840B102F06B
:10DEA000D7FF2123002103600846E3F709F8044661
:10DEB000204670BD7002002038B5044600F0BEF95F
:10DEC000124B93F900300133054613D0214620460A
:10DED000E3F7A6F970B900212046E3F7F9F848B94D
:10DEE00000212046E3F7CCF830B102F0B1FF084D35
:10DEF00022230360284638BD02F0AAFF21230360D5
:10DF0000BDE83840034801F01FB900BF700200208F
:10DF1000000080FFFAE3020038B505460DF05AFE16
:10DF20000D4B93F900300133044612D029462846A0
:10DF3000E3F776F968B900212846E3F7ABF840B17A
:10DF400002F086FF2123002103600846E2F7B8FFB4
:10DF50000446204638BD00BF700200202DE9F8437A
:10DF600020F00043B3F1FF4F044604D90146E2F725
:10DF7000EBFD044605E04FEAD07605D1002E40F0D7
:10DF8000BD802046BDE8F8835D49884204DD5D49D7
:10DF90000846E2F7E1FEECE7002803DA5A4A93422A
:10DFA00000F2AC80594A934271D9594A934251D8F0
:10DFB000584B204653F82610E2F7C4FD564B53F851
:10DFC0002670C6F101030546A3EB0609394628462B
:10DFD000E2F7B8FD044621462046E2F7BDFE4F4970
:10DFE0000646E2F7B9FE4E49E2F7ACFD3146E2F7EC
:10DFF000B3FE4C49E2F7A8FD3146E2F7ADFE4A49CF
:10E00000E2F7A0FD3146E2F7A7FE4849E2F79CFDA2
:10E010003146E2F7A1FE01462046E2F793FD0146B4
:10E0200080462046E2F798FE0646B9F1000F43D13C
:10E030004FF080414046E2F785FD01463046E2F769
:10E040003FFF2146E2F77EFD01464FF07E50E2F7AA
:10E0500079FD8EE736492046E2F77EFE354B53F8D0
:10E060002610E2F771FDE3F73DF88146E2F720FE66
:10E0700031490646E2F770FE01462046E2F762FDAE
:10E080002E4905463046E2F767FE07469EE7B3F1A4
:10E09000465F0CD21B492046E2F756FD4FF07E51F9
:10E0A000E3F716F830B14FF07E5120465FE74FF0AE
:10E0B000000990E781468EE741464FF08040E2F745
:10E0C00041FD01463046E2F7FBFE01463846E2F7E5
:10E0D00039FD2946E2F736FD01464FF07E50E2F762
:10E0E00031FD19F17D0F02DB00EBC95449E709F15D
:10E0F00064094FF0586100EBC9504AE7002440E73B
:10E100001772B142CAF24971B5F1CF421872B13EED
:10E110009115853F00DD020008DD02004CBB313364
:10E120000EEADD3555B38A38610B363BABAA2A3E81
:10E130003BAAB83FF8DC02008071313FD1F71737B6
:10E14000F8B531F000450E4608D020F00047B7F191
:10E15000FF4F034602DAB5F1FF4F05DDE2F7FCFDA4
:10E160000146E2F7ADFEF8BDAF42FCDB00F0004433
:10E1700004D1314AE00F52F82000F4E710F0FF4FCD
:10E1800045D13A026FF07D01002A3DDC16F0FF4FC9
:10E1900043D128026FF07D0200283BDA11F17E0F97
:10E1A000B9BF6FF07D035B1AC3F3160343F400039A
:10E1B000B8BF07FA03F312F17E0FB5BF6FF07D0011
:10E1C000C6F31605801A45F40005B8BF8540891AC4
:10E1D000581B29BB13EA200338BF0346002BC8D0C5
:10E1E000B3F5000F24DB12F17E0FB5BF6FF07D0099
:10E1F000A3F50000801A7F32ABBF204343FA00F042
:10E2000040EAC2502043AEE701395200BCE7F9159D
:10E210007F39BBE7013A4000BEE7EA157F3ABDE728
:10E22000002802DA5B000139D2E7A2D04300FAE706
:10E230005B00013AD4E700BF10DD020030F000427D
:10E240002DE9F84F0146034606D100214FF04C401E
:10E25000E2F736FEBDE8F88F002803DAE2F772FC39
:10E260000021F5E7B0F1FF4F02DBE2F76DFCF1E7CB
:10E27000B0F5000F35DA4FF09841E2F76DFD6FF021
:10E2800018020346C3F31604DE15714B234403F44E
:10E2900000007F3E80F07E5016444FF07E512043B8
:10E2A00006EBD356E2F74EFC6A4B04F10F02134023
:10E2B0000546002B3AD10021E2F7E2FE98B1002E8C
:10E2C00000F0C4803046E2F7F3FC63490546E2F70C
:10E2D00043FD624904462846E2F73EFD01462046DA
:10E2E000C3E70022CEE75E492846E2F735FD014646
:10E2F0004FF07C50E2F726FC294604462846E2F718
:10E300002BFD01462046E2F727FD04460EB92146C3
:10E310006FE03046E2F7CCFC4F490746E2F71CFDC0
:10E320004E4906463846E2F717FD72E04FF080414D
:10E33000E2F70AFC01462846E2F7C2FD8146304674
:10E34000E2F7B6FC494680464846E2F705FD01463D
:10E350008346E2F701FD4349DFF80CA10746E2F7E7
:10E36000FBFC4249E2F7F0FB3946E2F7F5FC404995
:10E37000E2F7EAFB3946E2F7EFFC3E49E2F7E4FB5D
:10E380005946E2F7E9FC3C4983463846E2F7E4FCAB
:10E390003A49E2F7D9FB3946E2F7DEFC3849E2F7C1
:10E3A000D3FB3946E2F7D8FC01465846E2F7CCFBEE
:10E3B000C4F55713A24403F5227343EA0A03002B62
:10E3C000074630DD4FF07C512846E2F7C5FC294670
:10E3D000E2F7C2FC014604463846E2F7B5FB49467F
:10E3E000E2F7BAFC074646B901462046E2F7AAFB27
:10E3F00001462846E2F7A6FB2CE717494046E2F71C
:10E40000ABFC164906464046E2F7A6FC3946E2F761
:10E410009BFB01462046E2F795FB2946E2F792FB7B
:10E4200001463046E6E701462846E2F78BFB4946BF
:10E43000E2F792FC0446002E3FF469AF06494046DD
:10E44000E2F78AFC0549064640466CE7002001E7F2
:10E4500020FB4A00F0FF7F008071313FD1F7173772
:10E46000ABAAAA3E9788173E305CCFFF25333A3ED1
:10E470002549923EABAA2A3F4FD01C3E298E633ECF
:10E48000CDCCCC3E2DE9F04FA04A20F0004696427C
:10E4900087B00C46824604DC002308604B600025F0
:10E4A0001AE09B4A96424BDC00289A499A4F26F084
:10E4B0000F0623DDE2F746FBBE42054610D0974922
:10E4C000E2F740FB014620602846E2F73BFB934918
:10E4D000E2F738FB01256060284607B0BDE8F08F01
:10E4E0008F49E2F72FFB8F490546E2F72BFB0146E8
:10E4F00020602846E2F726FB8A49E9E7E2F724FB99
:10E50000BE4205460ED08549E2F71EFB014620605B
:10E510002846E2F717FB8149E2F716FB4FF0FF357B
:10E520006060D9E77E49E2F70FFB7E490546E2F7D6
:10E530000BFB014620602846E2F704FB7949EBE734
:10E54000794A964200F391800DF0C0FB7749074667
:10E55000E2F702FC4FF07C51E2F7F6FAE2F7C2FD77
:10E560000546E2F7A5FB6B498146E2F7F5FB01465C
:10E570003846E2F7E7FA694980464846E2F7ECFB9D
:10E580001F2D07460CDC6A4A691E26F0FF0352F86D
:10E590002120934204D039464046E2F7D3FA0BE0FB
:10E5A00039464046E2F7CEFAC0F3C7534FEAE65B7E
:10E5B000C3EBD656082E01DC206026E058494846B9
:10E5C000E2F7CAFB074601464046E2F7BBFA0146BE
:10E5D00006464046E2F7B6FA3946E2F7B3FA514941
:10E5E00007464846E2F7B8FB3946E2F7ABFA014680
:10E5F00007463046E2F7A6FAC0F3C753ABEB030B6E
:10E60000BBF1190F16DC2060B04626684046314643
:10E61000E2F798FA3946E2F795FABAF1000F60602E
:10E62000BFF65AAF06F1004600F100402660606078
:10E630006D4251E73F494846E2F78EFB07460146E7
:10E640003046E2F77FFA014680463046E2F77AFA32
:10E650003946E2F777FA384906464846E2F77CFB46
:10E660003146E2F76FFA074695E7B6F1FF4F05DB53
:10E670000146E2F767FA6060206010E7F715863F11
:10E68000A6EBC7563046E2F72DFDE2F711FB014637
:10E6900003903046E2F756FA4FF08741E2F75CFB11
:10E6A0000646E2F71FFDE2F703FB0146049005462C
:10E6B0003046E2F747FA4FF08741E2F74DFB002181
:10E6C0000590E2F7DDFCF0B100212846E2F7D8FC26
:10E6D000002814BF01230223184A0192022200924B
:10E6E00021463A4603A800F0ABF8BAF1000F054600
:10E6F000BFF6F2AE236803F100432360636803F1C1
:10E700000043636094E70323E6E700BFD80F493F67
:10E71000E3CB1640800FC93FD00FC93F4344353784
:10E720000044353708A3852E800F494384F9223FE2
:10E7300018DD020000A3852E32318D2498DD020001
:10E740002DE9F04120F00044B4F1485F06468846C8
:10E7500003DAE2F7C7FC00285CD031463046E2F726
:10E76000FBFA4FF07C510546E2F7F6FA2B490746D3
:10E770002846E2F7F1FA2A49E2F7E6F92946E2F7F4
:10E78000EBFA2849E2F7DEF92946E2F7E5FA2649ED
:10E79000E2F7DAF92946E2F7DFFA2449E2F7D2F99B
:10E7A0002946E2F7D9FA2249E2F7CEF92946E2F7FB
:10E7B000D3FA2946E2F7D0FA414605463046E2F759
:10E7C000CBFA01462846E2F7BDF91A4B9C420546B2
:10E7D0000ADC01463846E2F7B5F901464FF07E50B3
:10E7E000E2F7B0F9BDE8F081134B9C42CCBF134C6B
:10E7F00004F17F4421464FF07E50E2F7A3F9214611
:10E8000006463846E2F79EF92946E2F79BF90146AB
:10E810003046E5E74FF07E50E4E700BF4ED747AD06
:10E82000F6740F317CF29334010DD037610BB63A98
:10E83000ABAA2A3D9999993E0000483F0000903EBE
:10E840002DE9F04FDBB002920493649AB24B05902D
:10E8500053F822300193049B0091013B0393029BE8
:10E860001A1DC0F29B80DC1E48BF1C1DE410671CF3
:10E87000FB000693029B039AA3EBC707019B03EBE4
:10E880000209659BA4EB02081EAE03EB880A002573
:10E890004FF0000B4D4540F38380049A1EAB03EB11
:10E8A00082050DF58C7B4FF000090023019A9145FC
:10E8B00040F39E8013460AAA02EB83030893659BEC
:10E8C000DDF8048003EB840307935AAB03EB880362
:10E8D0000AAC53F8505C2646C3464FF087490DF505
:10E8E0008C7ABBF1000F00F388803946284600F08F
:10E8F0002FFC4FF078510546E2F72EFAFFF790F91A
:10E900004FF08241E2F728FA01462846E2F71AF969
:10E910000546E2F7E7FB0646E2F7CAF90146284654
:10E92000E2F710F9002F814640F3868008F1FF32AC
:10E930000AABC7F1080153F8225045FA01F31E440F
:10E940008B40ED1A0AABC7F1070043F8225005418E
:10E95000002D7FDD002201369246904500F3B08005
:10E96000002F05DD012F00F0BD80022F00F0C580D3
:10E97000022D6FD149464FF07E50E2F7E3F8814611
:10E98000BAF1000F66D039464FF07E5000F0E0FB40
:10E9900001464846E2F7D6F881465BE0002466E788
:10E9A00018EB050F07D45AF82500E2F781F946F86D
:10E9B000040B01356EE75846F9E70793059BDAF833
:10E9C000001053F82800E2F7C7F901463046E2F795
:10E9D000BBF8079B064608F10108039A9045AAF187
:10E9E000040AEADD4BF8046B09F1010904355DE71F
:10E9F000AA461E464FF00008EFE74FF06E5128463A
:10EA0000E2F7AAF9E2F76EFBE2F752F949460990FC
:10EA1000E2F7A2F901462846E2F794F8E2F762FB32
:10EA20000BF1FF3B099B46F8040B5AF82B101846D4
:10EA3000E2F78AF8054654E706D108F1FF330AAA3F
:10EA400052F823502D1283E74FF07C51E2F736FB4A
:10EA5000054698BB00214846E2F712FB002800F06B
:10EA6000988008F1FF342346002201998B424CDA4A
:10EA7000002A7AD00AAB083F53F82430002B00F06C
:10EA8000868039464FF07E5000F062FBA2468146F8
:10EA900046AF4FF06E58BAF1000F80F2AF802746B4
:10EAA0000022002FC0F2D98046A91C4B01EB870B36
:10EAB00090464FF0000AA4EB0709C2E0022549E79F
:10EAC0002368BAF1000F08D11BB1C3F5807323602E
:10EAD0000123013204349A463FE7C3F1FF03236068
:10EAE0005346F6E708F1FF320AAB53F8223003F041
:10EAF0007F030AA941F822303AE708F1FF320AAB56
:10EB000053F8223003F03F03F3E70AA951F823102A
:10EB1000013B0A43A9E700BFDCE00200B0E00200CD
:10EB2000013352F8041D0029FAD0049A08EB0204BC
:10EB30001EAA08F1010502EB840498440DF58C79B6
:10EB4000A845FFF6C2AE079B53F82500E2F7B0F8E0
:10EB5000A34620604FF0000A0026039B9A4507DD7C
:10EB600049F8256004340135EAE7089A0123D8E71B
:10EB7000059B5BF8040953F82A10E2F7EDF801460B
:10EB80003046E1F7E1FF0AF1010A0646E5E7013CFC
:10EB900070E7069B029A4846991A00F0D9FA4FF09E
:10EBA00087410446E2F78AFA00B34FF06E512046DF
:10EBB000E2F7D2F8E2F796FAE2F77AF84FF08741F7
:10EBC0008146E2F7C9F801462046E1F7BBFFE2F7CC
:10EBD00089FA0AAB08F1010443F828004846E2F735
:10EBE00081FA0AAB083743F824004AE72046E2F7E7
:10EBF00079FA0AAB444643F8280042E70AAB53F8D7
:10EC00002A00E2F755F84946E2F7A6F8414647F8E8
:10EC10002A004846E2F7A0F80AF1FF3A81463AE7AF
:10EC200053F8040B5BF8041B03920293E2F794F889
:10EC300001464046E1F788FFDDE9023280460AF1ED
:10EC4000010A01998A4501DCCA45E9DD5AAB03EBAB
:10EC50008909013F49F8A08C23E7649B022B07DC5C
:10EC6000002B4DDC2ED006F007005BB0BDE8F08F26
:10EC7000649B032BF7D10DF1C80B0BEB8407B8464F
:10EC8000A246BAF1000F48DCA146B9F1010F5FDCE2
:10EC90000020012C75DC329A339B002D77D100992E
:10ECA0000A604B600A469060DDE757F82410E1F7F0
:10ECB0004BFF013C002CF8DA0DB100F10040009B45
:10ECC0001860D0E7002032AFF4E758F82710E1F7DA
:10ECD0003BFF013F002FF8DABDB100F10043009A7D
:10ECE000014613603298E1F72DFF01270DF1C808A6
:10ECF000BC420CDA0DB100F10040009B5860B2E755
:10ED0000274600200DF1C808E4E70346E7E758F876
:10ED10002710E1F719FF0137EAE7D8F8003058F873
:10ED2000042C0293194610460192E1F70DFF019A57
:10ED3000014681461046E1F705FF029B1946E1F7BF
:10ED400003FF48F804090AF1FF3AC8F8009098E771
:10ED500057F8043CD7F800A0019351461846E1F754
:10ED6000F3FE019B014680461846E1F7EBFE514653
:10ED7000E1F7EAFE47F8040909F1FF39C7F8008016
:10ED800083E75BF82410E1F7DFFE013C81E700999F
:10ED900002F1004203F100430A604B600A4600F1B1
:10EDA000004080E72DE9F84320F00043B3F1485FCD
:10EDB00004460F46914603DAE2F794F9002835D06D
:10EDC00021462046E1F7C8FF054601462046E1F707
:10EDD000C3FF294906462846E1F7BEFF2749E1F768
:10EDE000B1FE2946E1F7B8FF2549E1F7ADFE294616
:10EDF000E1F7B2FF2349E1F7A5FE2946E1F7ACFFB1
:10EE00002149E1F7A1FE8046B9F1000F11D1014679
:10EE10002846E1F7A1FF1D49E1F794FE3146E1F7ED
:10EE20009BFF01462046E1F78FFE04462046BDE8E1
:10EE3000F8834FF07C513846E1F78EFF414681461A
:10EE40003046E1F789FF01464846E1F77BFE294657
:10EE5000E1F782FF3946E1F775FE0C490546304679
:10EE6000E1F77AFF01462846E1F76EFE01462046AB
:10EE7000E1F768FED9E700BFD3C92E2F342FD73270
:10EE80001BEF3836010D50398988083CABAA2A3E61
:10EE90009A4A2DE9F84320F0004393420446054680
:10EEA0003ED9B3F1FF4F03D90146E1F74DFEE6E04D
:10EEB00004D1002880F2E480914CE1E0002807DBD7
:10EEC000904A93420CD9BDE8F84300200CF021BFD2
:10EED0008D49E1F739FE0021E2F7DCF80028EBD19B
:10EEE0008A492046E1F738FF002DB4BF4FF03F417B
:10EEF0004FF07C51E1F728FEE2F7F4F80546E1F720
:10EF0000D7FE83490746E1F727FF01462046E1F790
:10EF100019FE804906463846E1F71EFF07460DE018
:10EF20007D4A93426DD97D4A9342D9D800287849C9
:10EF300060DBE1F707FE774F06460125394630468C
:10EF4000E1F700FE014604463046E1F7FBFD394695
:10EF5000E1F7F8FD07464FF07C512046E1F7FCFE53
:10EF6000804601462046E1F7F7FE6D490646E1F787
:10EF7000F3FE6C49E1F7E8FD3146E1F7EDFE6A4941
:10EF8000E1F7E0FD3146E1F7E7FE6849E1F7DCFD36
:10EF90003146E1F7E1FE6649E1F7D4FD3146E1F79C
:10EFA000DBFE4FF07E51E1F7CFFD81460146404642
:10EFB000E1F7D2FE01465F48E1F7C4FD0146804615
:10EFC0004846E1F7BFFD414681462046E1F7C4FED1
:10EFD00001465948E1F7B6FD01464846E1F770FFA2
:10EFE0003146E1F7B9FE0146DDB92046E1F7B4FE4E
:10EFF00031460DE0E1F7A8FD504F06464FF0FF35D2
:10F000009CE7B3F14C5F0AD24D49E1F79DFD014603
:10F01000E1F798FD01462046E1F794FD2FE0002539
:10F0200099E73946E1F78EFD2146E1F795FE39462D
:10F03000E1F788FD3146E1F785FD6B1C06460AD1F4
:10F0400001462046E1F77EFD4FF07C51E1F784FE5A
:10F050004FF07C51E0E7012D1FD13A492046E2F7FD
:10F0600019F880B14FF07C512046E1F76DFD014663
:10F070003046E1F767FD4FF04041E1F76DFE044691
:10F080002046BDE8F88331462046E1F75BFD0146A6
:10F09000E1F75AFD4FF07E5107E76B1C392B4FEA21
:10F0A000C5560BD92146E1F74DFD01464FF07E5084
:10F0B000E1F748FD4FF07E513044ADE7162D0EDCF0
:10F0C0004FF0807141FA05F52146E1F73BFDC5F1AE
:10F0D0007E5501462846E1F735FD3418D0E7C5F1E5
:10F0E0007F01C905E1F730FD01462046E1F72AFD21
:10F0F0004FF07E51E1F728FDEFE700BF43B895419F
:10F10000000080BF1772B1426042A20D3BAAB83F17
:10F110008071313FD1F717371872B13E9115853F95
:10F12000BBED57B4547E8636CD70A638010DD03A6B
:10F130008988083D000040400000C040D1F717B763
:10F14000CAF24971000080BE004870470000C07FCD
:10F1500030F0004238B503460D4604462AD0B2F1DD
:10F16000FF4F04D30146E1F7EFFC034622E010F025
:10F17000FF4F17D14FF09841E1F7EEFD174A954246
:10F1800003460BDBC0F3C7520446193A2A44FE2A51
:10F190000ADD1349184661F31E0000E01149E1F74A
:10F1A000DBFDE2E7D20DF1E7002A05DD24F0FF40A8
:10F1B00040EAC253184638BD12F1160F05DA4CF278
:10F1C00050329542E5DC0749E4E7193224F0FF4468
:10F1D0004FF04C5144EAC250E1E700BFB03CFFFFA2
:10F1E000CAF249716042A20D0EB403B5014603ABE9
:10F1F000054853F8042B0068019300F0BBF802B0F7
:10F200005DF804EB03B070470C020020024B01468E
:10F21000186800F055B800BF0C020020024B0146F0
:10F22000186800F003B800BF0C02002038B505468E
:10F23000002941D051F8043C0C1F002BB8BFE41842
:10F2400000F04AFF1D4A136833B963601460284612
:10F25000BDE8384000F046BFA34208D92068211815
:10F260008B4201BF19685B6809182160EDE71A46F7
:10F270005B680BB1A342FAD911685018A0420BD1B8
:10F2800020680144501883421160E0D118685B681F
:10F29000536001441160DAE702D90C232B60D6E7F2
:10F2A000206821188B4204BF19685B68636004BF43
:10F2B000091821605460CAE738BD00BFAC2800209F
:10F2C000F8B5CD1C25F0030508350C2D38BF0C25ED
:10F2D000002D064601DBA94203D90C233360002030
:10F2E000F8BD00F0F9FE21490A6814469CB9204F88
:10F2F0003B6823B92146304600F0D0FA38602946F1
:10F30000304600F0CBFA431C23D10C233360304647
:10F3100000F0E8FEE3E723685B1B17D40B2B03D94F
:10F3200023601C44256004E06368A2420CBF0B60AC
:10F330005360304600F0D6FE04F10B00231D20F090
:10F340000700C21ACCD01B1AA350C9E72246646832
:10F35000CCE7C41C24F00304A042E3D0211A3046B9
:10F3600000F09CFA0130DDD1CFE700BFAC280020CF
:10F37000B02800202DE9F04F0D469DB01446984668
:10F38000064618B183690BB900F0E8FD894B9D4230
:10F390001BD175686B6ED90705D4AB899A0502D469
:10F3A000A86D01F04DFDAB891B0701D52B69EBB9A9
:10F3B0002946304600F064FCC0B16B6EDC070ED508
:10F3C0004FF0FF301DB0BDE8F08F7B4B9D4201D167
:10F3D000B568DFE7794B9D4208BFF568DAE7AB898E
:10F3E0009805EDD4A86D01F031FDE9E700230993FC
:10F3F00020238DF82930CDF80C803023DFF8C08130
:10F400008DF82A304FF0010923469A4613F8012B54
:10F410000AB1252AF9D1BAEB040B0BD05B46224680
:10F42000294630460CF007FD013000F0AA80099A09
:10F430005A4409929AF80030002B00F0A280002371
:10F440004FF0FF32CDE905230AF1010A0493079337
:10F450008DF853301A935446052214F8011B58486E
:10F46000E0F74EFE049AD8B9D10644BF20238DF8A8
:10F470005330130744BF2B238DF853309AF80030D4
:10F480002A2B15D0079A544600204FF00A0C21462B
:10F4900011F8013B303B092B4ED9B0B1079214E073
:10F4A000A0EB080309FA03F313430493A246D2E73F
:10F4B000039B191D1B680391002BBBBF5B4242F0ED
:10F4C000020207930793B8BF049223782E2B0CD126
:10F4D00063782A2B35D1039B1A1D1B680392002BDE
:10F4E000B8BF4FF0FF3302340593DFF8D8A021787E
:10F4F00003225046E0F704FE40B14023A0EB0A008F
:10F5000003FA00F0049B03430134049314F8011B35
:10F510002D488DF828100622E0F7F2FD00283FD094
:10F520002A4B1BBB039B073323F0070308330393CA
:10F53000099B3B44099367E70CFB02320C46012010
:10F54000A5E700230134059319464FF00A0C204625
:10F5500010F8012B303A092A03D9002BC5D00591A8
:10F56000C3E70CFB012104460123F0E703AB009342
:10F570002A46174B04A93046AFF300800746781C93
:10F58000D6D16B6ED90705D4AB899A0502D4A86D84
:10F5900001F05CFCAB895B063FF512AF099811E7FF
:10F5A00003AB00932A460A4B04A9304600F012F838
:10F5B000E4E700BF0CE102002CE10200ECE00200F5
:10F5C000CB410300D1410300D541030000000000FE
:10F5D00037BE02002DE9FF470F7E0C9D782F914624
:10F5E00080460C469A4601F1430207D8622F0AD89A
:10F5F000002F00F0D880582F00F0A38004F14205BE
:10F6000084F842703AE0A7F16303152BF6D801A104
:10F6100051F823F06DF6010081F60100FDF50100BF
:10F62000FDF50100FDF50100FDF5010081F6010089
:10F63000FDF50100FDF50100FDF50100FDF50100FE
:10F640008DF70100B1F601006FF70100FDF5010033
:10F65000FDF50100AFF70100FDF50100B1F6010075
:10F66000FDF50100FDF5010077F701002B681A1D7B
:10F670001B682A6004F1420584F842300123A3E0AC
:10F6800020682968060601F104030AD50E682B607C
:10F69000002E03DA2D23764284F843305E480A2395
:10F6A00019E00E682B6010F0400F18BF36B2EFE77C
:10F6B0002B682068191D2960010601D51E6802E02B
:10F6C0004606FBD51E8854486F2F0CBF08230A231B
:10F6D000002184F843106568A560002DA2BF216851
:10F6E00021F0040121600EB9002D4DD01546B6FB66
:10F6F000F3F103FB1167C75D05F8017D3746BB4297
:10F700000E46F4D9082B0BD12368DE0708D52369F0
:10F7100061689942DEBF302305F8013C05F1FF35F1
:10F72000521B2261CDF800A04B4603AA2146404659
:10F730000CF093FB01304CD14FF0FF3004B0BDE82A
:10F74000F087354881F845702968236851F8046BC3
:10F7500029601D0614D5DF0744BF43F02003236052
:10F760001EB9236823F0200323601023B0E7236829
:10F7700043F0200323607823284884F84530E3E7EA
:10F78000590648BFB6B2E6E71546BBE72B682668C0
:10F790006169181D286035061B6801D5196002E0F3
:10F7A0007006FBD51980002323611546BAE72B6844
:10F7B0001A1D2A601D68626800212846E0F7A0FC37
:10F7C00008B1401B606063682361002384F8433004
:10F7D000A8E723692A4649464046D0470130ABD0C6
:10F7E00023689B0713D4E068039B9842B8BF184670
:10F7F000A4E70123324649464046D04701309BD01A
:10F800000135E36803995B1AAB42F2DCEBE70025B4
:10F8100004F11906F5E700BF0EE20200DC41030027
:10F82000164B10B51C68A36BB3B91820FFF7EEFC9C
:10F830000246A06320B9124B12484E2100F0C1FDD0
:10F840001149124BC0E90013114B83600B238381D4
:10F8500000210120C2E90401A46B0E4A20696369FA
:10F860000D49424301FB0322A0FB0101431C42EB73
:10F870000100C4E9043020F0004010BD0C0200205B
:10F88000ED410300044203000E33CDAB34126DE6AC
:10F89000ECDE05002DF451582D7F954C38B5064D02
:10F8A0000023044608462B60E5F700FC431C02D108
:10F8B0002B6803B1236038BDB4280020024B0146F9
:10F8C00018680CF037BB00BF0C02002038B5074D9C
:10F8D00000230446084611462B6001F09EFA431CA3
:10F8E00002D12B6803B1236038BD00BFB4280020CB
:10F8F0000CB430B5174B0C1E1D689DB008DA8B2375
:10F900002B604FF0FF301DB0BDE8304002B07047B3
:10F910004FF40273ADF8143014BF04F1FF332346E3
:10F92000049307934FF6FF7302900690ADF81630DC
:10F93000209A21AB02A92846019300F0D9FB431C71
:10F94000BCBF8B232B60002CDDD0029B00221A70E1
:10F95000D9E700BF0C0200202DE9F04F85B08846A2
:10F960000192474A03901E460D462B4615F8014B5F
:10F97000A75C17F00807F8D12D2C47D12C78012768
:10F980009D1C002E77D0102E09D1302C07D12B785A
:10F9900003F0DF03582B69D16C781026023507F18C
:10F9A000004A07F1FF3B0AF1FF3A4FEAE679324697
:10F9B0004B4658465146E1F7DBFB00238C4602924A
:10F9C000194602461846A4F1300EBEF1090F22D89E
:10F9D0007446A64230DDB3F1FF3F14D082427CEB87
:10F9E000010326D38C4508BF824202D1029BA34269
:10F9F0001FDB714300FB0911A6FB0003194420180B
:10FA000041EBE471012315F8014BDCE72B2C04BF1B
:10FA10002C789D1CB5E7A4F1410EBEF1190F01D859
:10FA2000373CD6E7A4F1610EBEF1190F04D8573C5C
:10FA3000CFE74FF0FF33E6E75A1C09D1039A2223A0
:10FA40001360019B5846514653B905B0BDE8F08F8D
:10FA500017B1404261EB4101019A002AF5D00BB188
:10FA600005F1FF38019BC3F80080EEE73024002E3B
:10FA700095D1082693E7302C89D00A268FE700BF5E
:10FA8000CB40030013460A46014602480068FFF7D0
:10FA900063BF00BF0C0200202DE9F74F9246494A90
:10FAA000019089461D460E46334616F8014BA75C69
:10FAB00017F00807F8D12D2C4AD1347801279E1C65
:10FAC000002D7BD0102D09D1302C07D1337803F0D5
:10FAD000DF03582B6DD17478102502364FEAE57B91
:10FAE0002A465B464FF0FF304FF0FF31E1F740FB15
:10FAF0002A46009088465B464FF0FF304FF0FF31BA
:10FB0000E1F736FB002318461946A4F1300CBCF18E
:10FB1000090F22D86446A54230DD002B2BDB009B69
:10FB2000834278EB010326D3009B884508BF8342BC
:10FB300001D1A2421FDB694300FB0B11A5FB0003AF
:10FB40001944201841EBE471012316F8014BDCE75E
:10FB50002B2C04BF34789E1CB2E7A4F1410CBCF1FD
:10FB6000190F01D8373CD6E7A4F1610CBCF1190F8D
:10FB700004D8573CCFE74FF0FF33E6E7002B0BDA12
:10FB8000019A22234FF0FF3013600146BAF1000FB3
:10FB90000AD103B0BDE8F08F17B1404261EB4101DB
:10FBA000BAF1000FF5D00BB106F1FF39CAF8009099
:10FBB000EFE73024002D91D108258FE7302C85D038
:10FBC0000A258BE7CB40030013460A46014602484C
:10FBD0000068FFF761BF00BF0C020020F8B50E46B9
:10FBE0001446054618B183690BB900F0B7F9214BEB
:10FBF0009C422BD16C68A369A360A3891A072FD5F7
:10FC000023696BB323692068C01A6369F6B2834223
:10FC1000374604DC2146284600F022F930BBA368B1
:10FC2000013BA36023685A1C22601E706369013087
:10FC3000834204D0A389DB0706D50A2E04D12146CE
:10FC4000284600F00DF988B93846F8BD0A4B9C42A9
:10FC500001D1AC68CFE7094B9C4208BFEC68CAE70A
:10FC60002146284600F00CF80028CBD04FF0FF3793
:10FC7000EAE700BF0CE102002CE10200ECE0020028
:10FC8000324B70B51D6806460C4625B1AB6913B9F9
:10FC9000284600F063F92E4B9C420FD16C68A38973
:10FCA000B4F90C2019072CD4DD0611D409233360D4
:10FCB00042F04003A3814FF0FF303EE0254B9C42D1
:10FCC00001D1AC68EBE7244B9C4208BFEC68E6E747
:10FCD000580712D5616B41B104F14403994202D037
:10FCE0003046FFF7A3FA00236363A38923F02403BC
:10FCF000A3810023636023692360A38943F0080381
:10FD0000A38123694BB9A38903F42073B3F5007F62
:10FD100003D02146304600F09FF9A089B4F90C20A9
:10FD200010F001030AD00023A36063695B42A36162
:10FD3000236943B910F08000BAD170BD810758BF64
:10FD40006369A360F4E70020F7E700BF0C0200201E
:10FD50000CE102002CE10200ECE002008A89F8B517
:10FD6000054610070C4657D44B68002B04DC0B6C7F
:10FD7000002B01DC0020F8BDE66A002EFAD000233B
:10FD800012F480522F682B6032D0606DA3895A071D
:10FD900005D56368C01A636B0BB1236CC01A0023CE
:10FDA0000246E66A216A2846B047431CA38906D169
:10FDB00029681D292CD8294ACA40D60728D50022EF
:10FDC0006260D9042269226004D5421C01D12B68EB
:10FDD00003B96065616B2F600029CBD004F1440347
:10FDE000994202D02846FFF721FA00206063C2E75B
:10FDF000216A01232846B047411CC7D12B68002B3C
:10FE0000C4D01D2B01D0162B01D12F60B2E7A389DE
:10FE100043F04003A381AEE70F69002FAAD09307F8
:10FE20000E6808BF4B690F6018BF0023F61B8B607C
:10FE3000002E9FDD216AD4F828C033463A46284672
:10FE4000E047002806DCA38943F04003A3814FF07C
:10FE5000FF3090E70744361AEAE700BF0100402070
:10FE600038B50B6905460C4613B90025284638BD40
:10FE700018B183690BB900F071F8144B9C421BD187
:10FE80006C68B4F90C30002BEFD0626ED00704D44C
:10FE9000990502D4A06D00F0D3FF28462146FFF754
:10FEA0005DFF636EDA070546E0D4A3899B05DDD4C8
:10FEB000A06D00F0CBFFD9E7054B9C4201D1AC68A7
:10FEC000DFE7044B9C4208BFEC68DAE70CE1020074
:10FED0002CE10200ECE00200002310B50446C0E96A
:10FEE0000033C0E90433836081814366C28183614A
:10FEF000194608225C300BF081FF054B6362054B0D
:10FF0000A362054BE362054B2462236310BD00BF6F
:10FF10008FC10200B1C10200E9C102000DC202009E
:10FF200001490CF06FB800BF61FE0100014800F00C
:10FF300087BF00BFC0020020014800F087BF00BF9C
:10FF4000C0020020014800F07BBF00BFD4020020A7
:10FF5000014800F07BBF00BFD402002010B504466A
:10FF6000FFF7F0FFA3691BB1BDE81040FFF7F0BF3A
:10FF7000C4E912332365134B134A1B68A262A342E0
:10FF800004BF0123A361204600F020F860602046F2
:10FF900000F01CF8A060204600F018F80022E06095
:10FFA00004216068FFF798FFA06801220921FFF78C
:10FFB00093FFE06802221221FFF78EFF0123A36165
:10FFC000D2E700BFE8E0020021FF0100F8B50746D4
:10FFD000FFF7ACFF1E4B1E68B36913B93046FFF73D
:10FFE000BDFF4836D6E90134013B03D533680BB376
:10FFF0003668F7E7B4F90C50D5B9164BE36004F155
:020000022000DC
:100000005800656600F012FFFFF796FFC4E901553E
:10001000C4E904552560A5610822294604F15C0065
:100020000BF0ECFEC4E90D55C4E912552046F8BDAD
:100030006834D9E7042138460BF0CEFF044630601F
:100040000028D5D1FFF778FF0C233B60EEE700BF17
:10005000E8E002000100FFFF8B8973B59D070646AB
:100060000C4607D504F14703236023610123636134
:1000700002B070BD01AB6A460BF0E3FF0099054684
:100080003046FFF71DF948B9B4F90C309A05EFD4A2
:1000900023F0030343F00203A381E3E70D4BB362B4
:1000A000A389206043F08003A381009B6361019BCF
:1000B00020615BB1B4F90E10304600F04DF928B163
:1000C000A38923F0030343F00103A381A08905431F
:1000D000A581CDE721FF0100014800F0B1BE00BFBE
:1000E000AC020020014800F0B1BE00BFAC0200200D
:1000F0002DE9F04F98468B891B069DB007460D46AB
:1001000014460ED50B6963B94021FFF7D9F8286072
:10011000286120B90C233B604FF0FF30D1E0402331
:100120006B610023099320238DF82930CDF80C80D2
:100130003023DFF8A8818DF82A304FF001092346DB
:100140009A4613F8012B0AB1252AF9D1BAEB040B10
:100150000BD05B462246294638460BF0BDFF0130E6
:1001600000F0AA80099A5A4409929AF80030002BAC
:1001700000F0A28000234FF0FF32CDE905230AF101
:10018000010A049307938DF853301A9354460522BD
:1001900014F8011B5148DFF7B3FF049AD8B9D00611
:1001A00044BF20238DF85330110744BF2B238DF813
:1001B00053309AF800302A2B15D0079A5446002065
:1001C0004FF00A0C214611F8013B303B092B4ED968
:1001D000B0B1079214E0A0EB080309FA03F313434C
:1001E0000493A246D2E7039B191D1B680391002BC1
:1001F000BBBF5B4242F0020207930793B8BF049271
:1002000023782E2B0CD163782A2B35D1039B1A1D12
:100210001B680392002BB8BF4FF0FF3302340593E5
:10022000DFF8BCA0217803225046DFF769FF40B118
:100230004023A0EB0A0003FA00F0049B03430134BF
:10024000049314F8011B27488DF828100622DFF7C5
:1002500057FF002838D0244B1BBB039B073323F0E8
:10026000070308330393099B3344099367E70CFBA7
:1002700002320C460120A5E70023013405931946FC
:100280004FF00A0C204610F8012B303A092A03D906
:10029000002BC5D00591C3E70CFB012104460123C7
:1002A000F0E703AB00932A46104B04A93846AFF39E
:1002B0000080421C0646D6D1AB895B063FF52CAFC9
:1002C00009981DB0BDE8F08F03AB00932A46074B99
:1002D00004A93846FFF77EF9EBE700BFCB410300E6
:1002E000D1410300D541030000000000D9C0020045
:1002F00038B5074D04460846114600222A601A46C2
:1003000000F07DFD431C02D12B6803B1236038BD92
:10031000B428002038B5064D0023044608462B605B
:1003200000F071FD431C02D12B6803B1236038BD7E
:10033000B428002038B5074D00230446084611466E
:100340002B6000F06EFD431C02D12B6803B12360CB
:1003500038BD00BFB428002038B5064D0023044640
:1003600008462B6000F054FD431C02D12B6803B1FA
:10037000236038BDB428002038B5074D0446084630
:10038000114600222A601A4600F040FD431C02D1AB
:100390002B6803B1236038BDB428002038B5074D61
:1003A00004460846114600222A601A4600F023FD42
:1003B000431C02D12B6803B1236038BDB428002050
:1003C0007047704710B5E2F7B9FA0A24E2F77AFBF2
:1003D000013CFBD1204610BD7047704710B5044664
:1003E0000BF0E1FB204610BD10B504460BF0DBFB23
:1003F000204610BD034658B1426802F00302012AAC
:1004000003D0032A04D1026812B10020986070471B
:100410006FF0150070474268816002F00302032A02
:100420004FF0000203460CBF006810465A60704748
:10043000002070470FB407B504A951F8040B0191CF
:10044000E2F79EFB03B05DF804EB04B0704710B513
:1004500003460068002258B188420FD108685C68E2
:100460003AB9A142186000D1586000230B60012006
:1004700010BDA142106008BF5A60F6E7024600684E
:10048000E9E7838B13F0070305D10368002B0CBF4A
:10049000002003207047022B05D1C38B002B14BF13
:1004A000002004207047012B05D10368002B0CBFEE
:1004B000002005207047002070472DE9F0410D46CF
:1004C00007461946281D90461E46FFF7A4FF04461E
:1004D00038B13346424629463846A446BDE8F04185
:1004E0006047BDE8F08110B44FF02004EFF31182B3
:1004F00084F31288BFF36F8F816110BC0121E2F792
:100500004DBB10B50C4640B139B1081DFFF772FF65
:1005100028B9A36833F0030301D06FF0150010BDB4
:1005200038B50C46054658B151B10B6843B14B681C
:1005300033B1202200210BF061FC2C61002038BD7A
:100540006FF01500FBE770B504460E46FFF7D9FFC4
:10055000051E31DB4FF02003EFF3118183F3128886
:10056000BFF36F8FE38BA08B4FF6FF75AB4200F0AC
:1005700007022ED0022A0ED10133E3831546012350
:1005800081F31188BFF36F8FB3B10023314620464A
:10059000FFF793FF10E0830701D0062A0ED1002356
:1005A0003360636893B9C4E90066154662B90A46C8
:1005B00020460221E2F7F2FA284670BD052A0CBF58
:1005C0006FF085056FF004050023D9E71E606660B3
:1005D000EBE76FF00A05F7E710B54FF02003EFF3F4
:1005E000118283F31288BFF36F8F848B04F00704AA
:1005F000022C0AD0012C0CBF6FF004006FF08500B4
:1006000082F31188BFF36F8F08E0C38B013B9BB26D
:10061000C38323B92146E2F7C1FA204610BD204624
:10062000EEE738B5B0B1A9B14FF02002EFF3118574
:1006300082F31288BFF36F8F848BFFF708FF30B10E
:1006400004F0070085F31188BFF36F8F38BD6FF09A
:100650007700F7E76FF01500F8E7044608B508469D
:1006600011461A46A047FCF7BDFFE4F709FC00EB72
:10067000C100408840087047F8B50346FFF7F7FF10
:10068000B0FA80F0C0F11F0003EB800CCA00DCF868
:100690001060171D0C4606328DB256B9012101FAC1
:1006A00000F0D9680143D960CCF81040DD539D5269
:1006B000F8BDF1000431585AD85303EBC0009E52E4
:1006C000C5805D52F4E710B500EBC104E3889942A0
:1006D00002F104010AD1012303FA02F2C36823EAFA
:1006E0000203C360002340F8213010BDA28840F807
:1006F000213000EBC20100EBC300CB808280F4E725
:1007000008B50346FFF7B3FFB0FA80F2C2F11F024B
:100710001846BDE80840FFF7D6BF2DE9F843B1FA07
:1007200081F5C5F11F0900EB890703463A690E46BA
:10073000C2B14FF003083C6918462146FFF797FF06
:10074000B04206D34A461846FFF7BDFF2046BDE833
:10075000F88303EBC400B8F10108C088386101D008
:100760008242E8D1C5F120024FF0FF349440DA68AC
:100770001440EBD094FAA4F2B2FA82F2111D53F8AD
:1007800021402146DFE738B50346FFF770FF0D46ED
:10079000044611461846FFF76AFF03EBC5050444FB
:1007A000600068801846FFF762FF014423F831407B
:1007B00038BD38B50346FFF75AFF0C46A51A511A43
:1007C00003EBC40405444800608003EBC2006C00E6
:1007D000448023F8321018461146FFF748FF0144C1
:1007E00023F8315038BD38B50546FFF740FF0C46B9
:1007F000014405EBC1035B88DA070AD42846FFF7FA
:100800007FFF21462846FFF732FF22182846FFF7D0
:10081000BAFF35F83410611A05EBC1035B88DB07BA
:100820000CD42846FFF76CFF35F834102246611AC5
:100830002846FFF7A8FF35F83430E41A2146284649
:10084000BDE83840FFF718BF61B100680439091AE4
:1008500021F007030344C9085A8822F001025A8094
:10086000FFF7C1BF704770B5056809B9002070BDBA
:10087000AB68B3EBD10FF9D90B31CC082146284630
:10088000FFF74BFF06460028F0D001462846FFF749
:10089000EEFEA04207D932192846FFF78AFF11461B
:1008A0002846FFF7E9FE05EBC6021046538843F0E1
:1008B000010353800430DAE72DE9F84314464A4235
:1008C00002EA010731EA020203460AD0042F3A463F
:1008D000B94628BF0422CF1B74B900252846BDE8BD
:1008E000F883042904D82146BDE8F843FFF7BBBFCD
:1008F0004FF000090422EFE71E68B368B3EBD40F92
:10090000EBD904F10B013944891AC9083046FFF7C5
:1009100004FF80460028E0D009F1040505EBC0057E
:100920007B1E35441D447F423D40A5EB09052C4408
:100930002B1F07349B1B24F00704A41BB0EBD30F21
:100940004FEAD3074FEAE40408D201463A4630465C
:10095000FFF72FFF41463046FFF78EFE39463046FF
:10096000FFF785FE3844844207D230462246FFF71F
:1009700020FF21463046FFF77FFE06EBC70673884F
:1009800043F001037380A9E7043ACB1D114423F01F
:10099000070321F00701F0B4CD1AEA080360B2FAA8
:1009A00082F0C0F12404A40007340026E108C0F15D
:1009B000200003F110049A60DE6004EB80008442A2
:1009C00018D1480040F00100588003EBC104501AD0
:1009D00047001E8067805C1923F8311003EBC202C8
:1009E00066805853508840F001005080F0BC184693
:1009F000FFF742BE44F8046BE1E72DE9F0410746FA
:100A0000884615461E461446B442A4EB050002D3A0
:100A10003EB923782BB114F8010B4146B8470028A2
:100A2000F2DABDE8F081F0B54668C7684569C36988
:100A3000A6EB070C751B63450446A3EB05009CBFA2
:100A4000ACEB030CFF18824228BF0246A3EB0C005C
:100A50009042236828BF1046F71B1F4406440F60CE
:100A60006660F0BDD0E90123D21A8A420BD3194443
:100A7000C368C269C0E90111C91A8A4201D8134486
:100A8000C360002070476FF0150070472DE9F341F7
:100A900080460E46154600272A4601A94046FFF724
:100AA000C2FF31460446024601980BF06CF92D1B3B
:100AB0002744264401D0002CEED139464046FFF7AA
:100AC000D1FF384602B0BDE8F081F0B5866905690E
:100AD000C3698768A5EB060C63450446A7EB0500D0
:100AE0009CBFACEB030CF618904228BF104607469B
:100AF000A3EB0C00B842236828BF3846AE1B1E4447
:100B000005440E602561F0BDD0E90423D21A8A4263
:100B10000BD31944D0E90632C0E90411C91A8A423C
:100B200001D813448361002070476FF015007047AF
:100B30002DE9F34180460D4616460027324601A9AD
:100B40004046FFF7C2FF04462DB1024601992846F0
:100B50000BF019F92544361B274401D0002CEDD1A8
:100B600039464046FFF7D0FF384602B0BDE8F08175
:100B7000704708B5E2F7FEFCBDE80840E2F7ECBCC0
:100B8000002070472DE9F84306460F4690469946E7
:100B900004254B46424639463046E4F75FFF10F1E4
:100BA0000B0F044603D1FCF77BFC013DF1D120463D
:100BB000BDE8F883006840B150F8043C5B688B42A4
:100BC000A0F1040001D04068F5E77047006850B11B
:100BD00050F8043C5B685B689B788B42A0F1040092
:100BE00001D04068F3E7704730B5006888B150F82D
:100BF000043C5B681A6A1D7F04380023043ADCB2A7
:100C0000A54201D84068F1E7013312F833408C4225
:100C1000F5D130BD08B5E3F7F7F928B1406810F118
:100C2000100F14BF0020012008BD4B1CDBB28170E7
:100C3000817680F82530C37600F8061C704750E9AD
:100C40000231806F18470369002283F82A20704719
:100C5000036993F82A0008B193F8280070470369E4
:100C6000002283F82B207047036993F8290070470E
:100C7000036993F8282012B193F82A202AB993F82F
:100C8000290018B193F82B0070470120704701200C
:100C900070470369C3E9001270470229036907D04E
:100CA00004290AD001290DD15B6F13600020704721
:100CB00093F87B30C3F34003F7E793F87B3003F0FE
:100CC0000103F2E76FF08500704710B50469E06E2C
:100CD000FFF72EFFE36E1A699B689A4204BF002358
:100CE00084F8293010BD08B50122FFF7EEFF013866
:100CF00018BF4FF0FF3008BD402908B5036942D046
:100D000013D8102932D006D801291ED008291FD0A7
:100D10006FF0120008BD2029FAD193F87C1001F081
:100D2000FB0142B341F0040125E0B1F5807F33D0EF
:100D3000B1F5007F39D08029EAD193F87C1001F019
:100D4000EF01C2B141F0100115E05A670020E1E760
:100D500093F87C1001F0FE012AB983F87C10012180
:100D6000E3F792FCF2E741F00101F6E793F87C101B
:100D700001F0FD0122B983F87C1093F87C10EFE7B5
:100D800041F00201F7E793F87C1001F0F701002A27
:100D9000F1D041F00801EEE793F87C1001F0DF019B
:100DA000002AE8D041F02001E5E793F87C1001F03B
:100DB000BF01002ADFD041F04001DCE70AF003BCAC
:100DC000014600680AF0FFBB00210120FFF7F6BFD3
:100DD00008B5E3F739FEBDE80840E3F719BF0B4655
:100DE00001461846FFF7CCBE002070474FF0FF3099
:100DF00070470020704708461146E4F723B90846BB
:100E00001146E4F733B94FF0FF30704700207047C8
:100E10000228CCBF0020012070470020704700202E
:100E200070474FF400534B600020704710B50446E4
:100E30001420FEF7EBF92060BDE810400AF025BC55
:100E40004FF0FF324FF0FF33FBF78EBEFBF704BFCE
:100E5000FBF794BC062808D14FF080430122C3F869
:100E60000025BFF34F8F20BFFDE77047002383F3BA
:100E70001188BFF36F8F7047036910B5C0E9053360
:100E80000023C360837F044613B1407A00F0E7FC7F
:100E90000123237700236377E377A37710BDFBF764
:100EA00063BEFBF7D9BE0378017903F00F0221B9C5
:100EB000101E18BF012040427047082A06D8012999
:100EC00007D183F0080040F3C00070474FF0FF30B7
:100ED00070470020704770B504460E461546E4F78B
:100EE00035FE30B906B925B12046BDE87040E4F7BB
:100EF00075BE70BD0369C9B20C2201FB0233986C48
:100F000000F0070070474FF02003EFF3118283F3E6
:100F10001288BFF36F8F036803F0C00343F002032E
:100F2000036082F31188BFF36F8F7047034670B57B
:100F30000069C9B24FF02004EFF3118684F31288E0
:100F4000BFF36F8F0C2505FB0104A46C14F0C004E3
:100F500001D0A24210D105FB0100012282640020D1
:100F600086F31188BFF36F8F28B95B6803EBC1016B
:100F70004B689847002070BD4FF0FF30F0E78022AB
:100F8000FFF7D4BFF8B5069F04690546C9B24FF014
:100F90002000EFF3118C80F31288BFF36F8F0C26C3
:100FA00006FB0146B06C00F0070EBEF1010F11D137
:100FB000B76400268CF31188BFF36F8F46B90C20FD
:100FC00000FB0144C4E910236B6853F831309847A3
:100FD0003046F8BD00F0C000874214BF4FF0FF3626
:100FE0006FF07706E6E713B580240094FFF7CAFF99
:100FF00002B010BD0069CBB200EB431000211047D6
:10100000002000F0C5BA002000F0FFBA1046FBF740
:1010100091BE43685B68D3F810350B6000207047C1
:1010200043685B68D3F8040542400A404240C3F875
:1010300004250020704743685B680020C3F808154A
:10104000704743685B680020C3F80C15704743681D
:101050005A68D2F804354B40C2F804350020704776
:101060000369586830B558B10024814212D108682C
:101070009D6854B98D42586000D198600020086086
:101080006AB9002030BD2846EFE78D42206008BFD6
:101090009C60F3E705680446002DF4D13AB19868E6
:1010A0005A680A6059600028EBD19960EAE76FF04E
:1010B0001500E7E713B54FF080520829136E526E02
:1010C00028BF082112BA00921BBA0C460A4669468C
:1010D00001930AF058FE204602B010BD02690B468B
:1010E000D2E9010183E803000020704743681B68D0
:1010F000D3F88004C3F880047047436802691B6812
:10110000D3F8100150B19269002012780A70C3F828
:101110001001D3F8102101221A6070474FF0FF3000
:101120007047002A10B5044610DD43681B68D3F8E9
:10113000100150B1226900209269C3F81001D3F860
:10114000100112780A700120186010BD0020FCE721
:10115000436801691A684FF02000EFF3118380F3B0
:101160001288BFF36F8FC968002088734FF4800125
:10117000C2F8041383F31188BFF36F8F70470369BC
:10118000DB6801229A7370470369DB689A7B02F07F
:10119000FF0162B942681268D2F8580140B1D2F832
:1011A000040310F4800003D019610120704700206F
:1011B000704743681B68D3F81001003818BF01203E
:1011C000704743681B681022C3F8042370474368C4
:1011D0001B681022C3F80823704743681B684FF44C
:1011E0000072C3F80423704743681B684FF4007211
:1011F000C3F808237047012070470369DB68C3E91F
:101200000012704738B543681D68D5F804335B0297
:10121000044605D4D5F8040310F0100006D138BDFB
:10122000FFF7B2FF0028F5D00120F8E72046FFF7CE
:10123000C0FF003818BF0120F1E70368C3F8441568
:10124000C3F848250022C3F82021D3F82011C3F8A1
:101250005821D3F858214268D20641BF0822C3F86A
:1012600000254FF48002C3F8042301229A607047DE
:1012700002680346D2F8580140B95B689B0706D460
:10128000D2F82001003818BF0120704701207047B4
:10129000F8B50669F3689C89BFF35B8F9442A8BFD9
:1012A000144605461033012253E8000F002803D1ED
:1012B00043E80027002FF7D1BFF35B8F0CBF134625
:1012C00000231FD1F368224698680AF05CFD4FF0B6
:1012D0002003EFF3118783F31288BFF36F8F6868E1
:1012E000FFF7C6FFF36838B91861044687F3118821
:1012F000BFF36F8F2046F8BD996868682246FFF7F4
:101300009CFFF3E71C46F5E742681368D3F8041323
:10131000C90510B418D5D3F82011A9B14FF0200495
:10132000EFF3118184F31288BFF36F8FD3F820415C
:1013300034B10024C3F82041D3F820410124DC60FB
:1013400081F31188BFF36F8F5268D2061AD54FF020
:101350002002EFF3118182F31288BFF36F8FD3F86D
:10136000582112B10022C3F800250269D2680AB1DF
:1013700012691AB94FF48002C3F8082381F3118867
:10138000BFF36F8F0269D2685AB1D3F8581151B1C7
:10139000947B0021116134B14FF48000C3F808033D
:1013A000917310BC7047D3F8241121B10021C3F808
:1013B0002411D3F824311368002BF2D0516810BCEB
:1013C000184710B50022044601212820E3F724FB2A
:1013D0002820E3F7EFFA2046BDE81040E5F70EB805
:1013E00010B50022044601210220E3F715FB02207C
:1013F000E3F7E0FA2046BDE81040E4F7FFBF70478E
:1014000030B543681360037A03F10053013BDB00FE
:10141000456814681D44AC4202D96FF0010030BD2C
:1014200065798D4202D008341460F1E70020F6E7B8
:1014300009B9E5F7EDBAE5F71DBB70B515460446E9
:1014400000EB8106A64201D1002070BD23681A0C72
:10145000222A00F28E80DFE802F0121D244329398F
:10146000438C8C8C8C484D8C8C8C8C8C8C8C8C8C88
:10147000525E63688C8C8C6D73787D82870003F07C
:101480003F03C5F80C35206800F03F00E5F7F2FA9D
:10149000012215E003F03F03C5F8143500220021B6
:1014A0000FE003F03F03C5F80835ECE703F03F0316
:1014B000C5F80835206800F03F00E5F7A9FA0022DA
:1014C00001212068E5F7B4FA0434BBE703F03F03D9
:1014D000C5F80C35206800F03F00E5F799FAD7E72A
:1014E00003F03F03C5F81035D8E703F03F03C5F814
:1014F0000835D3E703F03F03C5F80C35CEE703F01A
:101500003F03C5F860352068C0F3403100F03F006C
:10151000FFF78EFFBCE703F03F03C5F86435F2E741
:1015200003F03F03C5F86835EDE703F03F03C5F866
:101530006C35E8E703F03F03C5F824350122AEE738
:1015400003F03F03C5F82835F8E703F03F03C5F87B
:101550003035F3E703F03F03C5F83435EEE703F029
:101560003F03C5F83835E9E703F03F03C5F83C35DC
:10157000E4E76FF0850068E74FF08053D3F830015F
:10158000A0F1080358425841704700470AF06FBA6B
:1015900008B510B101282DD008BD4FF08042D2F817
:1015A0001814D2F8183413F480330BD1D2F8141471
:1015B000C90710D5D2F81C349B0708D40223C2F8FF
:1015C0000433E9E701F00303012B04D01BB1002031
:1015D000E5F7ACFB00234FF08042C2F8183500233A
:1015E000C2F80431D2F804310223C2F804330123D3
:1015F0009360D1E74FF080430022C3F80021D3F875
:101600000021C3F804031860C6E7E5F78FBBF7B500
:10161000019001A8DDE9084617461D46E5F730FCB4
:10162000019B002F00EB830014BF0223002300293D
:1016300018BF43F00103002D14BF4FF00C0C4FF006
:10164000000C002C43EA0C0314BF4FF4E06C4FF085
:10165000000C002E43EA0C03D0F8002714BF4FF40F
:10166000403C4FF0000C43EA0C0322EA030301B1B3
:1016700009780FB13F787F0019430DB12D78AD0087
:1016800039430CB1227814020D430EB1367836047A
:101690002C433443C0F8004703B0F0BD1FB50DF133
:1016A0000F03019300238DF80F1000931A4619467B
:1016B000FFF7ADFF05B05DF804FB00F180431A6849
:1016C000002A1FBF00221A601B68012008BF0020EB
:1016D00070474FF080434FF46072C3F804237047A3
:1016E0004FF080434FF46072C3F80823704708B589
:1016F000E5F776FFBDE80840E5F78EBB4FF0805375
:10170000D3F83001A0F1080358425841704730B572
:101710004C680D68A34297BFC0E900530021E41A4A
:10172000ED188EBFC0E900514C600D609A4203D1A4
:10173000201E18BF012030BD0020FCE74B6810B50B
:101740009A420C6828BF1A46C0E90042981A0B68F2
:1017500048601A4400380A6018BF012010BD30B537
:101760004C680B68A24228BF2246002A14BF1D46BF
:101770000025C0E90052A4EB02041A444C600A6040
:1017800014BF0120002030BD10F0800F14BF0023D3
:10179000102300F00F0018447047704708B5014649
:1017A000E5F796FF0846E5F785FF837B032B0AD113
:1017B0000846FFF7E9FF012303FA00F0C043BDE844
:1017C0000840E6F797B80368002BF1D008BD8720E2
:1017D000FFF7E4BF8620FFF7E1BF8520FFF7DEBFFC
:1017E0008420FFF7DBBF8320FFF7D8BF8220FFF7FD
:1017F000D5BF8120FFF7D2BFE6F78CB808B5E5F773
:1018000059FF818108BD08B5E5F754FF4FF020026C
:10181000EFF3118382F31288BFF36F8F82680A603F
:1018200002682AB9807B83F31188BFF36F8F08BDEC
:101830000420F8E70720E6F7A5BB0620E6F7A2BBE1
:101840000520E6F79FBB0420E6F79CBB0320E6F7E4
:1018500099BB0220E6F796BB0120E6F793BBE6F7BB
:1018600083BCE6F78FBE08B5FFF7FBFF002008BD7D
:10187000704703698361704710B504460AF093F915
:10188000204610BD8068704770B5044680690E46DA
:1018900000F078F831460546606900F079F8401BA1
:1018A00070BD08B508461146E6F732FF002008BDB6
:1018B0000FB407B504A951F8040B0191E6F728FF0E
:1018C00003B05DF804EB04B070470022C0E90022C9
:1018D000826070470120704703689B69184703685E
:1018E000DB69184738B500F58053D3F88842802C5F
:1018F0000DD81A46083200239C420CD012F8015B26
:101900008D4206D103F2224350F8230038BD0AF07D
:1019100002FA0133F0E70020F8E72DE9F041044630
:101920000F460646002500F58058D8F80430AB4233
:1019300010D9B369202B02D001352036F5E7F069C4
:101940003946DFF7EFFD0028F6D104EB45100430EF
:10195000BDE8F0810020FBE7202970B510D000F52C
:10196000805300F118055C6800239C4208D05A019E
:10197000AE588E4202D10432104470BD0133F4E7F8
:101980000020FAE74B1E1844B0FBF1F048437047C3
:10199000B0FBF1F04843704701380844B0FBF1F068
:1019A0004843704701380F2815D8DFE800F00C0CC9
:1019B000100E1410080E10080E120E14140C022330
:1019C0000B60002070470423FAE70823F8E701239F
:1019D000F6E71023F4E7012070472DE9F3410E46A6
:1019E0000168411A1546B1F800C0BCF1040F044665
:1019F0001A4629D98B8818446BB1E358012750F84F
:101A0000038018440023434506D050F804EF013307
:101A10000EFB07F7F7E70127BCF1060F15D9C888B9
:101A200000B120560DF10701C0B2E9F739F840B90D
:101A30009DF807002946FFF7B5FF10B92B685F43F3
:101A4000376002B0BDE8F08101270020EAE773B5F6
:101A50000A4609B90AF05FF9436853B153F8046BB9
:101A6000002101248E4205DD53F8045B01316C43F3
:101A7000F8E70124007A01A9FFF794FF10B9019B50
:101A80006343136002B070BD0368C01A03888B42C1
:101A90008CBF405A0020704710B508210446FFF75C
:101AA000F3FF10B123182058184410BD30B5034679
:101AB0000446204614F8015B002DFAD101390B448D
:101AC000013A12F8011F21B1984202D200F8011B1D
:101AD000F7E70023037030BD70B505460C46B5FB33
:101AE000F2F602FB1650C3B2092894BF30335733C5
:101AF0002046DBB2AA4200F8013B0AD9002303705A
:101B0000A14209D20B78227801F8012B04F801399F
:101B1000F6E704463546E2E770BD034610B553F8D4
:101B2000044B00220120944204DD53F8041B0132CF
:101B30004843F8E710BD0268821A034611880A2953
:101B400005D950891A1818B11B58D0587047002071
:101B500070470329034605D8012994BF00781888E7
:101B60000021704707290068FAD959687047704703
:101B700010B504460AF017F8204610BD2DE9F84FBD
:101B8000D0F81490044600264FF02C0AA3691B6875
:101B90009E4220D2A06866613146E7F7F3FA4FEA29
:101BA000C60B80460027474513D0236953F80B50D6
:101BB0000AFB0755AB6A69695A691B68202A0CBF82
:101BC000D5E90612002213B16068984728610137F1
:101BD000E9E70136DAE7C4F814900020BDE8F88F91
:101BE0002DE9F047D0F81480044600254FF02C0969
:101BF000A3691B689D421AD2A06865612946E7F770
:101C0000C1FA4FEAC50A07460026BE420DD0236935
:101C100053F80A3009FB06339A6A22B1526812B1AE
:101C20001969606890470136EFE70135E0E7C4F8CD
:101C300014800020BDE8F08708B58068FFF72CFF0E
:101C4000006808BD10B50446406818B103682168F3
:101C5000DB689847204610BD0161704710B5044607
:101C6000FFF712FF10B123182058184410BD70B5AB
:101C700005460C4680681646FFF70EFF2146E7F73B
:101C800021F90621FFF7EAFF3146E7F76BFB2969E7
:101C900001EBC4040C22636802FB003070BD70B518
:101CA00005460C4680681646FFF7F6FE2146E7F724
:101CB00009F90821FFF7D2FF3146E7F753FB2969FD
:101CC00001EBC4040C22636802FB003070BD10B548
:101CD00080680C46FFF7E0FE2146E7F7F3F806219F
:101CE000FFF7BCFF006810BD10B580680C46FFF719
:101CF000D3FE2146E7F7E6F80821FFF7AFFF0068BB
:101D000010BDC368986E0368DB681847C368D3F8D2
:101D10008C3053F82100704737B5C468A06E0B466D
:101D20000268D4F88010009155682168E26FA847D6
:101D300003B030BDC268D2E91F3003EBC0030C20F2
:101D40005B6800FB01307047C3686C330B60002098
:101D50007047C0681346D0F88020806EE7F772BEE7
:101D60000EB403B5C368986803AA036852F8041B4D
:101D70009B680192984702B05DF804EB03B070478E
:101D800008B5FFF789FE0021E7F79CF80621FFF769
:101D900065FF006808BD08B5FFF77EFE0021E7F784
:101DA00091F80821FFF75AFF006808BD38B5C36FE6
:101DB000044600F16C0513B12846FFF711FF2846D1
:101DC000FFF7D5FE204638BD40680368DB6818473A
:101DD00070477047406803681022DB681847406806
:101DE00003685B691847406803680422DB68402188
:101DF0001847704710B5044609F0D5FE204610BDBF
:101E000010B5044609F0CFFE204610BD38B5134684
:101E10000C4609B909F07FFF426932B14068026897
:101E20009900D5680422A8472060002038BD10B56D
:101E300008210446FFF728FE10B123182058184443
:101E400010BD10B50A210446FFF71EFE10B123187D
:101E50002058184410BD10B506210446FFF714FEA3
:101E600000B12056C0B210BD10B50E210446FFF7D8
:101E70000BFE00B1205C003818BF012010BD10B56A
:101E800004210446FFF700FE10B12318205818441F
:101E900010BD10B50C210446FFF7F6FD10B1231854
:101EA0002058184410BD70B50E4610211546044642
:101EB000FFF768FD34440146221A2846E6F7F4FB92
:101EC0002946BDE87040E7F759BD002343614068EB
:101ED000036804229B686021184708B54068FFF733
:101EE000D1FCBDE808400421FFF74CBD036870B584
:101EF0009B6804460D4698472046FFF7EEFF616950
:101F00000022914206D04368013308BF4560013288
:101F10000830F6E7606803680C31BDE870409B68E4
:101F20000422C900184708B5C3680BB909F0F3FECD
:101F30000029FBD01160002008BD8068704738B5CB
:101F40000C4608210546FFF79FFD88B12958204619
:101F5000E7F7ECFE044648B10421FFF795FD22188F
:101F600040B12358D458D01804B1041D204638BDC0
:101F70000146ECE70446F9E72DE9F041044608463E
:101F800017461E460D46FFF787FD06999DF81C80F3
:101F9000E6F798FFFFF773FF3146E7F795FD064632
:101FA0002846FFF776FFE2680692034607976068C7
:101FB00032464146BDE8F041E7F7D0BE7047806841
:101FC000704710B5044609F0EEFD204610BDF0B58F
:101FD00004460B4601250026954212DAD4E9007C1E
:101FE0006745BCBFC4E900C7D3E9006705F1010537
:101FF000B8BFC3E9007604F10404B8BF0126043376
:10200000EAE7002EE4D1F0BDF7B5089F0468D0E9F7
:1020100002650097A468A04728B905EB0615099B3F
:102020006B6003B0F0BD0120FBE710B54C68C168E0
:1020300001EB04118868984205DCC8689042B4BF7F
:102040000020012010BD0020FCE770B5054689B9CD
:10205000016AAC690C2000FB01440C26214628468D
:10206000FFF7E3FF50B9A1684C1C09D0AC6906FB2F
:102070000144F3E789684E1CEBD10024204670BD73
:102080000446FBE72DE9F04F90F8283085B0044670
:10209000002B00F0AD808568002D00F0A980D0E90C
:1020A0000476002380F828301A46D4F808C09C45EE
:1020B0004FEA820E07EB820006EB82011EDDD4F8A8
:1020C0000CC00CEB03101901D0F804805CF801C0BF
:1020D000616AB8F1FF3F08D1013D47F825C046F8D5
:1020E000253041F823800133DFE747F80EC046F87A
:1020F0000E30406841F823000132F4E7ACEB0202F5
:10210000FFF765FFA669D4F80C80D4F824B001234A
:102110000022C4E907324FF0FF33B36063690193D3
:102120001B68736008EB0311B2464968013108BFB0
:102130004BF823205BF8233033600127A368BB42B0
:1021400056DD019B53F8279008EB09134FEA09125B
:102150005D68691C1FD158F802200292D3E902235E
:1021600000200546014603902046FFF76EFF0399C5
:1021700051B1D1F804C009684FEA0C1C58F80CC0E2
:102180008C446545B8BF654628B10168DDF808C0D4
:10219000491B8C45E6DC4BF82950E3690C2202FB15
:1021A00003F172187550591CC2F80490E161DAF815
:1021B0000010A94205DD216A916092462362013731
:1021C000BCE751468868B0F1FF3F04D18B60906056
:1021D000F5E77146F6E74FF00C0C0CFB00FC06EB44
:1021E0000C0E56F80CC0AC45F3DD90608B60E6E752
:1021F00005B0BDE8F08F70B50446FFF743FFA06857
:10220000A8B1A169236A0C2505FB0313002073B153
:102210005A68E6681201B2581E689B6832449042C0
:1022200038BF10465A1C02D005FB0313EFE770BD00
:1022300001308000704730B518B9B1FA81F040091B
:1022400030BD03688B420DD1043000238B4201DB8B
:102250000120F5E750F8045B52F82340A54201D174
:102260000133F3E70020EBE7884205D030B131B10C
:102270000A1D0968FFF7DFBF012070477047084655
:1022800070472DE9F8430124814604FA00F0013833
:1022900088461546DEF7D6F80646A5EB09000F4638
:1022A000C0F12003A0F1200124FA03F304FA01F1A4
:1022B00004FA00F01943DEF701F902460B463046F6
:1022C0003946DEF729F9C8F120030F46A8F12001AD
:1022D00024FA03F304FA01F10646194304FA08F05C
:1022E000DEF7ECF802460B4630463946DEF73EFA9A
:1022F000E0F7FAF8DEF7AAFBBDE8F883836810B4CC
:1023000013B9036D10BC184703EB811010BC704764
:10231000002A51F8043B07DB934205DD51F82210F7
:10232000002901DBFFF7EABF002070470968FFF7CB
:10233000EFBF7FB50C461D46114603AB22680093E4
:10234000131D12680646E8F753F9044620B90399AD
:102350003046FFF7D3FF2860204604B070BD4B68BD
:10236000002A53F8041B07DB914205DD53F82210C5
:10237000002901DBFFF7C2BF002070477FB50C4684
:102380001D46114603AB62680093131D1268064692
:10239000E8F72EF9044620B903993046FFF7AEFF5F
:1023A0002860204604B070BD0968FFF7B1BF08B5CA
:1023B00089688068FFF758FF003818BF012008BD02
:1023C00020B1012814BF002002207047012070476F
:1023D00008B508B909F09FFC0029FBD0002AF9D004
:1023E000002BF7D008BD03685B68184710B50C21B7
:1023F0000446FFF749FB10B123182058184410BDBC
:102400000020704700207047002070470020704770
:102410000020704700207047002070470020704760
:102420000020704700207047002070470020704750
:102430000020704700207047002070470020704740
:102440000020704700207047002070470020704730
:102450000020704700207047002070470020704720
:102460000020704700207047002070470020704710
:102470000020704700207047002070470020704700
:1024800000207047002070470020704700207047F0
:1024900000207047002070470020704700207047E0
:1024A00038B505461446FFF7EFFA00B12C5C20461C
:1024B00038BD08B500220A21FFF7F2FF08BD38B584
:1024C00005461446FFF7E0FA00B12C58204638BD07
:1024D00038B505461446FFF7D7FA00B12C5620460A
:1024E00038BD38B505461446FFF7CEFA00B12C5872
:1024F000204638BD0EB403B503AA036852F8041B86
:102500009B680192984702B05DF804EB03B07047F6
:102510000CB407B504AA036852F8041B9B68019227
:10252000984703B05DF804EB02B0704708B5024667
:1025300008B909F0F0FB0168411A08880A280DD98A
:102540004B8903B1D3580428DBB209D9888800B17C
:102550001056C0B2984238BF184608BD0023F2E7B3
:102560000020F6E7836B10B50BB909F0D4FBBDE88A
:1025700010401C211847836B10B50BB909F0CBFB39
:10258000BDE81040022118470368052B10B504462A
:1025900003DD406808B109F008FB204610BD10B506
:1025A00008B909F0B8FB0029FBD00968436D01EBBD
:1025B0008202BDE810405168184710B508B909F00B
:1025C000AAFB0029FBD04968436D01EB8202BDE8FC
:1025D000104051681847002908B501DA09F09BFB43
:1025E00003688B42FADD052BCBBF436800EB81000B
:1025F00053F82100406808BD2DE9F0410B680668DA
:102600009E4204460F4601D009F085FB0025B542E5
:102610000CDA29462046FFF7DEFF29468046384679
:10262000FFF7D9FF8045EFD10135F0E7052ECCBF8C
:1026300064680434002301209E4204DD54F8232002
:1026400001335043F8E7BDE8F08170B5044611B995
:102650000160204670BD8D6855F8043B0360052B72
:102660004FEA830605DC201D3246294609F08BFB24
:10267000EFE76FF060429342B4BF30464FF0FF3057
:1026800009F0A6FA23686060052BEDDCEBE72DE985
:10269000F843884611461D46FFF7AEFF0024074663
:1026A0004FF00009BC420BDA58F824604946304626
:1026B000DEF7F0FC00B14E4645F824600134F1E746
:1026C000BDE8F8832DE9F04107460E461046DDE9E6
:1026D00006159846FFF790FF002282420BDA18F9A0
:1026E0000240A64205DBBC42B8BF3C46AC540132B6
:1026F000F3E73446FAE7BDE8F081836B10B50BB918
:1027000009F009FBBDE810403C211847002908B535
:1027100001DA09F000FB03688B42FADD052BCBBF21
:10272000436800EB810043F82120426008BD10B5EA
:1027300001680529CCBF4368031D002201208A429D
:1027400004DA53F8224001326043F8E710BD2DE966
:10275000F0419846002303601368994205460C46F1
:10276000164601DA09F0D7FA0529016009DD6FF094
:1027700060439942B4BF88004FF0FF3009F028FA57
:10278000686030680027241AA74206DA39464246B4
:102790002846FFF7BBFF0137F6E72B683268052BA9
:1027A000CCBF6868281D052AC8BF716800EB84008B
:1027B000D8BF311D920009F0E6FA2846BDE8F08145
:1027C00070B50568049C042D01D009F0A4FA002915
:1027D000FBDB45688D42F8DD002AF6DB8668964211
:1027E000F3DD002BF1DBC5689D42EEDD002CECDB58
:1027F0000069A042E9DD01FB062205FB023300FB74
:10280000034070BD70B50D461646FFF790FF0446B5
:102810002846FFF78CFF05463046FFF788FFAC429D
:1028200001D009F078FA8442FBD170BD70B500295F
:10283000049C02DB05688D4201DC09F06CFA002A79
:10284000FBDB45689542F8DD002BF6DB85689D4291
:10285000F3DD002CF1DBC568A542EEDDD0E90456BE
:10286000724305FB01228169C06901FB032200FB61
:10287000042070BD08B5D0E90B239A4201DD09F0B0
:102880004AFA4268802AFADC83687F33FF2BF6D845
:102890007F32F4DB08BD936970B5144695685268C1
:1028A0002944104401FA03F59840D4E90712E9F7E6
:1028B000B1FBD4E9091206462846E9F7ABFBD4E997
:1028C00004123044E9F7A6FBE3681844E36A98422F
:1028D000B8BF1846236B9842A8BF184640B270BDD7
:1028E0002DE9F0410B6804689C42B8BF1C4692B0C9
:1028F0000423052C07460E4615461370009409DD87
:102900006FF060439C42B4BFA0004FF0FF3009F06D
:102910005FF901904FF00008444507DD4146012270
:102920006846FFF7F3FE08F10108F5E701233A4690
:10293000214606A8FFF70BFF0123324621460CA8CB
:10294000FFF705FF069A0C9B9A421BD1052ACCBFC4
:10295000079807A8052BCCBF0D990DA9920009F087
:1029600002FA78B901232B7004460CA8FFF70CFE7D
:1029700006A8FFF709FE6846FFF706FE204612B0DC
:10298000BDE8F081013C2646002E10DB314606A84A
:10299000FFF721FE314607460CA8FFF71CFE8742D1
:1029A00001D1013EF0E7012F07D102232B702B78D4
:1029B0009A1E012A09D909F0AEF9012801D1032391
:1029C000F4E704232B700124CFE7032B4FF001031E
:1029D000C5E91433C5E9163307BF0CAF06AE06AF21
:1029E0000CAE2B66002CEEDB21463846FFF7F3FDDC
:1029F000214680463046FFF7EEFD804505D1286E22
:102A000008FB00F02866013CECE721463846FFF75A
:102A1000E2FD01280AD121463046FFF7DCFDEB6DCF
:102A2000013C00FB03F3EB65EFD2CCE721463846CF
:102A3000FFF7D1FD214680463046FFF7CCFD8045AB
:102A400006D1A86D013C08FB00F0A865EED2BAE7FC
:102A500021463046FFF7BFFD01280AD121463846FE
:102A6000FFF7B9FD6B6D013C00FB03F36B65EFD223
:102A7000A9E721463846FFF7AEFD2146804630469D
:102A8000FFF7A9FD80459CD1286D013C08FB00F0B3
:102A90002865EED297E7F8B5064601F10C05032448
:102AA000012721463046FFF796FD45F804092146E7
:102AB0006F613046FFF78FFD013C00FB07F7F0D256
:102AC000F8BD2DE9F0430D468DB01E4614460AB9F7
:102AD00009F021F9002BFBD00246012304216846AE
:102AE000FFF735FE2A460123042106A8FFF72FFE33
:102AF00021466846FFF7CFFF314606A8FFF7CBFF18
:102B00000025A84606F1100929466846FFF763FD2F
:102B10002946074606A8FFF75EFD874204D0012F2D
:102B200010D1C4F8108020600135042D04F1040494
:102B3000EAD106A8FFF728FD6846FFF725FD0DB08E
:102B4000BDE8F0830128C3D149F8258046F82570F7
:102B5000EAE72DE9F04F9BB00446039208460AAA23
:102B6000194612ABFFF7ADFF259A0123042104A8F3
:102B7000FFF7EDFD676BA66B0025002104A8FFF7AA
:102B80002AFDA84257DD4FF000080DF1100A01217F
:102B90005046FFF720FD40454BDD4FF00009022174
:102BA0005046FFF718FD484540DD4FF0000B03216C
:102BB0005046FFF710FD584535DD4B464246294645
:102BC000CDF800B00AA8FFF731FE424604464B4656
:102BD0002946CDF800B012A8FFF728FE249B53F831
:102BE0002010039B53F82400DDF7AEFF294604466E
:102BF000CDF800B04B4642465046FFF7E1FD39465E
:102C000002902046DEF746FA00B13C4621463046A7
:102C1000DEF740FA00B13446269B029A0BF1010B15
:102C200043F82240C3E709F10109B8E708F10108B8
:102C3000ABE70135A1E704A8FFF7A6FC1BB0BDE890
:102C4000F08F2DE9F04FBFB0DDE94875596B9A6BF5
:102C50001B7831914A9C32921EAE394643B306A886
:102C600002F067FE0FB909F056F829460CA83F6834
:102C700002F05FFE002DF6D0214630462D6802F0AE
:102C800058FE04B1246800950CAB3A4606A924A866
:102C9000CDE90164FFF75DFF3046FFF775FC0CA836
:102CA000FFF772FC06A8FFF76FFC3FB0BDE8F08F9E
:102CB00012A802F03EFE002FD5D0294618A8D7F85A
:102CC00000B002F036FE002DCDD02B6805932146D2
:102CD000304602F02EFE04B12468DDF8C480DDF831
:102CE000C890324618A912A8FFF78CFD4FF0000AD1
:102CF0000746574518DD059B5BF82A0053F82A1054
:102D0000DDF722FF054601464046DEF7E1F900B156
:102D1000454629464846DEF7BDF900B14D4644F820
:102D20002A500AF1010AE4E73046FFF72DFC18A803
:102D3000FFF72AFC12A8B6E72DE9F04F9BB0044636
:102D4000934608460AAA194612ABFFF7BAFE259A1F
:102D50000123042104A8FFF7FAFC0026002104A89F
:102D6000FFF739FCB04267DD00270DF110090121A2
:102D70004846FFF730FCB8425CDD4FF00008022106
:102D80004846FFF728FC404552DD4FF0000A03217A
:102D90004846FFF720FC504547DDCDF800A04346EC
:102DA0003A4631460AA8FFF741FD63683BF91050E7
:102DB000CDF800A01D443A464346314612A8FFF71D
:102DC00035FD249BA26833F91030D4F818C01344A1
:102DD00003FA0CF305FA0CF0D4E907120393E9F7B0
:102DE00019F9039BD4E9091205461846E9F712F9C7
:102DF000D4E904122844E9F70DF9E568CDF800A0FC
:102E00000544E06A8542B8BF0546206B8542A8BFED
:102E1000054643463A4631464846FFF7D1FC269BD5
:102E20000AF1010A23F81050B1E708F10108A6E7FA
:102E300001379AE7013691E704A8FFF7A5FB1BB01D
:102E4000BDE8F08F0022E9F729BE0122E9F726BE8E
:102E500038B505460868286005280C4609DD6FF07E
:102E600060439842B4BF80004FF0FF3008F0B0FEDE
:102E700068602A682368052ACCBF6868281D052B6E
:102E8000CCBF6168211D920008F07DFF284638BD47
:102E900070B50B68042B86B005460C4604D1FFF7CD
:102EA000D7FF284606B070BD0423009300263146A4
:102EB000012268460136FFF729FC042EF7D10021D4
:102EC0002046FFF788FB002102466846FFF71EFCFC
:102ED00001212046FFF77FFB012102466846FFF7EC
:102EE00015FC02212046FFF776FB032102466846C7
:102EF000FFF70CFC69462846FFF7AAFF6846FFF774
:102F000043FBCEE72DE9F0410E468CB0044608B9EC
:102F100008F001FF0029FBD00A68436D516898470B
:102F20007268636D516805462046984729460446F5
:102F3000684602F0FEFC002DEAD0214606A8D5F82E
:102F4000008002F0F6FC04B12468009E069B9E42BD
:102F5000DED10025AE420CDD29466846FFF73BFB7B
:102F60002946074606A8FFF736FB8742D0D1013530
:102F7000F0E7052ECCBF019A01AA002301279E424B
:102F800004DD52F8231001334F43F8E70025BD421A
:102F900007DA58F82500FAF7CBFD44F8250001358B
:102FA000F5E706A8FFF7F0FA6846FFF7EDFA00200C
:102FB0000CB0BDE8F081836B10B50BB908F0ABFE27
:102FC000BDE81040202118472DE9F84305680B683B
:102FD0009D4204468846174601D008F09CFE002614
:102FE000AE420CDA31462046FFF7F5FA314681460B
:102FF0004046FFF7F0FA8145EFD10136F0E73B6834
:103000009D42EAD10026B5420CDD31462046FFF74D
:10301000E2FA314680463846FFF7DDFA8045DCD1DA
:103020000136F0E7052DCCBF64680434002301208D
:103030009D4204DD54F8232001335043F8E7BDE8F6
:10304000F88308B508B908F066FE006808BD08B541
:1030500008B908F060FE006808BD08B508B908F0B6
:103060005AFE006808BD08B508B908F054FE0068AB
:1030700008BD08B508B908F04EFE006808BD08B5DF
:1030800008B908F048FE006808BD2DE9F0471F4662
:103090000B68042B9CB00646144601DD08F03BFE8D
:1030A0001368042BFADC3B68042BF7DC0A46012387
:1030B00004216846FFF74BFB22460123042106A8A2
:1030C000FFF745FB0CA96846FFF7E5FC14A906A825
:1030D000FFF7E1FC00240DF150090DF13008A24684
:1030E00021466846FFF777FA2146054606A8FFF70E
:1030F00072FA854205D0012D2CD1C8F810A0C8F86D
:1031000000000134042C09F1040908F10408E7D196
:1031100006A8FFF739FA6846FFF736FA3A4621461D
:10312000012330460CACFFF712FB0FCC06F118055B
:103130000FC594E80F0014AC85E80F000FCC06F122
:1031400038050FC594E80F0085E80F0030461CB025
:10315000BDE8F0870128A1D1C9F810A0C9F8005036
:10316000CFE72DE9F04FA1B0044609920AA81A460C
:103170002B9BFFF78AFFD4E900630393A3680493B2
:10318000E36805932369069363690793A36908932A
:10319000002400210AA8FFF71EFAA0425BDD0025EB
:1031A0000AAF01213846FFF716FAA84251DD4FF069
:1031B000000802213846FFF70EFA404547DD4FF080
:1031C000000903213846FFF706FA48453CDDCDF8F3
:1031D000009043462A46214610A8FFF727FB099B8B
:1031E00013F800A0039BCDF800909A442A4643466A
:1031F000214618A8FFF71AFB2A9B13F800B0069B7C
:10320000DDE904120AFA06F09B44E8F703FF0BFA23
:1032100006FBDDE9071282465846E8F7FBFECDF8CB
:103220000090834643462A4621463846FFF7C8FAAF
:10323000AAEB0B03D3F1000A4AEB030A2C9B09F11A
:10324000010903F800A0BCE708F10108B1E7013566
:10325000A6E701349DE70AA8FFF796F921B0BDE87B
:10326000F08F2DE9F04FA1B0044609920AA81A4642
:103270002B9BFFF70AFFD4E900630393A368049331
:10328000E36805932369069363690793A369089329
:10329000002400210AA8FFF79EF9A0425BDD00256B
:1032A0000AAF01213846FFF796F9A84251DD4FF0E9
:1032B000000802213846FFF78EF9404547DD4FF000
:1032C000000903213846FFF786F948453CDDCDF873
:1032D000009043462A46214610A8FFF7A7FA099B0B
:1032E00013F900A0039BCDF800909A442A46434668
:1032F000214618A8FFF79AFA2A9B13F900B0069BFB
:10330000DDE904120AFA06F09B44E8F783FE0BFAA3
:1033100006FBDDE9071282465846E8F77BFECDF84A
:103320000090834643462A4621463846FFF748FA2E
:10333000AAEB0B03D3F1000A4AEB030A2C9B09F119
:10334000010903F800A0BCE708F10108B1E7013565
:10335000A6E701349DE70AA8FFF716F921B0BDE8FA
:10336000F08F2DE9F04FA1B0044609920AA81A4641
:103370002B9BFFF78AFED4E900630393A3680493B1
:10338000E36805932369069363690793A369089328
:10339000002400210AA8FFF71EF9A0425ADD0025EB
:1033A0000AAF01213846FFF716F9A84250DD4FF069
:1033B000000802213846FFF70EF9404546DD4FF080
:1033C000000903213846FFF706F948453BDDCDF8F3
:1033D000009043462A46214610A8FFF727FA099B8A
:1033E00013F800A0039BCDF800909A442A46434668
:1033F000214618A8FFF71AFA2A9B13F800B0069B7B
:10340000DDE904120AFA06F09B44E8F703FE0BFA22
:1034100006FBDDE9071282465846E8F7FBFDCDF8CA
:103420000090834643462A4621463846FFF7C8F9AE
:10343000BAEB0B0A2C9B18BF4FF0010A03F800A04F
:1034400009F10109BDE708F10108B2E70135A7E775
:1034500001349EE70AA8FFF797F821B0BDE8F08F86
:103460002DE9F04FA1B0044609920AA81A462B9BF9
:10347000FFF70BFED4E900630393A3680493E368AA
:1034800005932369069363690793A369089300244E
:1034900000210AA8FFF79FF8A0425ADD00250AAFD5
:1034A00001213846FFF797F8A84250DD4FF0000899
:1034B00002213846FFF78FF8404546DD4FF00009FE
:1034C00003213846FFF787F848453BDDCDF80090EB
:1034D00043462A46214610A8FFF7A8F9099B13F98D
:1034E00000A0039BCDF800909A442A46434621460B
:1034F00018A8FFF79BF92A9B13F900B0069BDDE99A
:1035000004120AFA06F09B44E8F784FD0BFA06FB66
:10351000DDE9071282465846E8F77CFDCDF80090B9
:10352000834643462A4621463846FFF749F9BAEB17
:103530000B0A2C9B18BF4FF0010A03F800A009F1F9
:103540000109BDE708F10108B2E70135A7E7013439
:103550009EE70AA8FFF718F821B0BDE8F08F2DE923
:10356000F04FA1B0044609920AA81A462B9BFFF718
:103570008CFDD4E900630393A3680493E368059387
:103580002369069363690793A369089300240021C4
:103590000AA8FFF720F8A0425BDD00250AAF012151
:1035A0003846FFF718F8A84251DD4FF00008022115
:1035B0003846FFF710F8404547DD4FF0000903217A
:1035C0003846FFF708F848453CDDCDF80090434603
:1035D0002A46214610A8FFF729F9099B13F800A0F5
:1035E000039BCDF800909A442A464346214618A8EA
:1035F000FFF71CF92A9B13F800B0069BDDE90412C3
:103600000AFA06F09B44E8F705FD0BFA06FB824632
:10361000DDE907125846E8F7FDFCCDF80090834637
:1036200043462A4621463846FFF7CAF8DA452C9B1E
:10363000D4BF4FF0000A4FF0010A03F800A009F1CF
:103640000109BCE708F10108B1E70135A6E701343B
:103650009DE70AA8FEF798FF21B0BDE8F08F2DE99D
:10366000F04FA1B0044609920AA81A462B9BFFF717
:103670000CFDD4E900630393A3680493E368059306
:103680002369069363690793A369089300240021C3
:103690000AA8FEF7A0FFA0425BDD00250AAF0121CA
:1036A0003846FEF798FFA84251DD4FF0000802218E
:1036B0003846FEF790FF404547DD4FF000090321F3
:1036C0003846FEF788FF48453CDDCDF8009043467C
:1036D0002A46214610A8FFF7A9F8099B13F900A074
:1036E000039BCDF800909A442A464346214618A8E9
:1036F000FFF79CF82A9B13F900B0069BDDE9041242
:103700000AFA06F09B44E8F785FC0BFA06FB8246B2
:10371000DDE907125846E8F77DFCCDF800908346B6
:1037200043462A4621463846FFF74AF8DA452C9B9D
:10373000D4BF4FF0000A4FF0010A03F800A009F1CE
:103740000109BCE708F10108B1E70135A6E701343A
:103750009DE70AA8FEF718FF21B0BDE8F08F2DE91C
:10376000F04FA1B0044609920AA81A462B9BFFF716
:103770008CFCD4E900630393A3680493E368059386
:103780002369069363690793A369089300240021C2
:103790000AA8FEF720FFA0425BDD00250AAF012149
:1037A0003846FEF718FFA84251DD4FF0000802210D
:1037B0003846FEF710FF404547DD4FF00009032172
:1037C0003846FEF708FF48453CDDCDF800904346FB
:1037D0002A46214610A8FFF729F8099B13F800A0F4
:1037E000039BCDF800909A442A464346214618A8E8
:1037F000FFF71CF82A9B13F800B0069BDDE90412C2
:103800000AFA06F09B44E8F705FC0BFA06FB824631
:10381000DDE907125846E8F7FDFBCDF80090834636
:1038200043462A4621463846FEF7CAFFDA452C9B16
:10383000B4BF4FF0000A4FF0010A03F800A009F1ED
:103840000109BCE708F10108B1E70135A6E7013439
:103850009DE70AA8FEF798FE21B0BDE8F08F2DE99C
:10386000F04FA1B0044609920AA81A462B9BFFF715
:103870000CFCD4E900630393A3680493E368059305
:103880002369069363690793A369089300240021C1
:103890000AA8FEF7A0FEA0425BDD00250AAF0121C9
:1038A0003846FEF798FEA84251DD4FF0000802218D
:1038B0003846FEF790FE404547DD4FF000090321F2
:1038C0003846FEF788FE48453CDDCDF8009043467B
:1038D0002A46214610A8FEF7A9FF099B13F900A06C
:1038E000039BCDF800909A442A464346214618A8E7
:1038F000FEF79CFF2A9B13F900B0069BDDE904123A
:103900000AFA06F09B44E8F785FB0BFA06FB8246B1
:10391000DDE907125846E8F77DFBCDF800908346B5
:1039200043462A4621463846FEF74AFFDA452C9B95
:10393000B4BF4FF0000A4FF0010A03F800A009F1EC
:103940000109BCE708F10108B1E70135A6E7013438
:103950009DE70AA8FEF718FE21B0BDE8F08F2DE91B
:10396000F04FA1B0044609920AA81A462B9BFFF714
:103970008CFBD4E900630393A3680493E368059385
:103980002369069363690793A369089300240021C0
:103990000AA8FEF720FEA0425BDD00250AAF012148
:1039A0003846FEF718FEA84251DD4FF0000802210C
:1039B0003846FEF710FE404547DD4FF00009032171
:1039C0003846FEF708FE48453CDDCDF800904346FA
:1039D0002A46214610A8FEF729FF099B13F800A0EC
:1039E000039BCDF800909A442A464346214618A8E6
:1039F000FEF71CFF2A9B13F800B0069BDDE90412BA
:103A00000AFA06F09B44E8F705FB0BFA06FB824630
:103A1000DDE907125846E8F7FDFACDF80090834635
:103A200043462A4621463846FEF7CAFEDA452C9B15
:103A3000ACBF4FF0000A4FF0010A03F800A009F1F3
:103A40000109BCE708F10108B1E70135A6E7013437
:103A50009DE70AA8FEF798FD21B0BDE8F08F2DE99B
:103A6000F04FA1B0044609920AA81A462B9BFFF713
:103A70000CFBD4E900630393A3680493E368059304
:103A80002369069363690793A369089300240021BF
:103A90000AA8FEF7A0FDA0425BDD00250AAF0121C8
:103AA0003846FEF798FDA84251DD4FF0000802218C
:103AB0003846FEF790FD404547DD4FF000090321F1
:103AC0003846FEF788FD48453CDDCDF8009043467A
:103AD0002A46214610A8FEF7A9FE099B13F900A06B
:103AE000039BCDF800909A442A464346214618A8E5
:103AF000FEF79CFE2A9B13F900B0069BDDE9041239
:103B00000AFA06F09B44E8F785FA0BFA06FB8246B0
:103B1000DDE907125846E8F77DFACDF800908346B4
:103B200043462A4621463846FEF74AFEDA452C9B94
:103B3000ACBF4FF0000A4FF0010A03F800A009F1F2
:103B40000109BCE708F10108B1E70135A6E7013436
:103B50009DE70AA8FEF718FD21B0BDE8F08F2DE91A
:103B6000F04FA1B0044609920AA81A462B9BFFF712
:103B70008CFAD4E900630393A3680493E368059384
:103B80002369069363690793A369089300240021BE
:103B90000AA8FEF720FDA0425BDD00250AAF012147
:103BA0003846FEF718FDA84251DD4FF0000802210B
:103BB0003846FEF710FD404547DD4FF00009032170
:103BC0003846FEF708FD48453CDDCDF800904346F9
:103BD0002A46214610A8FEF729FE099B13F800A0EB
:103BE000039BCDF800909A442A464346214618A8E4
:103BF000FEF71CFE2A9B13F800B0069BDDE90412B9
:103C00000AFA06F09B44E8F705FA0BFA06FB82462F
:103C1000DDE907125846E8F7FDF9CDF80090834634
:103C200043462A4621463846FEF7CAFDDA452C9B14
:103C3000CCBF4FF0000A4FF0010A03F800A009F1D1
:103C40000109BCE708F10108B1E70135A6E7013435
:103C50009DE70AA8FEF798FC21B0BDE8F08F2DE99A
:103C6000F04FA1B0044609920AA81A462B9BFFF711
:103C70000CFAD4E900630393A3680493E368059303
:103C80002369069363690793A369089300240021BD
:103C90000AA8FEF7A0FCA0425BDD00250AAF0121C7
:103CA0003846FEF798FCA84251DD4FF0000802218B
:103CB0003846FEF790FC404547DD4FF000090321F0
:103CC0003846FEF788FC48453CDDCDF80090434679
:103CD0002A46214610A8FEF7A9FD099B13F900A06A
:103CE000039BCDF800909A442A464346214618A8E3
:103CF000FEF79CFD2A9B13F900B0069BDDE9041238
:103D00000AFA06F09B44E8F785F90BFA06FB8246AF
:103D1000DDE907125846E8F77DF9CDF800908346B3
:103D200043462A4621463846FEF74AFDDA452C9B93
:103D3000CCBF4FF0000A4FF0010A03F800A009F1D0
:103D40000109BCE708F10108B1E70135A6E7013434
:103D50009DE70AA8FEF718FC21B0BDE8F08F836B41
:103D600010B50BB907F0D7FFBDE810401821184770
:103D700070B514461D46FEF72EFC29460646204621
:103D8000FEF729FC864201D007F0C5FF29462046F0
:103D9000FEF721FC70BD2DE9F04F91B01C46436841
:103DA0000793836890F900502668089383890293EB
:103DB00003690393B542436906910A92049301DBB8
:103DC00007F0A9FF4FF000084746C146029B9845FF
:103DD0001FDA069B53F828B0DBF80030B342EFD16E
:103DE0004FF0000AB2450ADAAA4505D053462246EA
:103DF00051465846FFF7BCFF0AF1010AF2E729468F
:103E00005846FEF7E8FBC71949EBE07908F10108CD
:103E1000DCE729462046FEF7DEFBC3174B4508BF0B
:103E2000B842CDD100274FF00109B846AF420DDAB4
:103E300039462046FEF7CFFBC31709FB03F300FB0F
:103E40000833A9FB009898440137EFE701236F1C62
:103E50000093B74208D039462046FEF7BCFB009BD2
:103E6000434300930137F4E704994FF07E50DDF7A8
:103E700027F8002409900194019B4C4573EB08033B
:103E80006ADA0026029B9E4260DA069B294653F8B6
:103E90002600FEF7A0FB009B03FB00F70A9B53F8EC
:103EA000263007FB04330593079B53F826B0089B85
:103EB00053F826A0039B9B450ED104995046DDF78D
:103EC000DFF848B105991A983A4607F05CFF1A9B4B
:103ED0003B441A930136D5E709995046DCF73CFF7D
:103EE0008246CBF10000DCF7E3FE5146DCF734FFFD
:103EF00000238346BB42EADA059A0B93D05CDCF7D9
:103F0000D7FE5146DCF728FF5946DCF71DFEDCF7EB
:103F1000ABFAF9F7C5FDDCF7C1FDDDF7E3F8039B6C
:103F20001844FF23FE280E930DAA0EABCCBF1946F2
:103F300011460D9000200F9008680B9B0028B8BF19
:103F40000FA91A980968C1540133D3E7019B0134C2
:103F500043F1000301938FE711B0BDE8F08F2DE925
:103F6000F04F0E4687B0804608B907F0D4FE00290E
:103F7000FBD0141D00276FF0604933681B68BB42FB
:103F800035DD3A4631464046FEF709FB01466846B4
:103F900001F0CFFC009D54F8043C052DCCBFDDF8AA
:103FA00004A00DF1040A052B03DD206808B107F019
:103FB000FCFD052D44F8045C4FEA850B0ADC204625
:103FC0005A46514607F0DFFE6846FEF7DDFA013734
:103FD0001834D2E74D45B4BF58464FF0FF3007F0D4
:103FE000F7FD54F8043C2060052BE9DCE7E707B057
:103FF000BDE8F08F30B5002318258B4205D005FBB6
:10400000030442F823400133F7E730BD2DE9F041C6
:10401000D8B006460D461CAB0A240022013C43F8EA
:10402000182BFBD11CAA29463046FFF798FF2B68B6
:1040300008AA19681CA8FFF7DDFF8EB10DF148082A
:1040400047462B681B68A3420CDD224629463046B2
:10405000FEF7A5FA20B1036848F8043B0134F0E705
:1040600007F059FE294600223046FEF7A6FA2D69D0
:104070000446002DF4D0014602A801F05AFC04B118
:1040800024680094284602AB3A4608A9FFF783FE4D
:1040900002A8FEF779FA092418251CAB05FB0430A9
:1040A000FEF772FA013CF8D258B0BDE8F0812DE974
:1040B000F04FDBB005460E461EAB0A240022013C41
:1040C00043F8182BFBD11EAA31462846FFF747FFBD
:1040D00033680AAF19683A461EA8FFF78BFF85B10F
:1040E0000DF1500833681B68A3420CDD22463146AF
:1040F0002846FEF754FA20B1036848F8043B01341F
:10410000F0E707F008FE284600223146FEF755FA90
:1041100034690546002CF4D0014604A801F009FCDE
:1041200005B12D6894F90060A389049C0193A6420F
:10413000E7DA4FF00009C846CA46019B4B451EDD31
:1041400057F8290003689C42DBD14FF0000B5C4517
:104150000BDD5E4506D05B4604AA59460290FFF788
:1041600007FE02980BF1010BF1E73146FEF733FA37
:1041700010EB08084AEBE07A09F10109DDE7314666
:1041800004A8FEF728FAC3179A4508BF8045B8D19E
:104190004FF000090127C8464E450DDD494604A8E9
:1041A000FEF719FAC3177B4300FB0833A7FB00781F
:1041B000984409F10109EFE706F101094FF0010AFE
:1041C0004C4508D0494604A8FEF705FA09F1010953
:1041D0000AFB00FAF4E7002423460DF1500BBC4221
:1041E00073EB080221DA4FF00009019A4A4518DD05
:1041F00003930AAB314653F82900FEF7ECF95BF85C
:1042000029100AFB00F08200604301EB8001284680
:10421000029207F0B8FD029A039B154409F10109C7
:10422000E3E7013443F10003D9E704A8FEF7ACF952
:10423000092418251EAB05FB0430FEF7A5F9013C47
:10424000F8D25BB0BDE8F08F2DE9F04FDBB005464A
:104250000E461EAB0A240022013C43F8182BFBD16A
:104260001EAA31462846FFF77AFE33680AAF19685E
:104270003A461EA8FFF7BEFE85B10DF1500833681F
:104280001B68A3420CDD224631462846FEF787F91B
:1042900020B1036848F8043B0134F0E707F03BFD28
:1042A000284600223146FEF788F934690546002C7D
:1042B000F4D0014604A801F03CFB05B12D6894F947
:1042C0000060A389049C0193A642E7DA4FF000093D
:1042D000C846CA46019B4B451EDD57F829000368B6
:1042E0009C42DBD14FF0000B5C450BDD5E4506D0F8
:1042F0005B4604AA59460290FFF73AFD02980BF17B
:10430000010BF1E73146FEF766F910EB08084AEBBE
:10431000E07A09F10109DDE7314604A8FEF75BF90F
:10432000C3179A4508BF8045B8D14FF0000901274F
:10433000C8464E450DDD494604A8FEF74CF9C317A3
:104340007B4300FB0833A7FB0078984409F101097F
:10435000EFE706F101094FF0010A4C4508D0494644
:1043600004A8FEF738F909F101090AFB00FAF4E79D
:10437000002423460DF1500BBC4273EB080221DAF6
:104380004FF00009019A4A4518DD03930AAB314604
:1043900053F82900FEF71FF95BF829100AFB00F01B
:1043A0008200604301EB80012846029207F0EBFC9B
:1043B000029A039B154409F10109E3E7013443F133
:1043C0000003D9E704A8FEF7DFF8092418251EAB7F
:1043D00005FB0430FEF7D8F8013CF8D25BB0BDE82D
:1043E000F08F2DE9F04FDBB005460E461EAB0A24D8
:1043F0000022013C43F8182BFBD11EAA3146284667
:10440000FFF7ADFD33680AAF19683A461EA8FFF7FB
:10441000F1FD85B10DF1500833681B68A3420CDD36
:10442000224631462846FEF7BAF820B1036848F81C
:10443000043B0134F0E707F06EFC284600223146C9
:10444000FEF7BBF834690546002CF4D0014604A8F9
:1044500001F06FFA05B12D6894F90060A389049CFE
:104460000193A642E7DA4FF00009C846CA46019B0D
:104470004B451EDD57F8290003689C42DBD14FF005
:10448000000B5C450BDD5E4506D05B4604AA594631
:104490000290FFF76DFC02980BF1010BF1E731463A
:1044A000FEF799F810EB08084AEBE07A09F10109E8
:1044B000DDE7314604A8FEF78EF8C3179A4508BF1A
:1044C0008045B8D14FF000090127C8464E450DDDA3
:1044D000494604A8FEF77FF8C3177B4300FB083367
:1044E000A7FB0078984409F10109EFE706F10109FB
:1044F0004FF0010A4C4508D0494604A8FEF76BF876
:1045000009F101090AFB00FAF4E7002423460DF142
:10451000500BBC4273EB08021FDA4FF00009019AFE
:104520004A4516DD03930AAB314653F82900FEF7DE
:1045300052F85BF829100AFB00F204FB021128462E
:10454000029207F020FC029A039B154409F101092D
:10455000E5E7013443F10003DBE704A8FEF714F8B4
:10456000092418251EAB05FB0430FEF70DF8013CAD
:10457000F8D25BB0BDE8F08F2DE9F04FDBB0054617
:104580000E461EAB0A240022013C43F8182BFBD137
:104590001EAA31462846FFF7E2FC33680AAF1968C5
:1045A0003A461EA8FFF726FD85B10DF15008336885
:1045B0001B68A3420CDD224631462846FDF7EFFF7B
:1045C00020B1036848F8043B0134F0E707F0A3FB8F
:1045D000284600223146FDF7F0FF34690546002CDD
:1045E000F4D0014604A801F0A4F905B12D6894F9AE
:1045F0000060A389049C0193A642E7DA4FF000090A
:10460000C846CA46019B4B451EDD57F82900036882
:104610009C42DBD14FF0000B5C450BDD5E4506D0C4
:104620005B4604AA59460290FFF7A2FB02980BF1E1
:10463000010BF1E73146FDF7CEFF10EB08084AEB1E
:10464000E07A09F10109DDE7314604A8FDF7C3FF6F
:10465000C3179A4508BF8045B8D14FF0000901271C
:10466000C8464E450DDD494604A8FDF7B4FFC31703
:104670007B4300FB0833A7FB0078984409F101094C
:10468000EFE706F101094FF0010A4C4508D0494611
:1046900004A8FDF7A0FF09F101090AFB00FAF4E7FD
:1046A000002423460DF1500BBC4273EB080221DAC3
:1046B0004FF00009019A4A4518DD03930AAB3146D1
:1046C00053F82900FDF787FF5BF829100AFB00F07B
:1046D000C200604301EBC0012846029207F053FB81
:1046E000029A039B154409F10109E3E7013443F100
:1046F0000003D9E704A8FDF747FF092418251EABDE
:1047000005FB0430FDF740FF013CF8D25BB0BDE88B
:10471000F08F2DE9F04FDBB005460E461EAB0A24A4
:104720000022013C43F8182BFBD11EAA3146284633
:10473000FFF715FC33680AAF19683A461EA8FFF761
:1047400059FC85B10DF1500833681B68A3420CDD9C
:10475000224631462846FDF722FF20B1036848F87B
:10476000043B0134F0E707F0D6FA28460022314630
:10477000FDF723FF34690546002CF4D0014604A858
:1047800001F0D7F805B12D6894F90060A389049C65
:104790000193A642E7DA4FF00009C846CA46019BDA
:1047A0004B451EDD57F8290003689C42DBD14FF0D2
:1047B000000B5C450BDD5E4506D05B4604AA5946FE
:1047C0000290FFF7D5FA02980BF1010BF1E73146A1
:1047D000FDF701FF10EB08084AEBE07A09F1010947
:1047E000DDE7314604A8FDF7F6FEC3179A4508BF7A
:1047F0008045B8D14FF000090127C8464E450DDD70
:10480000494604A8FDF7E7FEC3177B4300FB0833C6
:10481000A7FB0078984409F10109EFE706F10109C7
:104820004FF0010A4C4508D0494604A8FDF7D3FED5
:1048300009F101090AFB00FAF4E7002423460DF10F
:10484000500BBC4273EB080221DA4FF00009019AC9
:104850004A4518DD03930AAB314653F82900FDF7AA
:10486000BAFE5BF829100AFB00F04200604301EB3E
:1048700040012846029207F086FA029A039B1544EB
:1048800009F10109E3E7013443F10003D9E704A882
:10489000FDF77AFE092418251EAB05FB0430FDF751
:1048A00073FE013CF8D25BB0BDE8F08F836B10B5AE
:1048B0000BB907F030FABDE810403421184770B545
:1048C00015461E46FDF787FE314604462846FDF78D
:1048D00082FE844201D007F01EFA70BD10B5044676
:1048E000184623B1012C03D0022C06D0002010BDA5
:1048F0001944013991FBF0F0F9E71944029B013AA0
:104900005A430132891AF5E713695B4270B5436176
:1049100053695B4283619369C361D3690362136A1C
:1049200015465B420446436208780E4601F025F8BE
:104930006B68A3802B686380B368A381736863810D
:10494000736923823369E381EB6AA3622B6B207066
:10495000E362204670BD2DE9F04F89B01E469DF8F8
:10496000483006939DF84C3001939246D0E90B23D2
:104970009A420446059101DD07F0CDF943687F3383
:10498000FF2BF9D8DAF80080B8F1000FF4DD002E23
:10499000F2DB4645F0DA01254FF0000B2F46A94621
:1049A0005E45594650465DDDFDF715FE00FB09F9F1
:1049B0000BF1010BC345F3D13E46BB1B0293002E06
:1049C0005ED0019B0BB1731E0293C846A9EB080A87
:1049D000B8F1000F52D0A3696068D4E9071298407B
:1049E000E7F718FB019B83460BB108F1FF3A0AFB7E
:1049F00005F30493AA46A5EB0A03BAF1000F3AD0D7
:104A0000019A0AB10AF1FF33049A1344029A07FB90
:104A10000323059A0793D0566268A369104498400F
:104A2000D4E90712E7F7F6FA0BEB000303931846F5
:104A3000069BD4E90412002B18BF5846E7F7EAFAA0
:104A4000E268079BDDF80CB01044E26A9042B8BF00
:104A50001046226B9042A8BF1046149A0AF1FF3A02
:104A6000D054C8E703DAFDF7B6FD4743A0E7FDF7EA
:104A7000B2FD05469CE708F1FF38A7E7013E9CE739
:104A800009B0BDE8F08F2DE9F04FD1F800B089B042
:104A9000BBF1000F9DF848A002900C461646049307
:104AA00001DC07F038F9002AFBDB5A45F9DA012569
:104AB0004FF000092F46A8464E454946204641DDA5
:104AC000FDF789FD00FB08F809F10109CB45F3D199
:104AD0007B1E059308F1FF3306936B1E0026079398
:104AE000B7424CD0BAF1000F35D0059B9B1B019308
:104AF0004FF00009C84540D0BAF1000F2DD0069BF9
:104B0000A3EB090202FB05F303934FF0000B002017
:104B10005D452FD0BAF1000F21D0079BA3EB0B040A
:104B2000039B1C44019B07FB0434049BCBB1139BE8
:104B300043F82400029B53F82410DCF705F80BF12E
:104B4000010BE5E703DAFDF746FD4743BCE7FDF758
:104B500042FD0546B8E70196CAE74A46D2E75C46F9
:104B6000DEE7029B53F82410DBF7EEFF139B43F8BC
:104B70002400E4E709F10109BCE70136B0E709B018
:104B8000BDE8F08F2DE9F04F1E460B6893B0042B63
:104B90000446049201DD07F0BEF83368042BFADC0A
:104BA00006AD0A46012304212846FDF7D0FD012366
:104BB000324604210CA8FDF7CAFD03212846FDF763
:104BC0000AFD022103902846FDF705FD01218046DC
:104BD0002846FDF700FD002106462846FDF7FBFCB0
:104BE000032183460CA8FDF7F6FC022107460CA81A
:104BF000FDF7F1FC012102900CA8FDF7ECFC00216F
:104C000081460CA8FDF7E7FC2468029B04FB08F82A
:104C100098458246BFD166434E45BCD1039B04FBF9
:104C200007F262439A42B6D18345B4D14FF0000BEC
:104C30000595D34535DA00254D452FDA0026029B30
:104C40009E4229DA4FF00008B84523DA96FBF4F3C8
:104C500095FBF4F204FB136004FB125C04FB0C00F4
:104C600007FB0080009059460598FDF7A9FDCDF897
:104C70000080039033462A4659460CA8FDF7A0FD54
:104C8000DDE9032353F822301C9A08F1010842F8A9
:104C90002030D9E70136D2E70135CDE70BF1010B22
:104CA000C7E70CA8FDF770FC06A8FDF76DFC13B074
:104CB000BDE8F08F2DE9F04F1E460B6893B0042B32
:104CC0000446049201DD07F026F83368042BFADC71
:104CD00006AD0A46012304212846FDF738FD0123CD
:104CE000324604210CA8FDF732FD03212846FDF7CA
:104CF00072FC022103902846FDF76DFC01218046DD
:104D00002846FDF768FC002106462846FDF763FCAF
:104D1000032183460CA8FDF75EFC022107460CA880
:104D2000FDF759FC012102900CA8FDF754FC00216D
:104D300081460CA8FDF74FFC2468029B04FB08F891
:104D400098458246BFD166434E45BCD1039B04FBC8
:104D500007F262439A42B6D18345B4D14FF0000BBB
:104D60000595D34533DA00254D452DDA0026029B03
:104D70009E4227DA4FF00008B84521DA96FBF4F39B
:104D800095FBF4F204FB136004FB125C04FB0C00C3
:104D900007FB0080009059460598FDF711FDCDF8FE
:104DA0000080039033462A4659460CA8FDF708FDBB
:104DB000DDE903239B561C9A08F101081354DBE735
:104DC0000136D4E70135CFE70BF1010BC9E70CA899
:104DD000FDF7DAFB06A8FDF7D7FB13B0BDE8F08FAF
:104DE000836B10B50BB906F096FFBDE81040342177
:104DF00018472DE9F04F9FB09946B0F90A300F934C
:104E0000B0F90C301093B0F90E301193B0F91030A6
:104E10001293B0F902301393B0F904301493B0F93F
:104E200012300893036B0C93436B0D930B68DDF802
:104E3000ACA01D92042B0C4601D006F06CFFD9F8F3
:104E40000030042BF9D1DAF80030042BF5D100231F
:104E5000194652462046FFF732FD032319465246B3
:104E600016904846FFF72BFD012105462046FDF729
:104E7000B2FB022117902046FDF7ADFB03211890ED
:104E80002046FDF7A8FB01210E904846FDF7A3FB45
:104E9000022119904846FDF79EFB01211A905046C9
:104EA000FDF799FB02211B905046FDF794FB089BF0
:104EB0000E9A1C9002FB03F6AE42BED12998FDF774
:104EC00036FCB042B9D14FF0000B169B9B4580F2E7
:104ED000A180149B5B420B9300230393039B1B9ABB
:104EE000934280F29480139B5B420A9300230493C5
:104EF000049B1C9A934280F28280002307930593BF
:104F0000059B0E9A934272DA079D079B089AEB1A4B
:104F10009A4264DD00230B9F09930026199B9E4251
:104F20003ADA0023DDF828800693069B1A9A93420A
:104F30002EDAB8F1000F25DB189B434522DD002F48
:104F400020DB179BBB421DDD059B00933A46434681
:104F500059462046FDF734FC069B15903246002149
:104F600000954846FDF72CFC289B159A53F8201015
:104F70001D9B53F82200DBF7EFFE01460998DBF793
:104F8000E3FD0990069B01330693119B9844CCE7FF
:104F9000129B01361F44C1E72A9BF3B153F8251039
:104FA0000998DBF7D1FD59460646DDE90323009554
:104FB0005046FDF705FC0C9907463046DCF76AF8C9
:104FC00000B10C9E0D983146DCF764F800B10D9EDF
:104FD0002C9B013543F8276097E70021E0E7059B0C
:104FE00001330593DDE907321344079388E7049BF7
:104FF0000F9A013304930A9B13440A9378E7039BA7
:10500000109A013303930B9B13440B9366E70BF148
:10501000010B5AE71FB0BDE8F08F13695B4270B512
:10502000436153695B4283619369C361D3690362DE
:10503000136A15465B420446436208780E4600F048
:105040009CFC6B68A3802B686380B368A381736842
:105050006381B36923827369E381F3686382EB6AD6
:10506000A3622B6B2070E362204670BD836B10B58A
:105070000BB906F050FEBDE81040202118477047DC
:105080000B68C91ADCF74EBA0B78C91ADCF74ABAB2
:105090000B88C91ADCF746BA0B68C91ADCF742BAA2
:1050A0002DE9F74F1F46531E03EBD373DDF8309005
:1050B0004FEA630B0546884616460C466FF04043A0
:1050C000A3451CDD04F1010A4FEA4A0A0AEB030179
:1050D000D9F8000055F82A2055F8211050F8211071
:1050E00050F82200DBF7F4FF6FF0404308B10AF1FB
:1050F000FF3A55F82A2045F824205446E0E7F30704
:105100000ED4023E06EBD676B4EB660F08D1631CD4
:105110005A0005EBC30353F8043C45F82430541EF1
:10512000661E06EBD67676104FEA870AA300A045E6
:10513000019305EB840B12DAD9F8002055F82640CC
:1051400052F80A1052F82400DBF7C2FF38B1019B75
:10515000EC50731E03EBD37334465E10E6E7CBF8D6
:10516000007003B0BDE8F08F2DE9F04F85B01C460C
:1051700003EB8101984603900023414503D048F892
:10518000043B0133F9E79300042B04EB820742F35D
:105190001D0614DC3D460DF10C0BA84522D803ADCD
:1051A0003B1B042B36DD57F8043D22683A603A1B5E
:1051B0000095921000212046FFF772FFF0E7B51E20
:1051C00005EBD5756D100DF10C0954F82530CDF8AF
:1051D0000090324629462046FFF762FF002DD9D0C5
:1051E000013DF2E7039BD5F80090D4F800A053F8F6
:1051F000290053F82A10DBF76BFF48B1C5F800A06F
:105200004B46CDF800B0324600212046FFF748FF5C
:105210000435C2E705B0BDE8F08F2DE9F843099EDB
:105220001C4608B906F077FD089FD0F8009010469C
:105230004F43DBF757FFDBF73BFD054619F8070047
:10524000DBF732FD2946DBF77DFC2146DBF784FDE9
:1052500009EB0708306098F80100DBF725FD2946C7
:10526000DBF770FC2146DBF777FD706098F80200F1
:10527000DBF71AFD2946DBF765FC2146DBF76CFD01
:10528000B06098F80300DBF70FFD2946DBF75AFC06
:105290002146DBF761FDF060BDE8F8830329034692
:1052A00007D8012994BF90F90000B3F90000C11795
:1052B000704707290068FAD95968704710B5046823
:1052C00001792046FCF745FC201A10BD10B50446B4
:1052D0000846206011462271801AFCF73AFCA06053
:1052E000204610BD032908B508D8012994BF90F9BC
:1052F0000000B0F90000DBF7A5F808BD072903D8C6
:105300000068DBF7B1F8F8E7D0E90001F5E71FB571
:1053100004468079022802D12179206815E00A2804
:105320000AD860B10138092808D8DFE800F0110771
:105330001C0728170A2307311A28EDD00020014640
:105340000AE02046FFF7BAFF6179FCF702FC03E0B0
:1053500021792068FFF7A2FF04B010BD2046FFF7B7
:10536000ADFF6179F6E721792068FFF7BBFFDBF736
:1053700017FFF1E72046FFF7A1FF6179F5E7214626
:1053800001A8EDF775FA01980A21ECF78DFCE3E727
:10539000214601A8EDF756FA03980021DCE71FB576
:1053A0008379012B044602D12179206815E00A2B6C
:1053B0000BD8012B0BD9023B082B08D8DFE803F0F0
:1053C000101A07250A1621072E001A2BECD00020F0
:1053D000014609E0FFF772FF6179FFF75FFF03E025
:1053E00001790068FCF7B5FB04B010BDFFF766FF5C
:1053F0006179F7E701790068FFF774FFDBF726FFB3
:10540000F2E7FFF75BFF6179F6E7014601A8EDF7E8
:105410002FFA01980A21ECF701FCE5E7014601A803
:10542000EDF710FA03980021DEE71FB58379032B0F
:10543000044605D101790068FFF754FF04B010BDA0
:105440000A2B0AD85BB1013B092B08D8DFE803F02F
:105450000E2D07072115190A07251A2B25D0002024
:105460000021EBE7FFF72AFF6179E5E701790068A2
:10547000FFF714FFDBF722F8E0E7FFF71FFF617982
:10548000F6E7FFF71BFF6179FCF763FBDBF70EF82C
:10549000D4E70023D3E90023FFDE014601A8EDF79E
:1054A000D1F90398DAF7BEFFC8E721792068EBE766
:1054B00020F00040704708B50146DBF74DFC08BD01
:1054C000F8F716BCF8F774BBF8F7F6BCF8F724BD8C
:1054D00008B5F8F721FD01464FF07E50DBF7F0FCF0
:1054E00008BDEDF729BB836B10B50BB906F013FCB3
:1054F000BDE810404FF4807118470020704700202D
:10550000704770B50E46DAF7AFFF044630460D46D9
:10551000DAF7AAFF02460B4620462946DBF726F9B2
:10552000DCF7E2FFDBF7BAFA70BD2DE9F84F076848
:105530000A9D994613689F4204468846164601D044
:1055400006F0E9FB4FF0000A57450DDD51462046B5
:10555000FDF741F8514683463046FDF73CF8834558
:10556000EED10AF1010AEFE72B689F42E8D14FF034
:10557000000A57450DDD51462046FDF72CF85146EF
:1055800006462846FDF727F88642D9D10AF1010AD6
:10559000EFE7052FCCBF6468043400234FF0010A05
:1055A0009F4205DD54F82320013302FB0AFAF7E796
:1055B000002454450ADA59F8241058F824000C9BAA
:1055C00098470B9B43F824000134F2E7BDE8F88FBD
:1055D0002DE9F04F9A460368A7B0042B1446054600
:1055E000309A039101DD06F096FB2368042BFADC68
:1055F0001368042BF7DC0123042104A8FDF7A7F8A6
:105600002A46012304210AA8FDF7A1F82246012316
:10561000042110A8FDF79BF816A90AA8FDF73BFA8C
:105620001EA910A8FDF737FA00261EAD16AC3746A6
:1056300031460AA8FCF7CFFF3146804610A8FCF798
:10564000CAFF804504D0B8F1010F5DD12761206009
:105650000136042E05F1040504F10404E8D110A874
:10566000FCF792FF0AA8FCF78FFF0025002104A891
:10567000FCF7B1FFA84255DD00270DF1100801210C
:105680004046FCF7A8FFB8424ADD4FF0000902216E
:105690004046FCF7A0FF484540DD00260321404678
:1056A000FCF799FFB04236DD049904299BD1059996
:1056B0008D4298DA069CA74295DA079B994592DAC3
:1056C000089886428FDA04FB057403FB049400FB00
:1056D000046400964B463A46294616A8FDF7A6F8FC
:1056E000009683464B463A4629461EA8FDF79EF88B
:1056F000039B5AF8201053F82B00329B9847319B9C
:10570000013643F82400C9E701287FF46CAF2F610C
:10571000C5F800809CE709F10109B8E70137ACE75B
:105720000135A3E704A8FCF72FFF27B0BDE8F08FF1
:105730000020704770B50E46F8F79CFB0021044628
:10574000DBF79EFCA8B900213046DBF7A3FC002163
:10575000051E204618BF0125DBF79CFC0038EDB282
:1057600018BF0120854204D020463146DBF7ECF912
:105770000446204670BD836B10B50BB906F0CBFA1A
:10578000BDE81040202118474A69524202608A69E8
:1057900052424260CA6982600A68C2604A68026115
:1057A0008A684261CA68826170472DE9FF47012A11
:1057B000DDE90EA70C9E804689461D462CD00022AE
:1057C0000023CDE9022302ABCDE900A332460D9BB5
:1057D0002946DBF7EDFE0446D0B93B1DDDE90201A9
:1057E0003A46E4F791FE2B697B6133690BB106F011
:1057F00092FADAF81030FB6107F10C03BC615246F3
:105800000093494607F108034046E4F773FF044656
:10581000204604B0BDE8F0870024F9E7836B10B59B
:105820000BB906F078FABDE81040142118478840FB
:1058300000F30F0000B270472DE9F74F0446084609
:1058400019469146FCF7D8FE0026804647F6FF7BB6
:105850006FF07F0A46453FDA208819F90630B4F91F
:105860000C101B1ADB011BB218460193EEF7ACFAC1
:10587000A768019B002F054604DD1846791EFFF737
:10588000D6FF03461846B4F90410EEF79DFA002F30
:1058900003461CDD0121FFF7CAFF034603F5004064
:1058A00040106843216948BF5844494240F3CF3013
:1058B000EEF7B4FA6388184400B27F28A8BF7F20AF
:1058C0000C9B5045B8BF504698550136C2E7E5D00D
:1058D0007942EEF7A3FAE0E703B0BDE8F08F0028C5
:1058E00010B501DA06F017FA6FF08023984203DB57
:1058F00047F6FF730B8010BD00F50042130C1B042C
:105900009A424FEA2244EDDBA0F5FF407F38834204
:10591000E8DB0C80EFE708B508B906F0FCF90029D0
:10592000FBD049684068FCF79FFC003818BF012095
:1059300008BD70B5044609B14D681DB90023236048
:10594000204670BD55F8043B0360052B4FEA8306E3
:1059500005DC201D3246294606F015FAF0E76FF007
:1059600060429342B4BF30464FF0FF3006F030F94A
:1059700023686060052BEDDCEBE7012802D00228EC
:1059800018BF00207047836B10B50BB906F0C3F940
:10599000BDE81040042118472DE9F8430768044684
:1059A0000D4690460026BE4210DAAE420CD031467B
:1059B0002046FCF710FE314681464046FCF70BFEC0
:1059C000814501D006F0A7F90136ECE7002DF9DB9F
:1059D000BD42F7DA052FCCBF6468043401200023F0
:1059E0009D4218BF54F8232003F1010308BF012290
:1059F0009F4202FB00F0F3DCBDE8F88310B50446DB
:105A0000EEF768FC204610BD2DE9F04F87B0002569
:105A100080460F4616460193A946B9454CDA019BCC
:105A200003EB050B002359461846B34207DA11F978
:105A3000012BA2EB080202FB02000133F5E705ABE4
:105A400004AA4FF0FF31EEF779FCDDE90424E31DF1
:105A500023EAE371002BC4F1FF24109B009104F5AD
:105A60007F0404F1F9042B44C8BF00244FF0000A5E
:105A7000B24503931CDA1BF9010B009B0292A0EBC9
:105A8000080011469840EEF701FC2146EEF730FC85
:105A900010F17F0FDDE9022307DB7F28A8BF7F20FD
:105AA00003F8010B0AF1010AE2E76FF07F00F7E764
:105AB00009F101093544B0E707B0BDE8F08F2DE9E1
:105AC000F04F1F460B6897B0042B04460E46149205
:105AD00001D006F020F93B68042BFAD100231946C7
:105AE0003A463046FEF7EBFE032319463A460C9041
:105AF0003046FEF7E4FE01210D903046FCF76BFDC9
:105B000002210E903046FCF766FD01210F903846C9
:105B1000FCF761FD022110903846FCF75CFDE3685C
:105B200012932369119013934FF0000B0C9B9B452C
:105B300080F2A680002305930393039B109A93425F
:105B400080F29B80002306930493049B119A934256
:105B500080F28B8000230293029B0D9A93427CDAA1
:105B6000B4F90280069BB4F90450A3EB080309932F
:105B7000059B099A5B1B0A93069BA8EB03080F9BE6
:105B80009A1AA3699A42A8BF1A46059B0892ED1A71
:105B90000A9A0E9B9A1A63699A42A8BF1A46002372
:105BA00028EAE87825EAE5750B9207934FF000099B
:105BB0000B9BAB4229DD0A9BC246EA18089B9A451B
:105BC00017DA029B0093099B1592534459463046BD
:105BD000FCF7F6FD149B53F820100846DBF7BCF8E1
:105BE00001464846DAF7B0FF0AF1010A159A8146E4
:105BF000E4E7089B089AA3EB08034245B8BF0023DB
:105C0000079A1A4407920135D2E70798DBF750F854
:105C100001464846DBF754F9F8F77EF9029B0093FA
:105C200080465946DDE903233846FCF7C9FD656A1D
:105C3000D4F828A0814641462846DBF749FA00B946
:105C4000454629465046DBF725FA00B15546209BCC
:105C500043F82950029B01337DE7049B139A0133DB
:105C60000493069B134406936FE7039B129A013338
:105C70000393059B134405935FE70BF1010B55E775
:105C800017B0BDE8F08F836B10B50BB906F043F881
:105C9000BDE8104018211847002808BF0846704783
:105CA000002814BF0846002070472DE9F84F076808
:105CB0000A9D994613689F4204468846164601D0BD
:105CC00006F029F84FF0000A57450DDD51462046F1
:105CD000FCF781FC514683463046FCF77CFC83454B
:105CE000EED10AF1010AEFE72B689F42E8D14FF0AD
:105CF000000A57450DDD51462046FCF76CFC514625
:105D000006462846FCF767FC8642D9D10AF1010A0B
:105D1000EFE7052FCCBF6468043400234FF0010A7D
:105D20009F4205DD54F82320013302FB0AFAF7E70E
:105D30000024544509DA19F8041018F804000C9BE3
:105D400098470B9B18550134F3E7BDE8F88F2DE910
:105D5000F04F9A460368A7B0042B14460546309AC4
:105D6000039101DD05F0D7FF2368042BFADC1368EB
:105D7000042BF7DC0123042104A8FCF7E8FC2A46E5
:105D8000012304210AA8FCF7E2FC22460123042196
:105D900010A8FCF7DCFC16A90AA8FCF77CFE1EA9DB
:105DA00010A8FCF778FE00261EAD16AC374631462B
:105DB0000AA8FCF710FC3146804610A8FCF70BFC43
:105DC000804504D0B8F1010F5CD127612060013615
:105DD000042E05F1040504F10404E8D110A8FCF731
:105DE000D3FB0AA8FCF7D0FB0025002104A8FCF790
:105DF000F2FBA84254DD00270DF1100801214046B6
:105E0000FCF7E9FBB84249DD4FF0000902214046AA
:105E1000FCF7E1FB48453FDD002603214046FCF747
:105E2000DAFBB04235DD049904299BD105998D42F6
:105E300098DA069CA74295DA079B994592DA08986A
:105E400086428FDA04FB057403FB049400FB0464B0
:105E500000964B463A46294616A8FCF7E7FC009602
:105E600083464B463A4629461EA8FCF7DFFC039BB7
:105E70001AF8001013F80B00329B9847319B01363B
:105E80001855CAE701287FF46DAF2F61C5F800806F
:105E90009DE709F10109B9E70137ADE70135A4E74D
:105EA00004A8FCF771FB27B0BDE8F08F2DE9F041A5
:105EB0009046A2B0002204460F46FCF770FB012278
:105EC000064639462046FCF76AFB05460CB905F044
:105ED00022FF002FFBD07A68636D516820469847F7
:105EE000294604463046FFF716FD314648B304A85C
:105EF000FFF71FFD002EEAD029460AA83668FFF7F3
:105F000018FD002DE3D021461CA82D68FFF711FDD8
:105F100004B124681CAB0AAA3146009304A82B469E
:105F2000CDE90148FFF7C1FE1CA8FCF72DFB0AA82C
:105F3000FCF72AFB04A8FCF727FB002022B0BDE8F1
:105F4000F08110A8FFF7F5FC002EC0D0294616A856
:105F50003668FFF7EEFC002DB9D021461CA82D684D
:105F6000FFF7E7FC04B124681CAB16AA3146009386
:105F700010A82B46CDE90148FFF7E9FE1CA8FCF765
:105F800003FB16A8FCF700FB10A8D4E7836B10B541
:105F90000BB905F0C0FEBDE810401021184708B548
:105FA0000021EEF7A5F908BD08B5EEF76FF908BDB9
:105FB0002DE9F04F89B0C3F10009002B149E009029
:105FC00023EAE37388469246C8BF4FF000090024D5
:105FD000C1F1000B0193129B9C4255DA139B185799
:105FE000009BC01A834504DB8023337001340136E3
:105FF000F1E7404501DB7F23F7E7019B51469840DD
:10600000EEF744F94946EEF773F9002838DC0CBF87
:106010004FF0FF3300230027454225EA07053840AB
:106020006840F943404203930291EEF7D3FFEEF745
:1060300017FF05464FF08040FFF7B1FF0299039B21
:106040006FF0004CACEB050C0CEA01013D404D40FB
:1060500025EA0305184017216840EEF749F96FF06B
:106060007F03803898420693B4BF06AB05AB05901A
:106070007F21079119687F29C8BF07AB1B68B4E768
:106080004FF0FF370023C7E709B0BDE8F08F0A697A
:1060900008B50AB905F03FFEBDE80840EFF7A6B81D
:1060A00038B504460D46DBF713F800B92C462046F8
:1060B00038BD884238BF084670478842B8BF084696
:1060C00070478842B8BF0846704730B590420C46CA
:1060D0009C41BCBF1046194630BD38B504460D463C
:1060E000DAF7D8FF00B92C46204638BD884228BFD1
:1060F000084670478842A8BF084670478842A8BF34
:106100000846704730B582420C4673EB0404BCBFAE
:106110001046194630BD08B502680B689A420ED188
:10612000052ACCBF40680430052BCCBF4968043138
:10613000920005F018FEB0FA80F0400908BD00207A
:10614000FCE730B54B68856944690A686B4304FB1A
:106150000233C4698A6804FB0233CA68046A406A6D
:1061600004FB02330A6900FB023030BD70B50C46F7
:1061700015460646002229462046FCF710FA012261
:10618000306029462046FCF70AFA70600CB905F029
:10619000C2FD002DFBD06A68636D516820469847A8
:1061A000B06070BDF8B5064601F110050424012762
:1061B00021463046FCF70FFA45F804092146AF6145
:1061C0003046FCF708FA013C00FB07F7F0D2F8BDB7
:1061D0002DE9F0430D468DB01E4614460AB905F070
:1061E0009AFD002BFBD00246012305216846FCF7EF
:1061F000AEFA2A460123052106A8FCF7A8FA214693
:106200006846FFF7CFFF314606A8FFF7CBFF002512
:10621000A84606F1140929466846FCF7DCF9294628
:10622000074606A8FCF7D7F9874204D0012F10D102
:10623000C4F8148020600135052D04F10404EAD16E
:1062400006A8FCF7A1F96846FCF79EF90DB0BDE879
:10625000F0830128C3D149F8258046F82570EAE784
:106260002DE9F84F4FF0000906460D461446C2F8D6
:106270000C90E268F3689A422CDAC4F81090226914
:1062800033699A4222DA28692146FFF75AFF2146EC
:106290008046A869FFF755FF214682466868FFF7E8
:1062A00050FF2B68D3F800B06B691968EB6851F8A0
:1062B0002A101A68AB6807461B6852F828009847EE
:1062C00023694BF8270001332361D8E7E3680133E2
:1062D000E360CEE7BDE8F88F2DE9F043ADB00646A8
:1062E00001911146349F00931546FFF714FF0446B1
:1062F000A8B129463A463046FCF784FA0024054600
:10630000AC425FDA009B359E53F82410019B53F892
:106310002400369B984746F824000134F0E73368A0
:10632000052B01DD05F0F7FC2B68052BFADC3B683B
:10633000052BF7DC0DF160080DF1380929464346BD
:106340004A463046FFF744FF22AD01233A46052175
:1063500007A8FCF7FCF9294607A8FFF723FF07A8C1
:10636000FCF712F935ABCDE9073536AB09931422AA
:1063700001AB214602A8CDE90A39CDF830D0CDF8DD
:10638000348005F03BFD029A229B9A421ADA03946C
:10639000039A239B9A4211DA0494049A249B9A420A
:1063A00008DA02AA07A92846FFF75AFF049B01331F
:1063B0000493F2E7039B01330393E9E7029B013364
:1063C0000293E0E72DB0BDE8F0832DE9F84F4FF0E0
:1063D000000906460D461446C2F80C90E268F368C0
:1063E0009A422CDAC4F81090226933699A4222DA70
:1063F00028692146FFF7A5FE21468046A869FFF7D8
:10640000A0FE214682466868FFF79BFE2B68D3F802
:1064100000B06B691968EB6811F80A101A68AB686C
:1064200007461B6812F8080098470BF80700236915
:1064300001332361D8E7E3680133E360CEE7BDE8C9
:10644000F88F2DE9F043ADB0064601911146349F17
:1064500000931546FFF75FFE044690B129463A4681
:106460003046FCF7CFF900240546AC425CDA009BCD
:10647000359E195D019B185D369B98473055013458
:10648000F3E73368052B01DD05F045FC2B68052B90
:10649000FADC3B68052BF7DC0DF160080DF13809DB
:1064A000294643464A463046FFF792FE22AD012375
:1064B0003A46052107A8FCF74AF9294607A8FFF73D
:1064C00071FE07A8FCF760F835ABCDE9073536ABB0
:1064D0000993142201AB214602A8CDE90A39CDF86F
:1064E00030D0CDF8348005F089FC029A229B9A4284
:1064F0001ADA0394039A239B9A4211DA0494049AB9
:10650000249B9A4208DA02AA07A92846FFF75DFFF2
:10651000049B01330493F2E7039B01330393E9E700
:10652000029B01330293E0E72DB0BDE8F0832DE933
:10653000F84F4FF0000906460D461446C2F80C907D
:10654000E268F3689A422CDAC4F810902269336941
:106550009A4222DA28692146FFF7F3FD2146804658
:10656000A869FFF7EEFD214682466868FFF7E9FD5E
:106570002B68D3F800B06B691968EB6811F90A1041
:106580001A68AB6807461B6812F9080098470BF8B1
:106590000700236901332361D8E7E3680133E3602F
:1065A000CEE7BDE8F88F2DE9F043ADB00646019186
:1065B0001146349F00931546FFF7ADFD044690B198
:1065C00029463A463046FCF71DF900240546AC4200
:1065D0005CDA009B359E1957019B1857369B9847EC
:1065E00030550134F3E73368052B01DD05F093FBEB
:1065F0002B68052BFADC3B68052BF7DC0DF16008F6
:106600000DF13809294643464A463046FFF7E0FD7A
:1066100022AD01233A46052107A8FCF798F8294640
:1066200007A8FFF7BFFD07A8FBF7AEFF35ABCDE925
:10663000073536AB0993142201AB214602A8CDE9F8
:106640000A39CDF830D0CDF8348005F0D7FB029A66
:10665000229B9A421ADA0394039A239B9A4211DAF4
:106660000494049A249B9A4208DA02AA07A92846AD
:10667000FFF75DFF049B01330493F2E7039B0133B3
:106680000393E9E7029B01330293E0E72DB0BDE8F5
:10669000F0832DE9F84F4FF0000906460D461446E9
:1066A000C2F80C90E268F3689A422CDAC4F81090B1
:1066B000226933699A4222DA28692146FFF741FDAF
:1066C00021468046A869FFF73CFD2146824668685E
:1066D000FFF737FD2B68D3F800B06B691968EB68DA
:1066E00051F82A101A68AB6807461B6852F8280050
:1066F00098474BF82700236901332361D8E7E36803
:106700000133E360CEE7BDE8F88F2DE9F043ADB08B
:10671000064601911146349F00931546FFF7FBFC96
:106720000446A8B129463A463046FCF76BF80024E7
:106730000546AC425FDA009B359E53F82410019B5E
:1067400053F82400369B984746F824000134F0E7BC
:106750003368052B01DD05F0DEFA2B68052BFADC2A
:106760003B68052BF7DC0DF160080DF1380929466F
:1067700043464A463046FFF72BFD22AD01233A46F9
:10678000052107A8FBF7E3FF294607A8FFF70AFD45
:1067900007A8FBF7F9FE35ABCDE9073536AB099312
:1067A000142201AB214602A8CDE90A39CDF830D038
:1067B000CDF8348005F022FB029A229B9A421ADA25
:1067C0000394039A239B9A4211DA0494049A249B1B
:1067D0009A4208DA02AA07A92846FFF75AFF049B43
:1067E00001330493F2E7039B01330393E9E7029B30
:1067F00001330293E0E72DB0BDE8F0832DE9F047C7
:10680000002706460D461446D760E268F3689A42B0
:1068100030DA2761226933699A4227DA28692146EA
:10682000FFF78FFC21468146A869FFF78AFC2146C5
:1068300082466868FFF785FC2B681B6803EBC0087D
:106840006B691A68EB681868AB6800EBC90002EB6B
:10685000CA02D3F80090D0E90001D2E90023C8476A
:1068600023690133C8E900012361D3E7E3680133F9
:10687000E360CAE7BDE8F0872DE9F043ADB0064616
:1068800001911146349F00931546FFF744FC0446DE
:10689000D8B130463A462946FBF7B4FF00240646F5
:1068A000B44265DA009B369F359D03EBC402019B21
:1068B00003EBC401D1E90001D2E90023B84705EB9D
:1068C000C405C5E900010134EAE73368052B01DDA1
:1068D00005F021FA2B68052BFADC3B68052BF7DC69
:1068E0000DF160080DF13809294643464A46304605
:1068F000FFF76EFC22AD01233A46052107A8FBF7FE
:1069000026FF294607A8FFF74DFC07A8FBF73CFE2A
:1069100035ABCDE9073536AB0993142201AB2146DF
:1069200002A8CDE90A39CDF830D0CDF8348005F091
:1069300065FA029A229B9A421ADA0394039A239BDD
:106940009A4211DA0494049A249B9A4208DA02AA21
:1069500007A92846FFF752FF049B01330493F2E78F
:10696000039B01330393E9E7029B01330293E0E7C2
:106970002DB0BDE8F083836B10B50BB905F0CBF9F2
:10698000BDE81040242118472DE9F047D0F80090C9
:10699000D1F80080C1454D4604460E46A8BF454685
:1069A00001277B1E9D4210DDA9EB07012046FBF766
:1069B00012FEA8EB070182463046FBF70CFE82452B
:1069C00007F10107EDD005F0A6F92F4609F1FF3ACE
:1069D0004F450BDB08F1FF37454510DA791B304690
:1069E000FBF7F9FD0128EED10135F5E7AAEB070128
:1069F0002046FBF7F0FD0128E5D10137E8E7204606
:106A0000FBF795FEBDE8F0872DE9F04F1D460B68BA
:106A1000D0F834B0D0F838A09BB0042B03920C46C9
:106A2000259A01DD05F077F92B68042BFADC136851
:106A3000042BF7DC0123042104A8FBF788FE294678
:106A400012AB0AAA2046FCF73CF80025002104A856
:106A5000FBF7C1FDA84253DD00260DF1100801210E
:106A60004046FBF7B8FDB04248DD00270221404612
:106A7000FBF7B1FDB8423FDD4FF00009032140466E
:106A8000FBF7A9FD484535DD3B4632462946CDF8A2
:106A900000900AA8FBF7CAFE324604463B46294648
:106AA000CDF8009012A8FBF7C1FE249B53F82010EC
:106AB000039B53F82400DAF74FF929460446CDF832
:106AC00000903B4632464046FBF77AFE594602901C
:106AD0002046DAF7DFFA00B15C4621465046DAF785
:106AE000D9FA00B15446269B029A09F1010943F8EC
:106AF0002240C3E70137B9E70136AEE70135A5E724
:106B000004A8FBF741FD1BB0BDE8F08F2DE9F04F65
:106B10000746BFB00E4615460021682224A81C4631
:106B200005F06CF9FB69319331463B6A32931EA83C
:106B3000FEF7FFFE294618A8FEF7FBFE18A924AAB7
:106B40001EA8FBF7CDFE804618A8FBF71DFD1EA86A
:106B5000FBF71AFD12AF3146B8F1000F28D01EA87E
:106B6000FEF7E7FE0EB905F0D6F8294618A83668F4
:106B7000FEF7DFFE002DF6D0214638462D68FEF7E1
:106B8000D8FE04B12468009518AB32461EA924A88B
:106B9000CDE90174FFF738FF3846FBF7F5FC18A87C
:106BA000FBF7F2FC1EA8FBF7EFFC3FB0BDE8F08F4F
:106BB0003846FEF7BEFE002ED5D033680593294631
:106BC0000CA8FEF7B6FE002DCDD0214606A8D5F8BC
:106BD00000B0FEF7AEFE04B12468DDF8C480DDF835
:106BE000C8900CA93846FFF7CFFE06A906463846DE
:106BF000FFF7CAFE8642B6D14FF0000AB24518DA56
:106C0000059B5BF82A1053F82A00DAF7A5F8054629
:106C100001464046DAF75CFA00B145462946484647
:106C2000DAF738FA00B14D4644F82A500AF1010A61
:106C3000E4E706A8FBF7A8FC0CA8FBF7A5FC384680
:106C4000B1E72DE9F04F99B004469346084608AAEB
:106C5000194610ABFBF735FF239A0123042102A844
:106C6000FBF775FD0026002102A8FBF7B4FCB0423B
:106C700053DD4FF000080DF1080901214846FBF7EC
:106C8000AAFC404547DD002702214846FBF7A3FC4C
:106C9000B8423DDD4FF0000A03214846FBF79BFC5C
:106CA000504533DDCDF800A03B464246314608A8AA
:106CB000FBF7BCFD62681BF90050CDF800A015443D
:106CC0003B464246314610A8FBF7B0FD229BA26826
:106CD000185610446843D4E90412EDF705FFE5683F
:106CE000CDF800A00544E06A8542B8BF0546206B98
:106CF0008542A8BF05463B46424631464846FBF71B
:106D00005FFD249B0AF1010A1D54C5E70137BBE76B
:106D100008F10108AFE70136A5E702A8FBF734FC4C
:106D200019B0BDE8F08F2DE9F0430546BDB00F4620
:106D300016460021682222A81C4605F05FF8AB68C1
:106D40002D93EB682E932B6A30932B685B42239331
:106D50006B685B4224932B6925936B6926933946B4
:106D6000AB6927931CA8FEF7E4FD314616A8FEF791
:106D7000E0FD16A922AA1CA8FBF7B2FD804616A8C2
:106D8000FBF702FC1CA8FBF7FFFB10AD3946B8F17E
:106D9000000F28D01CA8FEF7CCFD0FB904F0BBFFF4
:106DA000314616A83F68FEF7C4FD002EF6D02146F6
:106DB00028463668FEF7BDFD04B12468009616AB80
:106DC0003A461CA922A8CDE90154FFF73AFF28460C
:106DD000FBF7DAFB16A8FBF7D7FB1CA8FBF7D4FBE5
:106DE0003DB0BDE8F0832846FEF7A3FD002FD5D0C7
:106DF00031460AA83F68FEF79CFD002ECED0214602
:106E000004A8D6F80080FEF794FD04B12468DDE9FB
:106E10002D239A42C2DC2846FBF789FC81460AA84A
:106E2000FBF785FC064604A8FBF781FCB145B5D10C
:106E30008145B3D100264E4518DABB572398249AD2
:106E4000034418F9060010445843DDE92612EDF713
:106E50004BFE259B03442D988342B8BF03462E98D2
:106E60008342A8BF0346A3550136E4E704A8FBF715
:106E70008BFB0AA8FBF788FB2846AFE7836B10B5AE
:106E80000BB904F048FFBDE810403821184710B591
:106E90000446EFF7B5FA204610BD2DE9F04FA7B034
:106EA000064614461D460A46012305211AA8FBF78B
:106EB0004EFC309A0123052120A8FBF748FC96F9E7
:106EC0000000052801DD04F026FF96F918100529B9
:106ED000F9DC00236FF003020DF1980CCDE91033BB
:106EE000CDE9123302FB00C21493371D443A984295
:106EF00014DC00236FF0030226A8CDE91533CDE999
:106F0000173302FB010219931C36303A99420BDD0C
:106F100056F8040B42F823000133F7E757F804CB87
:106F200042F823C00133E2E7002120A8FBF753FB1E
:106F30000121074620A8FBF74EFB0221804620A82E
:106F4000FBF749FB0321814620A8FBF744FB042102
:106F5000824620A8FBF73FFB109B0193119B0293F5
:106F6000129B0393139B0493149B0593169B069308
:106F7000179B0793189B0893199B099320EAE073CA
:106F80009B000A93159B2968FB1A00260F93BE42AB
:106F900053DA069BA8EB03034FF0000C0E93C44595
:106FA00049DA4FF0000ECE4542DA079BA9EB030306
:106FB0000C93089BAAEB03034FF0000B0D93D345F2
:106FC00033DA099BC31A00250B93854226DA019B0D
:106FD0009E4221DB0F9BB3421EDD029B9C451BDBC7
:106FE0000E9B634518DD039B9E4515DB0C9B73458B
:106FF00012DD049B9B450FDB0D9B5B450CDD059B68
:107000009D4209DB0B9BAB4206DD54F8043B319AF1
:1070100042F825300135D8E70B46F8E7319B0A9A4C
:10702000134431930BF1010BC9E70EF1010EBAE7DE
:107030000CF1010CB3E70136A9E720A8FBF7A4FA8D
:107040001AA8FBF7A1FA27B0BDE8F08F2DE9F04FA1
:10705000A7B0064614461D460A46012305211AA874
:10706000FBF775FB309A0123052120A8FBF76FFB86
:1070700096F90000052801DD04F04DFE96F9181080
:107080000529F9DC00236FF003020DF1980CCDE91E
:107090001033CDE9123302FB00C21493371D443A7A
:1070A000984214DC00236FF0030226A8CDE91533C3
:1070B000CDE9173302FB010219931C36303A99428D
:1070C0000BDD56F8040B42F823000133F7E757F8BD
:1070D00004CB42F823C00133E2E7002120A8FBF7EC
:1070E0007AFA0121074620A8FBF775FA02218046AB
:1070F00020A8FBF770FA0321814620A8FBF76BFA62
:107100000421824620A8FBF766FA109B0193119B8D
:107110000293129B0393139B0493149B0593169B5A
:107120000693179B0793189B0893199B099320EAD2
:10713000E0739B000A93159B2968FB1A00260F93A6
:10714000BE4253DA069BA8EB03034FF0000C0E93EC
:10715000C44549DA4FF0000ECE4542DA079BA9EB51
:1071600003030C93089BAAEB03034FF0000B0D9352
:10717000D34533DA099BC31A00250B93854226DADF
:10718000019B9E4221DB0F9BB3421EDD029B9C456F
:107190001BDB0E9B634518DD039B9E4515DB0C9B9B
:1071A000734512DD049B9B450FDB0D9B5B450CDD9E
:1071B000059B9D4209DB0B9BAB4206DD54F8043B6B
:1071C000319A42F825300135D8E70B46F8E7319B74
:1071D0000A9A134431930BF1010BC9E70EF1010E2A
:1071E000BAE70CF1010CB3E70136A9E720A8FBF7D9
:1071F000CBF91AA8FBF7C8F927B0BDE8F08F2DE945
:10720000F04FA7B0064614461D460A460123052145
:107210001AA8FBF79CFA309A0123052120A8FBF756
:1072200096FA96F90000052801DD04F074FD96F940
:1072300018100529F9DC00236FF003020DF1980CFA
:10724000CDE91033CDE9123302FB00C21493371D90
:10725000443A984214DC00236FF0030226A8CDE9DB
:107260001533CDE9173302FB010219931C36303A6E
:1072700099420BDD56F8040B42F823000133F7E77F
:1072800057F804CB42F823C00133E2E7002120A8DD
:10729000FBF7A1F90121834620A8FBF79CF9022105
:1072A000804620A8FBF797F90321814620A8FBF729
:1072B00092F90421824620A8FBF78DF9109B0093D8
:1072C000119B0193129B0293139B0393149B0493B2
:1072D000159B0593169B0693179B0793189B089382
:1072E000199B0993297820EAE073074600260F933B
:1072F0005E4554DA059BABEB03034FF0000C0E9395
:10730000C4454ADA069BA8EB030300200D934845C9
:1073100040DA079BA9EB03034FF0000E0C93D64510
:1073200036DA089BAAEB03030A93099BFB1A002594
:107330000B93BD4225DA009B9E4220DB0E9BB3429D
:107340001DDD019B9C451ADB0D9B634517DD029BF0
:10735000984214DB0C9B834211DD039B9E450EDBA0
:107360000A9B73450BDD049B9D4208DB0B9BAB42E4
:1073700005DD14F8013B319A53550135D9E70B4629
:10738000F9E7319B0F9A134431930EF1010EC6E7D2
:107390000130BCE70CF1010CB2E70136A8E720A8E8
:1073A000FBF7F2F81AA8FBF7EFF827B0BDE8F08F6B
:1073B0002DE9F04FA7B0064614461D460A460123A4
:1073C00005211AA8FBF7C3F9309A0123052120A84B
:1073D000FBF7BDF996F90000052801DD04F09BFCE0
:1073E00096F918100529F9DC00236FF003020DF15E
:1073F000980CCDE91033CDE9123302FB00C214938F
:10740000371D443A984214DC00236FF0030226A88B
:10741000CDE91533CDE9173302FB010219931C3670
:10742000303A99420BDD56F8040B42F82300013341
:10743000F7E757F804CB42F823C00133E2E7002115
:1074400020A8FBF7C8F80121834620A8FBF7C3F862
:107450000221804620A8FBF7BEF80321814620A820
:10746000FBF7B9F80421824620A8FBF7B4F8109B7B
:107470000093119B0193129B0293139B0393149B04
:107480000493159B0593169B0693179B0793189BD4
:107490000893199B099395F9001020EAE0730746B9
:1074A00000260F935E4554DA059BABEB03034FF0C8
:1074B000000C0E93C4454ADA069BA8EB0303002098
:1074C0000D93484540DA079BA9EB03034FF0000EEC
:1074D0000C93D64536DA089BAAEB03030A93099B63
:1074E000FB1A00250B93BD4225DA009B9E4220DB50
:1074F0000E9BB3421DDD019B9C451ADB0D9B634532
:1075000017DD029B984214DB0C9B834211DD039B29
:107510009E450EDB0A9B73450BDD049B9D4208DBF9
:107520000B9BAB4205DD14F9013B319A53550135F4
:10753000D9E70B46F9E7319B0F9A134431930EF1CB
:10754000010EC6E70130BCE70CF1010CB2E70136D1
:10755000A8E720A8FBF718F81AA8FBF715F827B03A
:10756000BDE8F08F836B10B50BB904F0D4FBBDE818
:107570001040202118472DE9F04F99B01F460A927C
:10758000D0E907239A4204460E4601DD04F0C3FB0E
:107590008032FBDB7F2BF9DC0B68042BF6D13B68D8
:1075A000042BF3D1002319463A463046FDF787F9FC
:1075B000032319463A460C903046FDF780F9012125
:1075C0000D903046FBF707F802210E903046FBF78E
:1075D00002F801210F903846FAF7FDFF02211190C1
:1075E0003846FAF7F8FFE36813932369129014936F
:1075F0004FF0000B0C9B9B4580F28F804FF0000AF0
:10760000D146119B994580F285804FF00008CDF856
:107610001080049B129A934277DA00230393039B12
:107620000D9A93426BDAB4F90230B4F90450A8EB26
:107630000302A3EB0803079223EAE373AAEB050214
:1076400008920693079A0F9B9A1AA3699A42A8BFB9
:107650001A460B920E9B089A9A1A63699A42A8BF1F
:107660001A46A5EB0A05802325EAE57510928DF8E8
:107670005F30109B9D4229DA069B0593089BEA1810
:107680009DF95F30059909930B9B8B421CDD039B91
:1076900000930B46079915920B4430465946FBF769
:1076A0008FF80A9A0A9B03441056099A90420DF1EA
:1076B0005F02D8BF1346159A93F900308DF85F30FA
:1076C000059B01330593DBE70135D2E794F91C50A4
:1076D0009DF95F309D42B8BF1D4694F920309D4210
:1076E000A8BF1D46039B00934A46049B5946384653
:1076F000FBF766F8229B1D54039B01338EE7049B26
:1077000001330493149B984483E7139B09F1010907
:107710009A4476E70BF1010B6CE719B0BDE8F08FE6
:107720002DE9F04F1F460B6899B0042B04460E4616
:10773000089201D004F0EFFA3B68042BFAD1002341
:1077400019463A463046FDF7BAF8032319463A4639
:107750000A903046FDF7B3F801210B903046FAF756
:107760003AFF02210C903046FAF735FF01210E90C6
:107770003846FAF730FF02210F903846FAF72BFF10
:10778000E36811932369109012934FF000090A9B4C
:10779000994580F29980002305930393039B0F9AE8
:1077A000934280F28E80002306930493049B109AE8
:1077B00093427EDA00230293029B0B9A934270DA83
:1077C000B4F90280069BB4F90450A3EB080B059BA7
:1077D0005B1B0793069BA8EB03080E9BA3EB0B0216
:1077E000A3699A42A8BF1A46059B0D92ED1A079A03
:1077F0000C9B9A1A63699A42A8BF1A466FF4000359
:1078000028EAE87825EAE57509921793099B9D42D5
:1078100027DA079BC246EA18179B13930D9B9A45DC
:107820001DDA029B009349460AEB0B033046159282
:10783000FAF7C6FF089B139903EB80031493089B88
:1078400053F82000D9F744FC17AA0028149B08BF5E
:1078500013460AF1010A1B68159A1793DCE70135F4
:10786000D4E7029B00934946DDE903233846FAF743
:10787000A7FFDDF85CB0656AD4F828A080462946E9
:107880005846D9F707FC00B95D4629465046D9F756
:1078900001FC00B15546229B43F82850029B01335E
:1078A00089E7049B129A01330493069B13440693C1
:1078B0007CE7039B119A01330393059B13440593C3
:1078C0006CE709F1010962E719B0BDE8F08F2DE915
:1078D000F04F936891F800B0D1E90354D3E90297CF
:1078E000D1E9018A85B00126009643462A463946E9
:1078F0005846FCF7F3FF009603905346224649464C
:107900005846FCF7EBFF039B0E9A5E1E013808FBFE
:1079100006580AFB004AA8EB0707AAEB090927EA61
:10792000E77729EAE9797B10136007F001074FEA4E
:10793000690309F00104002053609760D46005B02A
:10794000BDE8F08F2DE9F04FA7B09168069151681E
:1079500007911169D268309C0D92B3F90420089206
:10796000B3F900200C91099221469A69DB690A92C9
:107970001AA80B93FDF7DDFF0CB904F0CCF92368CE
:1079800031990E9320A8FDF7D4FF319B0BB11B68F2
:1079900031931A9B042BF0D1209B042BEDD10023B3
:1079A000194620AA1AA8FCF78AFF0323194620AA21
:1079B0000F901AA8FCF783FF012110901AA8FAF77C
:1079C0000AFE022111901AA8FAF705FE0121129071
:1079D00020A8FAF700FE0221139020A8FAF7FBFD79
:1079E000002514900F9BAB4240F39480089B0293B8
:1079F0005B4204934FF00008139B434540F388809B
:107A0000029B029A23EAE3731693119B13440C9A88
:107A10009342A8BF13461593099B03935B420593BA
:107A20004FF00009149B4B4568DD039B039A23EA42
:107A3000E3731893129B13440D9A9342A8BF134605
:107A400017930026109BB3424EDD0024DDF858A0AA
:107A50002746159B534523DD049BDDF860B00AEBF8
:107A60000302179B5B4518DD059B00965B44294686
:107A70001AA81992FAF7A4FE0E9B53F82010384664
:107A8000D9F762F84FF07E5107462046D9F75CF8E7
:107A90000BF1010B199A0446E3E70AF1010AD8E752
:107AA00000212046D9F7ECFA002833D12146384688
:107AB000D9F706FA4B46044629460096424620A8C6
:107AC000FAF77EFE319B214603EB80070A98D9F72F
:107AD000FFFA00B10A9C0B982146D9F7DBFA00B1F6
:107AE0000B9C3C600136ADE7039B079A9B1A0393FE
:107AF000059B134409F10109059393E7029B069A3C
:107B00009B1A0293049B134408F10108049373E742
:107B1000013567E720A8FAF737FD1AA8FAF734FD10
:107B200027B0BDE8F08F2DE9F04FA9B0329D297A3A
:107B3000092901D004F0EFF8916808915168099182
:107B40001169D2680F92B3F904200A921CACB3F900
:107B500000200E910B9229461A695B690C9220460F
:107B60000D93FDF7E6FE2B683399109322A8FDF7DD
:107B7000E0FE339B0BB11B683393DDE90C3293427B
:107B8000D8DC1C9B042BD5D1229B042BD2D1002303
:107B9000194622AA2046FCF792FE0323194622AA80
:107BA00011902046FCF78BFE012112902046FAF737
:107BB00012FD022113902046FAF70DFD01211490C9
:107BC00022A8FAF708FD0221159022A8FAF703FD72
:107BD000002116901994119B8B4240F390800A9BD0
:107BE00003935B4204930027159BBB4240F38580BF
:107BF000039B039ADDF82C8023EAE3731793139B0E
:107C000013440E9A9342A8BF1346189343465B420F
:107C100007934FF00009169B4B4565DD28EAE87392
:107C20000693149B0F9A43449342A8BF13460593AF
:107C30000026129BB3424DDD0025DDF85CA02C46EA
:107C4000189B9A4523DA049BDDF818B00AEB03026F
:107C5000059B5B450FDD079B199800965B44CDE9BA
:107C60001A12FAF7ADFD109B1B56DDE91A121D44DE
:107C70000BF1010BECE7DDE905329B1ADDE905208C
:107C80008242B8BF00231C440AF1010AD8E7002C45
:107C900035D0002DDCBF04EBD473A5EB63050C9B42
:107CA000D2BF95FBF4F405EB6405B5FBF4F49C42FC
:107CB000B8BF1C460D9B00969C42A8BF1C463A4686
:107CC0004B4622A81A91FAF77BFD339B1A991C5454
:107CD0000136AEE7099B099AA8EB0308079B1344FA
:107CE00009F10109079396E7039B089A9B1A0393EE
:107CF000049B13440137049376E701316BE722A814
:107D0000FAF742FC1CA8FAF73FFC29B0BDE8F08F57
:107D100030B59BB09168129151681391DDE91E5402
:107D20001169D26815925A68ADF840201A6814910A
:107D3000ADF83E2029469A69DB69189203A8199389
:107D4000FDF7F7FD0DB903F0E6FF214609A82D6800
:107D5000FDF7EFFD04B12468009409AB2A4603A99E
:107D60000FA8FFF7DDFC09A8FAF70EFC03A8FAF745
:107D70000BFC1BB030BD30B59BB0916812915168BF
:107D80001391DDE91E541169D26815925A68ADF855
:107D900040201A681491ADF83E2029461A695B69A3
:107DA000169203A81793FDF7C4FD0DB903F0B3FFB6
:107DB000214609A82D68FDF7BCFD04B12468009494
:107DC00009AB2A4603A90FA8FFF7D5FB09A8FAF7C4
:107DD000DBFB03A8FAF7D8FB1BB030BD836B10B5F3
:107DE0000BB903F098FFBDE810401C2118472DE99E
:107DF000F04F984603689BB0042B15460446249A1E
:107E0000029101DD03F087FF2B68042BFADC136875
:107E1000042BF7DC0123042104A8FAF798FC204680
:107E200012AB0AAA2946FAF74CFE00244FF0000BC9
:107E3000002104A8FAF7CFFBA04247DD002501216D
:107E400004A8FAF7C8FBA8423EDD0026022104A8D8
:107E5000FAF7C1FBB04235DD0027032104A8FAF789
:107E6000BAFBB8422CDD33462A462146009704A8C7
:107E7000FAF7A6FC33462A462146814600970AA80F
:107E8000FAF7D4FC33468246214600972A4612A8C8
:107E9000FAF7CCFC029B53F82AA058F82030039341
:107EA00059465046D9F70AF928B9039B5046194656
:107EB000D8F752FF8246259B013743F829A0CCE72B
:107EC0000136C3E70135BAE70134B1E704A8FAF790
:107ED0005BFB1BB0BDE8F08F2DE9F04F1E460B6831
:107EE0009BB0042B03920446259A0D4601DD03F056
:107EF00012FF3368042BFADC1368042BF7DC012330
:107F0000042104A8FAF723FC284612AB0AAA31463A
:107F1000FAF7D7FD0025002104A8FAF75CFBA84278
:107F20005ADD00260DF1100801214046FAF753FBF7
:107F3000B0424FDD002702214046FAF74CFBB84221
:107F400046DD4FF0000903214046FAF744FB48455F
:107F50003CDD3B4632462946CDF800904046FAF7D4
:107F60002FFC3B468346CDF80090324629460AA8AE
:107F7000FAF75CFC039B13F800A023681AEB030AD2
:107F800011D4D4E903125046ECF7AEFDA3681844AF
:107F9000002819DDFF28A8BFFF20269B09F1010951
:107FA00003F80B00CFE73B4632462946CDF8009058
:107FB00012A8FAF73BFC249B185C63681844D4E9C8
:107FC00005120AFB00F0DFE70020E6E70137B2E721
:107FD0000136A7E701359EE704A8FAF7D5FA1BB0EA
:107FE000BDE8F08F2DE9F04F1E460B689BB0042BC7
:107FF00003920446259A0D4601DD03F08CFE33689A
:10800000042BFADC1368042BF7DC0123042104A8F9
:10801000FAF79DFB284612AB0AAA3146FAF751FD42
:108020000025002104A8FAF7D6FAA8425CDD002654
:108030000DF1100801214046FAF7CDFAB04251DDAA
:10804000002702214046FAF7C6FAB84248DD4FF051
:10805000000903214046FAF7BEFA48453EDD3B469B
:1080600032462946CDF800904046FAF7A9FB3B4638
:108070008346CDF80090324629460AA8FAF7D6FB87
:10808000039B13F900A023681AEB030A12D4D4E966
:1080900003125046ECF728FDA368184410F17F0F37
:1080A00019DB7F28A8BF7F20269B09F1010903F86F
:1080B0000B00CEE73B4632462946CDF8009012A889
:1080C000FAF7B4FB249B185663681844D4E90512E8
:1080D0000AFB00F0DEE76FF07F00E5E70137B0E76D
:1080E0000136A5E701359CE704A8FAF74DFA1BB065
:1080F000BDE8F08F836B10B50BB903F00CFEBDE843
:10810000104020211847836B2421184738B50546B5
:108110000C46D8F7BFFF00B92C46204638BD08B53D
:10812000D8F712FD08BD084470470844704708445A
:10813000704738B5D8B109B903F0EDFD002AFBD07E
:10814000441E002502EB8000002C11DB50F8043C9B
:10815000021F51F8240001338342EDDC03D1156086
:10816000013C1046F0E71360002080F0010038BDAC
:108170000120FAE7F8B5069F0546D0B109B903F02A
:10818000CAFD002AFBD000242046A54211DD47B1DC
:108190000026B34205DD57F826C0644507D00136F6
:1081A000F7E752F8246051F824C00CFB006001345A
:1081B000EBE7F8BD2DE9F74F0D9F994600230D46DB
:1081C000804614461946A34228DB4FF0000B0023DB
:1081D0003A462946CDF800B02046FFF7CBFF0C9B6E
:1081E000CDF800903A46064629462046FFF7C2FFE2
:1081F0000F9B18F80610824653F820000E9B9847F4
:108200000F9B3A4643F82A0029462046FFF791FF84
:108210000028DCD1012003B0BDE8F08F47F823101F
:108220000133D0E72DE9F74F0D9F994600230D4606
:10823000064614461946A34228DB4FF0000B0023E4
:108240003A462946CDF800B02046FFF793FF0C9B35
:10825000CDF800903A46804629462046FFF78AFF2F
:108260000F9B36F91810824653F820000E9B984752
:108270000F9B3A4643F82A0029462046FFF759FF4C
:108280000028DCD1012003B0BDE8F08F47F82310AF
:108290000133D0E72DE9F74F0D9F994600230D4696
:1082A000804614461946A34228DB4FF0000B0023FA
:1082B0003A462946CDF800B02046FFF75BFF0C9BFD
:1082C000CDF800903A46064629462046FFF752FF71
:1082D0000F9B18F90610824653F820000E9B984712
:1082E0000F9B3A4643F82A0029462046FFF721FF14
:1082F0000028DCD1012003B0BDE8F08F47F823103F
:108300000133D0E72DE9F74F0D9F994600230D4625
:10831000064614461946A34228DB4FF0000B002303
:108320003A462946CDF800B02046FFF723FF0C9BC4
:10833000CDF800903A46804629462046FFF71AFFBE
:108340000F9B56F82810824653F820000E9B984742
:108350000F9B3A4643F82A0029462046FFF7E9FEDC
:108360000028DCD1012003B0BDE8F08F47F82310CE
:108370000133D0E72DE9F843DDE908C60024346075
:1083800010B3A64694427EEB03051DDA51F8245043
:10839000002D01DA2D180CD4A8420ADDD6F8008091
:1083A0000027B84507DD5CF82790A94508D00137BC
:1083B000F7E703F0B0FC4CF828503568013535601C
:1083C00001344EF1000EDDE70120BDE8F8832DE910
:1083D000F04F0F6897B0042F209E219DDDF890A0EC
:1083E00005920446994601D003F095FC2B68042BB6
:1083F000FADC0A46012339460AA8FAF7A8F92A4600
:108400000123394610A8FAF7A2F9002110A8FAF7BB
:10841000E2F80121039010A8FAF7DDF80221069096
:1084200010A8FAF7D8F80321834610A8FAF7D3F872
:10843000012104900AA8FAF7CEF8022107460AA8FB
:10844000FAF7C9F880467843D8F732FC94F900204F
:10845000022A0546C8D1B4F90220069B012A4ED152
:10846000B4F90420022ABFD1012BBDD1BBF1010F09
:10847000BAD14846D8F71CFC3146D8F76DFC5146B6
:10848000D8F71EFD00210446D8F722FE4FF07C519C
:1084900000283BD02046D8F757FBD8F723FE239B74
:1084A0005146A3EB00092846D8F756FC0146304652
:1084B000D8F706FDD7F7D8FF09AB08AAE2F724F8EA
:1084C000DDE908AB0025039B9D423BDA0026049BB7
:1084D0009E4235DA00242246BA421DDA0023434583
:1084E00018DA294600960AA8CDE90623FAF768F9B2
:1084F000059B069A195C079B0C440133EFE7022A9F
:108500007FF472AFB4F90420012AACE72046D8F713
:1085100019FBC2E70132DFE75A4651462046ECF725
:10852000E3FA0023044600961A46294610A8FAF7F3
:1085300047F94C44229B84F308041C540136C6E7D7
:108540000135C0E710A8FAF71FF80AA8FAF71CF8D7
:1085500017B0BDE8F08F2DE9F84304460E46EEF75C
:10856000CBFC054600283AD1024631462046376901
:10857000F9F7DCFE314680462A462046F9F7EFFE41
:108580008146314601222046F9F7D0FED9F808206D
:10859000D8F80C307B6152F804CBD9F80C30FB6171
:1085A0000646294601238C4505DD52F8040B0131AE
:1085B000A3FB0030F7E73B62D8F808301968236C5A
:1085C00007F10802890020469847B068D4F8408037
:1085D000F9F7A3FA07F10C0281002046C0472846AC
:1085E000BDE8F8832DE9F84F00228A460646F9F7E0
:1085F0009DFE0546002251463046DAF81040F9F754
:10860000AEFE2B78092B074601D0072B13D1E86863
:10861000D7F72AFF8046F8688946D7F725FF04F187
:10862000040B02460B4640464946D8F79FF85B4686
:108630002246E1F769FFBB6853F804CB0022012111
:10864000944505DD53F8040B0132A1FB0010F7E758
:108650002B78092B03D003F0FB03032B0DD1336CD4
:1086600004F108028900304698472B692361EB68C2
:1086700063613B69A361FB68E36151463046BDE835
:10868000F84FEEF739BC70B5941C254600238B4299
:1086900008DB21EAE1730120032B09DC24F8130035
:1086A0000133F9E750F8236025F8026B0133EEE758
:1086B000117070BD2DE9F04F0E6893B0042E044682
:1086C00004921D4601D003F026FB1B68042BFADC44
:1086D0000A460123314606A8FAF739F801232A464B
:1086E00031460CA8FAF733F800210CA8F9F773FF0C
:1086F000012102900CA8F9F76EFF022106460CA892
:10870000F9F769FF032105460CA8F9F764FF012179
:10871000039006A8F9F75FFF0221074606A8F9F7BC
:108720005AFF94F90030022B8046CCD1B4F90230C4
:10873000012B2CD1B4F90430022BC4D1012EC2D1AB
:10874000012DC0D107FB08FA00244FF0000B029B5B
:108750009C423BDA0025039B9D4235DA4FF000092D
:108760005E46B9451CDA0023434516DA4A462146DF
:10877000009506A80593FAF723F8049B53F82010F8
:108780003046D8F7E1F9059B06460133ECE7022BAA
:1087900099D1B4F90430012BCFE709F10109E0E7E1
:1087A00000231A46214600950CA8FAF709F88146DD
:1087B0005046D8F77DFA01463046D8F781FB1C9B1E
:1087C000013543F82900C6E70134C0E70CA8F9F7E2
:1087D000DBFE06A8F9F7D8FE13B0BDE8F08F2DE94F
:1087E000F04F1E6895B0042E9346209D05910446D7
:1087F0001A4601D003F08FFA2B68042BFADC3146BD
:10880000012308A8F9F7A3FF01232A4631460EA841
:10881000F9F79DFF00210EA8F9F7DDFE0121039075
:108820000EA8F9F7D8FE022106460EA8F9F7D3FEE6
:10883000032105460EA8F9F7CEFE0121049008A8F1
:10884000F9F7C9FE0221074608A8F9F7C4FE94F912
:108850000030022B804600FB07F9CBD1B4F902307F
:10886000012B2DD1B4F90430022BC3D1012EC1D17B
:10887000012DBFD109EBD97A4FEA6A0ACAF1000388
:1088800002930025039B9D4242DA0026049B9E42F0
:108890003CDA00242246BA421ADA0023434515DAAC
:1088A0002946009608A8CDE90623F9F789FF1E9B03
:1088B000069A19561F9BC91A079B0C440133EDE712
:1088C000022B97D1B4F90430012BCEE70132E2E755
:1088D00005995A462046ECF707F9041ED8BF029BBB
:1088E0000096D8BFE4184FF000031A4629460EA898
:1088F000C8BF5444F9F764FF94FBF9F4229B1C446D
:10890000219B04F307041C540136BFE70135B9E786
:108910000EA8F9F739FE08A8F9F736FE15B0BDE83C
:10892000F08F2DE9F04F1E6895B0042E9346209DE0
:10893000059104461A4601D003F0EDF92B68042B8B
:10894000FADC3146012308A8F9F701FF01232A4682
:1089500031460EA8F9F7FBFE00210EA8F9F73BFE01
:10896000012103900EA8F9F736FE022106460EA853
:10897000F9F731FE032105460EA8F9F72CFE012177
:10898000049008A8F9F727FE0221074608A8F9F77E
:1089900022FE94F90030022B804600FB07F9CBD170
:1089A000B4F90230012B2ED1B4F90430022BC3D11B
:1089B000012EC1D1012DBFD109EBD97A4FEA6A0A44
:1089C000CAF1000302930025039B9D4244DA00266E
:1089D000049B9E423EDA00242246BA421BDA002360
:1089E000434516DA2946009608A8CDE90623F9F78B
:1089F000E7FE1E9B069A33F910101F9BC91A079BAE
:108A00000C440133ECE7022B96D1B4F90430012B6E
:108A1000CDE70132E1E705995A462046ECF764F8C4
:108A2000041ED8BF029B0096D8BFE4184FF0000385
:108A30001A4629460EA8C8BF5444F9F7C1FE94FB54
:108A4000F9F4229B1C44219B04F30F0423F81040EB
:108A50000136BDE70135B7E70EA8F9F795FD08A87F
:108A6000F9F792FD15B0BDE8F08F73B50E460546D7
:108A700008B903F050F90029FBD00A68436D51682A
:108A8000984772686B6D516804462846984701A95B
:108A90000646207AF8F786FF054698B96068F9F728
:108AA0003CF8019B22684343019333689A4209D002
:108AB0002B46019A9A4205D92268D15C3268D1547A
:108AC0000133F6E7284602B070BD38B50C461D46A6
:108AD0000AB34FF07C51D8F737F82146D8F73CF964
:108AE0004FF07C51D8F72EF8049B18600446F5F738
:108AF00097F8D8F7F7FA059B20EAE070186020464F
:108B0000F5F716F8D8F7EEFA069B013DA842D4BF58
:108B100018601D6038BDD8F71FF9E5E710B5029C55
:108B200048432AB101EBD17100EB6100A0F5007060
:108B300010F5806F206015DD0028B8BF00F2FF300F
:108B40008012039A1060216801F2FF32002AB8BF38
:108B500001F2FE7204999212013B9A42D4BF0A605C
:108B60000B6010BD0020ECE72DE9F04F1C46AFB0C4
:108B700043780590DDE9385608921BB103780BB1B4
:108B800003F0C9F80B68042BFADC2368042BF7DC2C
:108B90003368042BF4DC0A46012304211CA8F9F7EE
:108BA000D6FD01232246042122A8F9F7D0FD012396
:108BB0003246042128A8F9F7CAFD0023194628AA3D
:108BC0001CA8FBF77CFE012114901CA8F9F703FDFB
:108BD00002210B901CA8F9F7FEFC032319460C9008
:108BE00028AA1CA8FBF76BFE0021159022A8F9F714
:108BF000F2FC01280146C3D122A8F9F7ECFC0128B8
:108C0000BED1022122A8F9F7E6FC01280446B7D11B
:108C1000032122A8F9F7DFFC0228B1D10026334650
:108C200032463146009622A8F9F7CAFD55F82030A1
:108C30000693324631460094334622A8F9F7C0FD28
:108C400055F820300B980793D8F732F80446069869
:108C5000D8F72EF801462046D8F732F911900C9833
:108C6000D8F726F804460798D8F722F80146204698
:108C7000D8F726F9059B10901B780BB3069B012BA8
:108C80000DDD0B9B581ED8F713F8069B0446581EA3
:108C9000D8F70EF801462046D8F712F91190079B35
:108CA000012B0DDD0C9B581ED8F702F8079B0446DC
:108CB000581ED7F7FDFF01462046D8F701F910905E
:108CC0000024149B9C4280F2BC804FF0000B069B5A
:108CD0009B4580F2B480059B58465D78D7F7E8FF46
:108CE00018AB029317AB019316AB009311990B9B32
:108CF0002A46FFF7EAFE0026079B9E4280F29C80F0
:108D0000059B30465D78D7F7D3FF1BAB02931AABB8
:108D1000019319AB00932A460C9B1099FFF7D5FEDF
:108D2000179B09931A9B0A93169B1293199B1393F3
:108D3000189B0E931B9B0F930025159B9D4279DA80
:108D4000DDE90923214600951CA8F9F739FD824683
:108D50000998D7F7ADFF01461298D7F7F3FE014601
:108D600007464FF07E50D7F7EDFE80460A98D7F7BA
:108D70009FFF01461398D7F7E5FE01460D904FF08F
:108D80007E50D7F7DFFE089B814653F82A104046F5
:108D9000D7F7E2FF4946D7F7DFFF0E9A0A9B009507
:108DA000824621461CA8F9F70BFD089B53F82010BA
:108DB0003846D7F7D1FF4946D7F7CEFF5146D7F708
:108DC000C3FE099A0F9B0095814621461CA8F9F71E
:108DD000F7FC089B53F820104046D7F7BDFF0D99CC
:108DE000D7F7BAFF4946D7F7AFFEDDE90E23804635
:108DF000009521461CA8F9F7E3FC5A4681460095E8
:108E00003346214628A8F9F7DBFC089B824653F835
:108E100029103846D7F7A0FF0D99D7F79DFF414697
:108E2000D7F792FE0021D7F78FFE3A9B013543F822
:108E30002A0082E701365FE70BF1010B47E70134B7
:108E40003FE728A8F9F7A0FB22A8F9F79DFB1CA88B
:108E5000F9F79AFB2FB0BDE8F08F2DE9F843804673
:108E60009DF82050084614464E1E9946002B35D0DA
:108E7000012A33DD3046D7F71BFF0746601ED7F7C0
:108E800017FF01463846D8F71BF80446002D35D1A8
:108E900000274046D7F70CFF3946D7F755FE214645
:108EA000D7F75AFFB9F1000F2BD04046D7F700FF94
:108EB0003946D7F749FE2146D7F74EFFD7F7D4FA00
:108EC000F4F7EEFDD7F7EAFDD8F70CF9B042A8BFEA
:108ED00030460DB120EAE070BDE8F883D7F7E8FE30
:108EE00007462046D7F7E4FE01463846D7F7E8FFA5
:108EF0000446002DCCD04FF07C57CAE74FF07C578A
:108F0000D3E7F4F78DFEDFE72DE9F04F98460B68C5
:108F100099B0042BDDE922740546164601DD02F006
:108F2000FAFE2368042BFADC0A46012304210CA86C
:108F3000F9F70DFC22460123042112A8F9F707FCDA
:108F40000023194612AA0CA8FBF7B9FC01210A90CC
:108F50000CA8F9F740FB022103900CA8F9F73BFBA2
:108F60000323049012AA19460CA8FBF7A8FC044698
:108F70004046F9F7DCFB0228D1D13B680593032179
:108F80000CA8F9F728FB049BD7F804A006904343EC
:108F90000793079A039B53439B00A40009932AEA73
:108FA000EA7363430B934FF000090A9B994535DA46
:108FB0000027059B9F422CDA6B780093059A2B784B
:108FC00003993846FFF749FF079BDDF890B043430C
:108FD00008934FF00008D04515DA6B780499009398
:108FE00052462B784046FFF738FF069A089B00FB55
:108FF000023106EB81015846224602F0C4FEA3442A
:1090000008F10108E7E7249B0B9A134424930137E6
:10901000CFE7099B09F101091E44C6E712A8F9F739
:10902000B3FA0CA8F9F7B0FA19B0BDE8F08F2DE942
:10903000F04F98460B6899B0042BDDE92276044680
:10904000154601DD02F067FE3368042BFADC0A46A0
:10905000012304210CA8F9F77AFB324601230421ED
:1090600012A8F9F774FB0023194612AA0CA8FBF703
:1090700026FC012109900CA8F9F7ADFA0221039012
:109080000CA8F9F7A8FA0323049012AA19460CA811
:10909000FBF715FC06464046F9F749FB0228D1D1FB
:1090A0003B68059303210CA8F9F795FA049BD7F8C0
:1090B00004A0069043430793079A039B53430A93E4
:1090C0002AEAEA7373430B934FF00009099B994511
:1090D00034DA0027059B9F422BDA63780093059AC8
:1090E000237803993846FFF7B8FE079BDDF890B068
:1090F000434308934FF00008D04514DA637804998D
:109100000093524623784046FFF7A7FE069A089B35
:1091100000FB023129445846324602F034FEB34483
:1091200008F10108E8E7249B0B9A134424930137C4
:10913000D0E70A9B09F101091D44C7E712A8F9F716
:1091400023FA0CA8F9F720FA19B0BDE8F08F2DE941
:10915000F04F98460B6899B0042BDDE9227604465F
:10916000154601DD02F0D7FD3368042BFADC0A4610
:10917000012304210CA8F9F7EAFA3246012304215D
:1091800012A8F9F7E4FA0023194612AA0CA8FBF773
:1091900096FB012109900CA8F9F71DFA0221039012
:1091A0000CA8F9F718FA0323049012AA19460CA880
:1091B000FBF785FB06464046F9F7B9FA0228D1D1FC
:1091C0003B68059303210CA8F9F705FA049BD7F82F
:1091D00004A0069043430793079A039B53430A93C3
:1091E0002AEAEA7373430B934FF00009099B9945F0
:1091F00034DA0027059B9F422BDA63780093059AA7
:10920000237803993846FFF728FE079BDDF890B0D6
:10921000434308934FF00008D04514DA637804996B
:109220000093524623784046FFF717FE069A089BA4
:1092300000FB023129445846324602F0A4FDB344F3
:1092400008F10108E8E7249B0B9A134424930137A3
:10925000D0E70A9B09F101091D44C7E712A8F9F7F5
:1092600093F90CA8F9F790F919B0BDE8F08F2DE942
:10927000F84FD0F800801E461368984504460F4604
:10928000914601D002F047FD0025A8450CDD294696
:109290002046F9F7A0F9294682464846F9F79BF996
:1092A0008245EFD10135F0E7B8F1050FCCBF646816
:1092B000043400224FF00109904505DD54F82230B6
:1092C000013203FB09F9F7E700254FF07C5A4FF014
:1092D0007E5B4D4521DA57F825804046F4F7A0FC27
:1092E000014604464046D7F72DFC51468046D7F745
:1092F000D1FE70B951464046D7F7C2FE20B1204694
:10930000D7F7F0FEC30704D520465946D7F71CFC13
:10931000044646F825400135DBE7BDE8F88F70B517
:109320000E468CB0044608B902F0F5FC0029FBD0CB
:109330000A68436D516898477268636D51680546C5
:1093400020469847294604466846FCF7F2FA002D65
:10935000EAD0214606A82D68FCF7EBFA04B1246890
:10936000234606AA29466846FFF781FF06A8F9F7B3
:109370000BF96846F9F708F900200CB070BDC0F38E
:10938000CF1303F5807203F2011392B29BB231F84E
:10939000122031F8133000F07F009B1A402113FB9C
:1093A000001002EBE01000B270472DE9F04F0E689C
:1093B00087B00C46013E31460190029220461A4683
:1093C0001D46FCF7E9FA33460090314620462A460E
:1093D000FBF775FA00260446B146009B994553DA1F
:1093E0006FF400030593029B03EB8607B500BB46B1
:1093F0004FF0000AA24524DB109B1D44AB464FF002
:10940000000A4FF00008A2452DDA059957F8040B21
:10941000D7F798FB019B0390D3E90001D7F73EFBF8
:10942000039B01461846D7F797FCF4F7F5FC4BF879
:10943000040B01464046D7F787FB0AF1010A804634
:10944000E1E7D8460599D8F80000D7F741FE05AB0B
:10945000002808BF98460BF1040BD8F8003005939C
:109460000AF1010AC6E74FF0000AA24508DA2868A7
:109470004146D7F725FD0AF1010A45F8040BF4E748
:1094800009F101092644A8E707B0BDE8F08F08B547
:10949000B0FA80F3C91A9840116000F10040EBF770
:1094A000DFFC08BD2DE9F04F1D460E68D0E902B380
:1094B0008BB00C46013E039200932A4683690193C8
:1094C00031462046FCF768FA2A4602903346204689
:1094D0003146FBF7F4F900250446A846029B98455F
:1094E00074DA6FF07F038DF81730039B5F193946EC
:1094F0000022A24210DA0B469DF9170093F9006092
:1095000086420DF11700D8BF0346013193F90030B0
:109510008DF817300132ECE70026BA46B146A14576
:1095200015DA9DF917301AF9010BC01A019B834215
:109530000ADC009B59469840EAF7A8FEEBF7DAFEF2
:109540000C21EAF7D5FE064409F10109E7E73046A8
:1095500006AA0C21FFF79BFF149B82465E194FF071
:109560000009A1452EDA9DF9171017F9010B401AD1
:109570000199814223DC009B59469840EAF786FE18
:10958000EBF7B8FE01465046FCF70EFD0699173181
:10959000EAF7AEFE7F2380389842CCBF08A907A91E
:1095A00007900893086880306FF07F02B8BF09A960
:1095B00009920968317009F101090136D1E76FF0AC
:1095C0007F01F7E708F10108254487E70BB0BDE804
:1095D000F08F08B54FF07E51D7F7B6FA01464FF03D
:1095E0007E50D7F76DFC08BDF4F716BC836B10B541
:1095F0000BB902F090FBBDE810403821184708B5C0
:10960000D6F732FFF4F74CFAD7F748FA08BD836B68
:1096100010B50BB902F07FFBBDE8104004211847DC
:1096200070B50B68042B86B005460C4604D1F9F7DB
:109630000FFC284606B070BD042300930026314677
:10964000012268460136F9F761F8042EF7D10021AE
:109650002046F8F7C0FF002102466846F9F756F8A1
:1096600001212046F8F7B7FF012102466846F9F7C5
:109670004DF802212046F8F7AEFF03210246684666
:10968000F9F744F869462846F9F7E2FB6846F8F727
:109690007BFFCEE72DE9F04F1E460B6897B0042BF9
:1096A0000446089201DD02F036FB3368042BFADC35
:1096B0000AAD0A46012304212846F9F748F8012398
:1096C0003246042110A8F9F742F803212846F8F79A
:1096D00082FF022107462846F8F77DFF012103900B
:1096E0002846F8F778FF002104902846F8F773FF22
:1096F0000321059010A8F8F76EFF0221814610A8FB
:10970000F8F769FF0121804610A8F8F764FF0021EF
:10971000064610A8F8F75FFF2468039B04FB08F8CF
:109720009845C0D1049B66439E42BCD104FB07F31D
:1097300063434B45B7D1059B8342B4D14FF0000939
:109740000995059B99453ADA0025049B9D4233DA39
:109750000026039B9E422DDA4FF00008B84527DA19
:1097600095FBF4FA96FBF4FB04FB1A5204FB1B6313
:1097700004FB023307FB03830693CDF800803346D6
:109780002A4649460998F9F71BF8069B079000936B
:1097900052465B46494610A8F9F712F8DDE907235F
:1097A00053F82230209A08F1010842F82030D5E71A
:1097B0000136CEE70135C8E709F10109C1E710A874
:1097C000F8F7E2FE0AA8F8F7DFFE17B0BDE8F08F61
:1097D0002DE9F04F1E460B6897B0042B0446089203
:1097E00001DD02F098FA3368042BFADC0AAD0A4670
:1097F000012304212846F8F7AAFF01233246042159
:1098000010A8F8F7A4FF03212846F8F7E4FE022188
:1098100007462846F8F7DFFE012103902846F8F7AF
:10982000DAFE002104902846F8F7D5FE03210590C2
:1098300010A8F8F7D0FE0221814610A8F8F7CBFE59
:109840000121804610A8F8F7C6FE0021064610A8A0
:10985000F8F7C1FE2468039B04FB08F89845C0D1C3
:10986000049B66439E42BCD104FB07F363434B4514
:10987000B7D1059B8342B4D14FF000090995059BF0
:10988000994538DA0025049B9D4231DA0026039B76
:109890009E422BDA4FF00008B84525DA95FBF4FA22
:1098A00096FBF4FB04FB1A5204FB1B6304FB02331C
:1098B00007FB03830693CDF8008033462A464946CA
:1098C0000998F8F77DFF069B0790009352465B4688
:1098D000494610A8F8F774FFDDE907239B56209A44
:1098E00008F101081354D7E70136D0E70135CAE77C
:1098F00009F10109C3E710A8F8F746FE0AA8F8F72E
:1099000043FE17B0BDE8F08F2DE9F04F994685B0C2
:109910004B685668D3F800B0019014460022884680
:10992000F8F74BFE45683068B9F1000FB8BF8144C5
:10993000814501DB02F0EFF92B688342FAD105EB98
:10994000890506EB89026B68526803FB0BF39342AF
:10995000F0D1321D0021964601260F4649450BDA0B
:109960005EF804CB4FEAEC7373430CFB0733A6FBA2
:109970000C671F440131F1E709F101034FF00109C0
:10998000834205D052F823100133A9FB0191F7E778
:1099900023680024A246B4427AEB070226DA0022AA
:1099A0005A451FDA01984146CDE90223F8F705FE32
:1099B000DDE9022300B10068696809FB01F101FBE0
:1099C00004FC00EB8C004FF0000C8C4506DA53F8D9
:1099D0002CE040F804EB0CF1010CF6E703EB8103FB
:1099E0000132DDE701344AF1000AD4E7002005B076
:1099F000BDE8F08F2DE9F04F994685B04B68566869
:109A0000D3F800B00190144600228846F8F7D5FD3F
:109A100045683068B9F1000FB8BF8144814501DB6A
:109A200002F079F92B688342FAD105EB890506EB40
:109A300089026B68526803FB0BF39342F0D1321D2D
:109A40000021964601260F4649450BDA5EF804CB05
:109A50004FEAEC7373430CFB0733A6FB0C671F4400
:109A60000131F1E709F101034FF00109834205D00B
:109A700052F823100133A9FB0191F7E72368002472
:109A8000A246B4427AEB070223DA00225A451CDAD6
:109A900001984146CDE90223F8F78FFDDDE9022365
:109AA00000B10068696809FB01F101FB04004FF097
:109AB000000C8C4506DA13F80CE000F801EB0CF111
:109AC000010CF6E70B440132E0E701344AF1000AE9
:109AD000D7E7002005B0BDE8F08F2DE9F04F99469B
:109AE00085B04B685668D3F800B001901446002248
:109AF0008846F8F762FD45683068B9F1000FB8BFD5
:109B00008144814501DB02F006F92B688342FAD1DA
:109B100005EB890506EB89026B68526803FB0BF3C2
:109B20009342F0D1321D0021964601260F46494549
:109B30000BDA5EF804CB4FEAEC7373430CFB07338C
:109B4000A6FB0C671F440131F1E709F101034FF057
:109B50000109834205D052F823100133A9FB01917A
:109B6000F7E723680024A246B4427AEB070223DA1F
:109B700000225A451CDA01984146CDE90223F8F744
:109B80001CFDDDE9022300B10068696809FB01F1F1
:109B900001FB04004FF0000C8C4506DA13F90CE0D1
:109BA00000F801EB0CF1010CF6E70B440132E0E7A1
:109BB00001344AF1000AD7E7002005B0BDE8F08F74
:109BC0002DE9F04F994685B04B685668D3F800B040
:109BD0000190144600228846F8F7EFFC456830688B
:109BE000B9F1000FB8BF8144814501DB02F093F861
:109BF0002B688342FAD105EB890506EB89026B6875
:109C0000526803FB0BF39342F0D1321D00219646BC
:109C100001260F4649450BDA5EF804CB4FEAEC7398
:109C200073430CFB0733A6FB0C671F440131F1E7BC
:109C300009F101034FF00109834205D052F82310C6
:109C40000133A9FB0191F7E723680024A246B4423F
:109C50007AEB070226DA00225A451FDA01984146BC
:109C6000CDE90223F8F7A9FCDDE9022300B1006881
:109C7000696809FB01F101FB04FC00EB4C004FF0AB
:109C8000000C8C4506DA33F91CE020F802EB0CF1ED
:109C9000010CF6E703EB41030132DDE701344AF141
:109CA000000AD4E7002005B0BDE8F08F2DE9F04FA1
:109CB000994685B04B685668D3F800B001901446B9
:109CC00000228846F8F779FC45683068B9F1000F42
:109CD000B8BF8144814501DB02F01DF82B68834247
:109CE000FAD105EB890506EB89026B68526803FB24
:109CF0000BF39342F0D1321D0021964601260F4608
:109D000049450BDA5EF804CB4FEAEC7373430CFB66
:109D10000733A6FB0C671F440131F1E709F101038A
:109D20004FF00109834205D052F823100133A9FBFB
:109D30000191F7E723680024A246B4427AEB0702B8
:109D400026DA00225A451FDA01984146CDE902235E
:109D5000F8F733FCDDE9022300B10068696809FB0C
:109D600001FC0CFB04F100EB81004FF0000EE64516
:109D700006DA53F82E1040F8041B0EF1010EF6E738
:109D800003EB8C030132DDE701344AF1000AD4E72A
:109D9000002005B0BDE8F08F2DE9F04F546885B084
:109DA000924600221D4681460F46F8F706FCD4F87D
:109DB00000B0AB4501DC01F0AEFF43681B685B45BA
:109DC000F9D17B6800221B680193164613464FEABF
:109DD000850801998A420FDA39464846CDE90223BF
:109DE000F8F7EBFB4168039B029A41440132496852
:109DF0008E1943EBE173ECE7A044D8F80420D117A7
:109E0000994208BFB242D6D104340022204601262E
:109E10009046AA420ADA50F8041BCB17734301FBA1
:109E20000833A6FB016898440132F2E76A1C01235B
:109E30005A4505D054F822100132A3FB0131F7E74F
:109E40000024DAF800B0AD00A246B4427AEB080272
:109E50002BDA002201998A4223DA39464846CDE9B5
:109E60000223F8F7AAFBDDE90223A0B1D0F800C075
:109E7000416829444968594301FB04F00CEB800018
:109E80004FF0000C8C4508DA5BF82CE040F804EB4E
:109E90000CF1010CF6E78446EAE70BEB810B01328B
:109EA000D8E701344AF1000ACFE7002005B0BDE849
:109EB000F08F2DE9F04F546885B0924600221D4680
:109EC00081460F46F8F779FBD4F800B0AB4501DCCA
:109ED00001F021FF43681B685B45F9D17B680022D4
:109EE0001B680193164613464FEA850801998A427A
:109EF0000FDA39464846CDE90223F8F75EFB4168A0
:109F0000039B029A4144013249688E1943EBE17385
:109F1000ECE7A044D8F80420D117994208BFB24218
:109F2000D6D104340022204601269046AA420ADAFD
:109F300050F8041BCB17734301FB0833A6FB0168E1
:109F400098440132F2E76A1C01235A4505D054F8BF
:109F500022100132A3FB0131F7E70024DAF800B048
:109F6000AD00A246B4427AEB080228DA0022019939
:109F70008A4220DA39464846CDE90223F8F71DFB2C
:109F8000DDE9022390B1D0F800C041682944496856
:109F9000594301FB04C04FF0000C8C4508DA1BF953
:109FA0000CE000F801EB0CF1010CF6E78446ECE75D
:109FB0008B440132DBE701344AF1000AD2E700208A
:109FC00005B0BDE8F08F2DE9F04F546885B092469A
:109FD00000221D4681460F46F8F7EFFAD4F800B08C
:109FE000AB4501DC01F097FE43681B685B45F9D186
:109FF0007B6800221B680193164613464FEA8508CA
:10A0000001998A420FDA39464846CDE90223F8F72A
:10A01000D4FA4168039B029A4144013249688E197F
:10A0200043EBE173ECE7A044D8F80420D117994240
:10A0300008BFB242D6D10434002220460126904601
:10A04000AA420ADA50F8041BCB17734301FB08330A
:10A05000A6FB016898440132F2E76A1C01235A45C5
:10A0600005D054F822100132A3FB0131F7E7002498
:10A07000DAF800B0AD00A246B4427AEB08022BDA5F
:10A08000002201998A4223DA39464846CDE9022363
:10A09000F8F793FADDE90223A0B1D0F800C04168D7
:10A0A00029444968594301FB04F00CEB40004FF090
:10A0B000000C8C4508DA3BF91CE020F802EB0CF1AF
:10A0C000010CF6E78446EAE70BEB410B0132D8E7D7
:10A0D00001344AF1000ACFE7002005B0BDE8F08F57
:10A0E0002DE9F04F546885B0924600221D46814606
:10A0F0000F46F8F762FAD4F800B0AB4501DC01F086
:10A100000AFE43681B685B45F9D17B6800221B6827
:10A110000193164613464FEA850801998A420FDAE1
:10A1200039464846CDE90223F8F747FA4168039BD0
:10A13000029A4144013249688E1943EBE173ECE71E
:10A14000A044D8F80420D117994208BFB242D6D112
:10A1500004340022204601269046AA420ADA50F82A
:10A16000041BCB17734301FB0833A6FB016898441B
:10A170000132F2E76A1C01235A4505D054F8221037
:10A180000132A3FB0131F7E70024DAF800B0AD009B
:10A19000A246B4427AEB08022BDA002201998A42E5
:10A1A00023DA39464846CDE90223F8F706FADDE915
:10A1B0000223A0B1D0F800C0416829444FF0000E3E
:10A1C0004968594301FB04F00CEB800C8E4508DA1A
:10A1D0005BF82E004CF8040B0EF1010EF6E78446F6
:10A1E000EAE70BEB810B0132D8E701344AF1000AB0
:10A1F000CFE7002005B0BDE8F08F836B10B50BB939
:10A2000001F089FDBDE8104054211847052970B5BB
:10A2100001DD01F080FD90F900208A42F9DC90F91F
:10A2200018309A42F5D190F930309342F1D1CA1AE0
:10A230005D1E00EB810400EB8303002D0BDA00238D
:10A24000041D1E46012593420FDA44F8046B0133C6
:10A250006561E562F7E71E6B266353F8046944F80D
:10A260000469DE69E661013DE7E7B0F95030B0F915
:10A2700048509340A0F85030B0F94A309340A0F8CD
:10A280004A30B0F94E309340A0F84E30B0F94C301F
:10A2900003FA02F401239340013B1BB205FA02F2D8
:10A2A00049B21A432343A0F84820A0F84C3001706B
:10A2B000017680F8301070BD38B505460846114665
:10A2C0001446F8F788F920B305EB84025368516B04
:10A2D000B5F948202241D4070BD5002912DC6FF0D4
:10A2E00000430138421C0BDB8342D8BF43EAE370D2
:10A2F0000FE0002B00DA03440029F2DD002804DA25
:10A3000001F009FD4FF00043F5E7834201DC23EA49
:10A31000E37038BD70B505460846114614461E4622
:10A32000F8F759F928B1B5F950302341DB0701D5C9
:10A33000701C70BD05EB8402D369516BB5F94C20DC
:10A340002241D40705D500290BDC4FF0004303441C
:10A3500001E0002BFBDB00290BDD002804DA01F013
:10A36000DAFC6FF00043F8E78342E2DC23EAE370B3
:10A37000DFE70138421CF2DB9842A8BF43EAE370F2
:10A38000D7E770B58E6973B20370037680F830300A
:10A3900000220346964213DD8C6804B1646854F8C9
:10A3A00022405C60CC68950004B164686459DC614B
:10A3B0000C6904B1646864595C6301320433E9E7F1
:10A3C0000B681A685968A0F848201B69A0F84C105F
:10A3D0000022A0F84A20A0F84E20A0F8503070BD0E
:10A3E0002DE9F04F0E46B5B0014615461FA8542280
:10A3F000984601F0C8FC3368052B01DD01F08BFCA9
:10A400002B68052BFADC13AC3246012305212046CC
:10A41000F8F79DF901232A46052119A8F8F797F9BD
:10A4200005211FA8FFF7F2FE002221461FA8FFF713
:10A4300043FF00220346054621461FA8FFF76AFF97
:10A440000122064621461FA8FFF736FF01220346D8
:10A45000214682461FA8FFF75DFF02220A9021468F
:10A460001FA8FFF729FF02220346214683461FA8A3
:10A47000FFF750FF03220B9021461FA8FFF71CFF98
:10A4800003220346069021461FA8FFF743FF04223C
:10A490000C9021461FA8FFF70FFF042203460790E8
:10A4A00021461FA8FFF736FF01210D902046F8F73F
:10A4B00092F806FB00F308932C9B019343430E9301
:10A4C0002D9B02932E9B03932F9B0493309B05930C
:10A4D0004543019B002B089B0DDD9D42B4BF00232B
:10A4E00001236BB119A8F8F74FF82046F8F74CF89C
:10A4F00035B0BDE8F08F9D42CCBF00230123F0E7CB
:10A5000002212046F8F767F80A9B2B44434309933E
:10A51000029B0AEB0506434346430F93029B002B25
:10A52000099B07DD9E42B4BF002301233BB10E9B74
:10A530001D44CEE79E42CCBF00230123F6E7032152
:10A540002046F8F748F80B9B03EB0609039B0BEB3F
:10A5500006074343474300FB09F91093039B002B75
:10A5600004DD4F4504DB0F9B1E44D7E74F45FADD62
:10A5700004212046F8F72FF8069BDA190C9BD9190D
:10A58000049B4343424341431193049B002B07DD4B
:10A590008A42B4BF002301233BB1109B1F44DDE777
:10A5A0008A42CCBF00230123F6E7079B0D98134492
:10A5B00000EB020C059800280BDD6345B4BF4FF09B
:10A5C000000E4FF0010EBEF1000F09D0119B1A448E
:10A5D000DBE76345CCBF4FF0000E4FF0010EF2E712
:10A5E000D8F804E00EF10400C8F80400D8F8000020
:10A5F00050F82300CEF8000005980344DAE72DE96F
:10A60000F04F0E46AFB00146154619A854229846A1
:10A6100001F0B9FB3368052B01DD01F07CFB2B68F1
:10A62000052BFADC0DAC3246012305212046F8F754
:10A630008EF801232A46052113A8F8F788F805218A
:10A6400019A8FFF7E3FD0022214619A8FFF734FE01
:10A65000002203460546214619A8FFF75BFE0122AA
:10A660000646214619A8FFF727FE01220346214688
:10A67000834619A8FFF74EFE02220490214619A82E
:10A68000FFF71AFE022203462146824619A8FFF769
:10A6900041FE03220590214619A8FFF70DFE032273
:10A6A00003460090214619A8FFF734FE04220690C5
:10A6B000214619A8FFF700FE042203460190214617
:10A6C00019A8FFF727FE012107902046F7F783FF1F
:10A6D00006FB00F30293269B434345430893269BC6
:10A6E000002B029B0DDD9D42B4BF002301236BB103
:10A6F00013A8F7F749FF2046F7F746FF2FB0BDE84C
:10A70000F08F9D42CCBF00230123F0E702212046B9
:10A71000F7F761FF049B2B4443430393279B0BEB09
:10A720000506434346430993279B002B039B07DD04
:10A730009E42B4BF002301233BB1089B1D44CEE7DA
:10A740009E42CCBF00230123F6E703212046F7F702
:10A7500042FF059B03EB0609289B0AEB06074343D0
:10A76000474300FB09F90A93289B002B04DD4F4562
:10A7700004DB099B1E44D7E74F45FADD0421204640
:10A78000F7F729FF009BDA19069BD919299B434348
:10A79000424341430B93299B002B07DD8A42B4BF00
:10A7A000002301233BB10A9B1F44DDE78A42CCBF53
:10A7B00000230123F6E7019B03EB020C079B03EB4D
:10A7C000020E2A9B002B07DDF445B4BF00230123B2
:10A7D0003BB10B9B1A44DEE7F445CCBF00230123B9
:10A7E000F6E7D8F80430581CC8F80400D8F8000080
:10A7F00010F80C0018702A9B9C44E2E72DE9F04FFA
:10A800000E46AFB00146154619A85422984601F0ED
:10A81000BAFA3368052B01DD01F07DFA2B68052BB0
:10A82000FADC0DAC3246012305212046F7F78FFFF5
:10A8300001232A46052113A8F7F789FF052119A846
:10A84000FFF7E4FC0022214619A8FFF735FD00229E
:10A8500003460546214619A8FFF75CFD012206467E
:10A86000214619A8FFF728FD012203462146834609
:10A8700019A8FFF74FFD02220490214619A8FFF7FF
:10A880001BFD022203462146824619A8FFF742FD1E
:10A8900003220590214619A8FFF70EFD0322034667
:10A8A0000090214619A8FFF735FD042206902146A5
:10A8B00019A8FFF701FD042203460190214619A8BB
:10A8C000FFF728FD012107902046F7F784FE06FBDD
:10A8D00000F30293269B434345430893269B002B9A
:10A8E000029B0DDD9D42B4BF002301236BB113A871
:10A8F000F7F74AFE2046F7F747FE2FB0BDE8F08F86
:10A900009D42CCBF00230123F0E702212046F7F748
:10A9100062FE049B2B4443430393279B0BEB0506EA
:10A92000434346430993279B002B039B07DD9E422D
:10A93000B4BF002301233BB1089B1D44CEE79E42D8
:10A94000CCBF00230123F6E703212046F7F743FE9F
:10A95000059B03EB0609289B0AEB06074343474385
:10A9600000FB09F90A93289B002B04DD4F4504DB0B
:10A97000099B1E44D7E74F45FADD04212046F7F72F
:10A980002AFE009BDA19069BD919299B43434243AF
:10A9900041430B93299B002B07DD8A42B4BF002360
:10A9A00001233BB10A9B1F44DDE78A42CCBF002351
:10A9B0000123F6E7019B03EB020C079B03EB020E5E
:10A9C0002A9B002B07DDF445B4BF002301233BB1D4
:10A9D0000B9B1A44DEE7F445CCBF00230123F6E7C6
:10A9E000D8F80430581CC8F80400D8F8000010F952
:10A9F0000C0018702A9B9C44E2E72DE9F04F0E46AC
:10AA0000B5B0014615461FA85422984601F0BBF97F
:10AA10003368052B01DD01F07EF92B68052BFADC8C
:10AA200013AC3246012305212046F7F790FE01239F
:10AA30002A46052119A8F7F78AFE05211FA8FFF766
:10AA4000E5FB002221461FA8FFF736FC0022034643
:10AA5000054621461FA8FFF75DFC01220646214658
:10AA60001FA8FFF729FC01220346214682461FA8A2
:10AA7000FFF750FC02220A9021461FA8FFF71CFC9A
:10AA800002220346214683461FA8FFF743FC032208
:10AA90000B9021461FA8FFF70FFC032203460690E8
:10AAA00021461FA8FFF736FC04220C9021461FA860
:10AAB000FFF702FC04220346079021461FA8FFF778
:10AAC00029FC01210D902046F7F785FD06FB00F3D8
:10AAD00008932C9B019343430E932D9B02932E9B33
:10AAE00003932F9B0493309B05934543019B002BBD
:10AAF000089B0DDD9D42B4BF002301236BB119A853
:10AB0000F7F742FD2046F7F73FFD35B0BDE8F08F7F
:10AB10009D42CCBF00230123F0E702212046F7F736
:10AB20005AFD0A9B2B4443430993029B0AEB0506FB
:10AB3000434346430F93029B002B099B07DD9E4234
:10AB4000B4BF002301233BB10E9B1D44CEE79E42C0
:10AB5000CCBF00230123F6E703212046F7F73BFD96
:10AB60000B9B03EB0609039B0BEB06074343474391
:10AB700000FB09F91093039B002B04DD4F4504DB18
:10AB80000F9B1E44D7E74F45FADD04212046F7F717
:10AB900022FD069BDA190C9B03EB070C049B434335
:10ABA000424300FB0CFC1193049B002B07DD624524
:10ABB000B4BF002301233BB1109B1F44DBE7624578
:10ABC000CCBF00230123F6E7079B99180D9B03EBED
:10ABD000020E059B002B07DD7145B4BF0023012346
:10ABE0003BB1119B1A44DFE77145CCBF0023012321
:10ABF000F6E7D8F80430981CC8F80400D8F800002C
:10AC000030F911001880059B1944E2E7836B10B5F9
:10AC10000BB901F080F8BDE81040342118472DE948
:10AC2000F84F0446904608461946D4E90B239A4249
:10AC30000A9E0C9D01DD01F06EF80B9AF7F7E2FD1C
:10AC4000626812F1FF0F8146F5DBFF2AA368F2DC90
:10AC5000FF33B3F5FF7FEED80027B94529DD16F89D
:10AC600007A0A3686268A0699A4418F807301344E3
:10AC70000AFA00FAD4E9071203FA00F0E1F7CAF978
:10AC8000D4E9091283465046E1F7C4F9D4E9041225
:10AC9000ABEB0000E1F7BEF9E3680344E06A8342EE
:10ACA000B8BF0346206B8342A8BF0346EB5501376C
:10ACB000D3E7BDE8F88F2DE9F84F044690460846E3
:10ACC0001946D4E90B239A420A9E0C9D01DD01F03E
:10ACD00022F80B9AF7F796FD626812F17F0F814612
:10ACE000F5DB7F2AA368F2DC7F33FE2BEFD8002749
:10ACF000B94529DD16F907A0A3686268A0699A44DE
:10AD000018F9073013440AFA00FAD4E9071203FAD3
:10AD100000F0E1F77FF9D4E9091283465046E1F7E4
:10AD200079F9D4E90412ABEB0000E1F773F9E368B9
:10AD30000344E06A8342B8BF0346206B8342A8BF46
:10AD40000346EB550137D3E7BDE8F88F2DE9F04F07
:10AD500085B0DDE90E54019107461946104691462B
:10AD60001E46F7F724FB2B7803F0FB0280F001006E
:10AD7000032A207001D0092B6FD1D9F81020D9F8FF
:10AD80000CB0D6F80CA05242A2623269072BC2F175
:10AD900000020CBF4FF00F084FF01408E2622A695E
:10ADA0002263C4F8248051465846D6F773F9002828
:10ADB00051D159460846D5F7C7FE0646012000FA8C
:10ADC00008F0D5F775FFE968D5F7C6FF01463046AC
:10ADD000D6F776F8D5F748FB231D04F11402804618
:10ADE00089465846314603930292D6F769F8D5F75B
:10ADF0003BFBDDE90223DFF7D9FB04F10803314611
:10AE00005046029304F1180BD6F75AF8D5F72CFBED
:10AE1000029B5A46DFF7CAFB2A78A369072A0CBFB0
:10AE20004FF0FF3201225343A36104F11C0204F1ED
:10AE3000200340464946DFF7B9FB04F110030199AE
:10AE40000E93097804F10C032A46384605B0BDE894
:10AE5000F04FDFF74FBC5146ACE7002005B0BDE82E
:10AE6000F08F2DE9F0410546046880680F46FBF736
:10AE700068F96B681B6813F90080636828693946B4
:10AE80009844FBF75EF9EA68A36912681656A2684F
:10AE900008FA03F01644D4E907129E40E1F7BAF825
:10AEA000D4E9091280463046E1F7B4F8D4E9041237
:10AEB000A8EB0000E1F7AEF8E3681844E36A246BFE
:10AEC0009842B8BF18468442A8BF04463946A869CC
:10AED000FBF737F96B691B681C54BDE8F0812DE95D
:10AEE000F0410546046880680F46FBF72AF96B6855
:10AEF0001B6813F800806368286939469844FBF79B
:10AF000020F9EA68A3691268165CA26808FA03F0DF
:10AF10001644D4E907129E40E1F77CF8D4E90912FF
:10AF200080463046E1F776F8D4E90412A8EB000039
:10AF3000E1F770F8E3681844E36A246B9842B8BFFD
:10AF400018468442A8BF04463946A869FBF7F9F8B9
:10AF50006B691B681C54BDE8F081F0B5ADB018AE4C
:10AF60000EAF0446019208463A4619463346FBF7AF
:10AF70002FF922AD339A0123052107A8F7F7E7FB44
:10AF8000294607A8FBF70EF907A8F7F7FDFA01AB6A
:10AF9000CDE9083732ABCDE90A36142234AB0021B3
:10AFA00002A80794CDE90C3500F028FF0024029A8E
:10AFB000229B9A422BDA0394039A239B9A4222DA29
:10AFC0000494049A249B9A4219DA0594059A259BC5
:10AFD0009A4210DA0694069A269B9A4207DA02A948
:10AFE00007A8FFF73EFF069B01330693F3E7059B97
:10AFF00001330593EAE7049B01330493E1E7039BE4
:10B0000001330393D8E7029B01330293CFE72DB0BE
:10B01000F0BDF0B50446084619460368ADB0052BEF
:10B02000339D019201DD00F076FE0B68052BFADC02
:10B030002B68052BF7DC18AE0EAF33463A46FBF70C
:10B04000C7F82A460123052122AD07A8F7F77FFBA1
:10B05000294607A8FBF7A6F807A8F7F795FA01AB6A
:10B06000CDE9083732ABCDE90A36142234AB0021E2
:10B0700002A80794CDE90C3500F0C0FE0024029A26
:10B08000229B9A422BDA0394039A239B9A4222DA58
:10B090000494049A249B9A4219DA0594059A259BF4
:10B0A0009A4210DA0694069A269B9A4207DA02A977
:10B0B00007A8FFF714FF069B01330693F3E7059BF0
:10B0C00001330593EAE7049B01330493E1E7039B13
:10B0D00001330393D8E7029B01330293CFE72DB0EE
:10B0E000F0BD00232DE9F74F81460D461446D3608D
:10B0F000E668D9F80C2096423DDA002323612769DF
:10B10000D9F81020974233DA2146E868FBF719F89E
:10B11000214680466869FBF714F8AA682969126815
:10B12000096851F8201052F82800D5F70BFDA969DD
:10B130008046D1F834A0D1F838B068682146FBF7D2
:10B1400000F8296800900B68019351464046D5F7F6
:10B15000A1FF00B9C24651465846D5F79BFF00B142
:10B16000DA46DDE90023013743F822A02761C6E76C
:10B170000136E660BCE703B0BDE8F08F836B10B525
:10B180000BB900F0C8FDBDE8104020211847836BC3
:10B1900010B50BB900F0BFFDBDE8104010211847F5
:10B1A000B0F1005F10B521DAB0F1604F4FF0FF321F
:10B1B0004FF00001C8BF0022C3179B0043EA907301
:10B1C0008000B0F1004F73F1FF3413DBB0F1004F9A
:10B1D00073F1000311DA20EA010021F00041484038
:10B1E00020EA020002F00042504010BD4FF0FF3153
:10B1F0000022E1E74FF00040EDE76FF00040EAE7A2
:10B20000031E70B515DB0CBF4FF0FF36002600247F
:10B21000584220EA040023405840EAF76BF8EFF761
:10B220006FFDE543434223402840584020EA060092
:10B2300070BD4FF0FF340026EAE708B51021E9F7AA
:10B2400057F800B208BD08B509B200B2E8F7BCFD76
:10B2500008BD03B2002B70B517DB0CBF4FF0FF35F4
:10B2600000250024E243404223401040584016B2DB
:10B27000EFF7CCFDEFF790FE03B24042044006EA40
:10B280000300604020EA050070BD4FF0FF34002548
:10B29000E8E770B50D4616460446002231462846BA
:10B2A000F7F744F80122206031462846F7F73EF8C8
:10B2B0000022606031462846F7F751F8A06070BD63
:10B2C0002DE9F04F0E68052E1F46AFB01B680446EF
:10B2D000924601DD00F01FFD052BFBDC90F90050CC
:10B2E0009D42F7D10A460123052124A8F7F72FFA3A
:10B2F00010A924A8FAF756FF24A8F7F745F9012367
:10B300003A46052124A8F7F722FA1AA924A8FAF741
:10B3100049FF24A8F7F738F9C5F105056FF00300D8
:10B3200006AF00FB0544C6F1050604343946002388
:10B330009D42D4BF54F823201A4603F10103D8BF1D
:10B340009219052B41F8042BF2D11AAA24AB002044
:10B3500057F8041B52F8045B2EAC04EB810454F83C
:10B36000784CAC42B6D143F8044B2EAC04EB8101CF
:10B37000013051F8641C19610528E9D1142200211B
:10B380000BA800F03BFD1A9B01931B9B02931C9B97
:10B390000393DDE91D320B9C01998C4237DA0026BC
:10B3A0000C960C9D02998D422EDA0D960D9F0399F5
:10B3B0008F4226DA0E96DDF8388098451EDA0F9611
:10B3C000DDF83C90914515DA0BA924A8CDE90432AB
:10B3D000FAF7B7FE0BA983461AA8FAF7B2FE389B14
:10B3E0005AF82B1043F8201009F10101DDE904326D
:10B3F0000F91E5E708F101010E91DCE701370D97A8
:10B40000D4E701350C95CCE701340B94C3E72FB09A
:10B41000BDE8F08F2DE9F843002705460E46144697
:10B42000176022682B689A4238DA676062686B6836
:10B430009A422FDAA760A268AB689A4226DAE760E0
:10B44000E268EB689A421DDA276122692B699A4209
:10B4500014DAF0682146FAF774FEB3688046214694
:10B460007068D3F80090FAF76CFE336819F9082079
:10B470001B681A54236901332361E6E7E36801334B
:10B48000E360DDE7A3680133A360D4E763680133B9
:10B490006360CBE7236801332360C2E7BDE8F8832C
:10B4A0002DE9F0411F460B68AEB0052B0192054611
:10B4B0003A6801DD00F02FFC052AFBDC90F9006002
:10B4C0009642F7D124AC0A46C3F1050805210123B1
:10B4D0002046F7F73CF910A92046FAF763FE20460C
:10B4E000F7F752F801233A46052120461AAFF7F73D
:10B4F0002EF939462046FAF755FE2046F7F744F86C
:10B50000C6F105066FF0030000FB065506A90435D9
:10B51000084600239E42D4BF55F823201A4603F163
:10B520000103D8BF4244052B40F8042BF2D13E461C
:10B530002046002251F8043B56F804CB2EAD05EB13
:10B54000830555F8785C6545B4D140F8045B2EADB1
:10B5500005EB8303013253F8643C0361052AE9D10A
:10B5600034ABCDE90237142201AB00210BA8CDE9A1
:10B57000043400F043FC0BAA02A93846FFF74AFF47
:10B580002EB0BDE8F081836B10B50BB900F0C3FBA2
:10B59000BDE8104048211847704738B1C368188883
:10B5A000C0F30800A0F580735842584170474FF02F
:10B5B0002002EFF3118382F31288BFF36F8FFEE74F
:10B5C00008B5FFF7F4FFF8B505460E464FF0200327
:10B5D000EFF3118783F31288BFF36F8FF2F702F84E
:10B5E000314604462846FFF7EBFF87F31188BFF387
:10B5F0006F8F2046BDE8F840D9F742BC00F0FEBB93
:10B6000000F0C1BBF8B504460D464FF02003EFF340
:10B61000118683F31288BFF36F8F876977B900F0C3
:10B620009DF958B12A684261876700F03BF93146BD
:10B6300004F10800BDE8F840F1F728BD2B68A269C5
:10B640001A602B68A361E369013BE36186F311880B
:10B65000BFF36F8FF8BDEFF30580003818BF0120EE
:10B6600070476FF057007047F1F708BE08B5D9F77B
:10B670007DF8BDE80840F5F7C2BE90F90E308B4268
:10B6800001D0F1F76BBE0020704703460020C3E9EC
:10B690000200C3E9003370472DE9F8439946044698
:10B6A0009DF820300D46904600F108074FF020022B
:10B6B000EFF3118682F31288BFF36F8F03B14568F1
:10B6C00004F10C0000F04AF958B100248467C0F876
:10B6D000148000F0E7F838463146F1F7D7FC002037
:10B6E0000CE0B9F1000F1CD00821F2F745F938B988
:10B6F00086F31188BFF36F8F6FF00B00BDE8F883FE
:10B700000123C0F804800360036803F0030265B9F5
:10B7100023681343036063682060002BDBD1606003
:10B72000D9E7C8F800904046EEE72B6833F00303F2
:10B730000BD10260626812B9C4E90000CBE713685C
:10B7400003F0030303431360E9E7134303602B682B
:10B7500003F0030318432860BDE710B5044630B179
:10B760000268930703D0446809B100F0AFF920469E
:10B7700010BD07B50123009300230A461946FFF7C1
:10B780008BFF03B05DF804FB3AB18A4205D3C0E9F0
:10B790000212C0E90000002070476FF015007047EA
:10B7A000026801238B4022EA0303036022FA01F0BE
:10B7B00000F00100704720B100221146883000F0EF
:10B7C000F5B8704738B504460D461022002100F048
:10B7D00015FB656038BD13B5019008464FF0200396
:10B7E000EFF3118483F31288BFF36F8F01A9F1F790
:10B7F0007FFB84F31188BFF36F8F02B010BD10B5CB
:10B80000FFF7E9FF041E09DD4FF02003EFF311807D
:10B8100083F31288BFF36F8F00F028F8204610BD25
:10B82000D0E9003213605A600023C0E9003370474A
:10B8300008B5FFF7F5FF437B23F0020343730023B2
:10B84000836008BD10B54FF02003EFF3118483F33C
:10B850001288BFF36F8FFFF7EBFF84F31188BFF3FC
:10B860006F8FBDE81040183000F0BDB8034620B916
:10B87000EFF305820AB9D9F70FB983F31188BFF343
:10B880006F8F70474FF02003EFF3118083F312881E
:10B89000BFF36F8FFFF7EABF03460068834208BF1C
:10B8A0000020704710B54FF02003EFF3118483F3AD
:10B8B0001288BFF36F8FF1F7ABFC84F31188BFF3ED
:10B8C0006F8F10BD10B501464FF02003EFF31184C8
:10B8D00083F31288BFF36F8F10F80B3C13F0280F1F
:10B8E0000DD151F8103C18380BB1FFF7A1FF11F83A
:10B8F0000B3C23F0140301F80B3CF1F789FC84F3B3
:10B900001188BFF36F8F10BD38B504460D46F1F7AF
:10B91000D3FC637B43F00203637395B12B68A5608E
:10B920009D4215D0A3B194F90E1093F90E209142C7
:10B9300008D0521A002A05DD5A68C4E900321460A2
:10B940005C6038BD6A68934202D01B68002BECD162
:10B950006B68C4E900531C606C60F2E738B54FF0C7
:10B960002003EFF3118583F31288BFF36F8FFFF786
:10B9700093FF044620B1FFF75BFF183000F033F867
:10B9800085F31188BFF36F8F204638BD38B5054663
:10B9900000202C68A54200D004B938BD2046FFF72E
:10B9A00051FF2046FFF77EFF0120F2E738B54FF048
:10B9B0002003EFF3118583F31288BFF36F8FFFF736
:10B9C0006BFF044650B181674261FFF731FF1830C9
:10B9D00000F009F82046F1F71BFC012085F31188DF
:10B9E000BFF36F8F38BD10B54FF02002EFF3118415
:10B9F00082F31288BFF36F8F03683BB1F1F7B4FE97
:10BA0000002084F31188BFF36F8F10BD6FF0150015
:10BA1000F7E710B54FF02003EFF3118483F312889A
:10BA2000BFF36F8FF1F77AFE84F31188BFF36F8F46
:10BA300010BD70B504460D464FF02003EFF311869C
:10BA400083F31288BFF36F8FF1F768FE012805DDDD
:10BA5000A04203DB29462046DAF79EFF86F31188D1
:10BA6000BFF36F8F70BD08B5F1F76EFF08BD08B169
:10BA7000D9F76EBB7047B1F1FF3F08BFB0F1FF3F90
:10BA800038B505460C461DD051EA000303D1BDE888
:10BA90003840F1F759BF6FF00103181A4FF0FF3328
:10BAA00063EB010100290CDAF1F74EFF012D22466C
:10BAB00074F100042B46BCBF01230022181841EB8F
:10BAC000020138BD4FF0FF300146FAE720B1011FF7
:10BAD00050F8040C00F04AB8704710B400F10C04A0
:10BAE000C0E9034410BCF4F74FBF2DE9F04F85B017
:10BAF00006468846DDE90E019146FFF7BCFF06F1D8
:10BB0000140A05460F464FF02003EFF3118483F328
:10BB10001288BFF36F8F06F10C0B4A464146304640
:10BB2000F4F7CAFE0390F1F70FFF039B3BB184F3D8
:10BB30001188BFF36F8F184605B0BDE8F08F281A43
:10BB400067EB0101012871F10002F0DBCDE9000192
:10BB50005A4621465046F1F7EDFB4FF02003EFF334
:10BB6000118483F31288BFF36F8FD6E738B504468C
:10BB70004FF02003EFF3118583F31288BFF36F8F2B
:10BB8000F4F762FE04F10C00FFF700FF30B1294624
:10BB900004F11400BDE83840F1F778BA85F3118854
:10BBA000BFF36F8F38BDF3F739BBFFF7FCBF012838
:10BBB00038BF012010B504462046F3F727FB30B903
:10BBC000F1F732FF08B900F0A6F88047F4E710BD9E
:10BBD000FFF7EDBF20F00042B2F1FF4F70B5034612
:10BBE000044609D30146D5F7B7F801462046D4F7F5
:10BBF000ABFF0446204670BD002AFBD0002806DAC1
:10BC00000146D4F79FFF0146D5F75AF9F1E710F046
:10BC1000FF424FEAE05127D0C3F3160242F400027C
:10BC2000CB07A1F17F0058BF520000234010520003
:10BC300019241E464FF0807175189542DEBF6E18AC
:10BC4000521B5B18013C4FEA42024FEA5101F3D10B
:10BC500012B1013323F001035C1004F17C5404EBB6
:10BC6000C054C7E75B0001321802FBD5013A891ABC
:10BC7000D2E770B504460D461646F5F7E9F82946B1
:10BC80000660204670BD37B515461C4680B110468B
:10BC900003F10041CDE90001DDE9002328462146FA
:10BCA000D4F73AFC222203B0BDE83040FFF7E1BFF1
:10BCB00010461946EEE700224FF0E043FFF7E3BFDE
:10BCC00041F0004000F58010C00F704720F00040A8
:10BCD000704720F00040B0F1FF4FACBF00200120C2
:10BCE000704738B504460D46F5F7B2F805602046B2
:10BCF00038BD08B550B14FF070404FF0E041D5F776
:10BD00002BF8BDE808402221FFF7EBBF4FF0E040E1
:10BD1000F3E7FFF7EEBF08B50620F3F7CFFD0120EC
:10BD2000D9F7BCF92DE9F84F0A9E804689461F468F
:10BD300014468AB183B14FF0000B0BEB04056D087C
:10BD400005FB079A51464046B047002809DB05D05D
:10BD500005F1010BA345F0D34FF0000A5046BDE8B2
:10BD6000F88F2C46F6E710B501390244904201D114
:10BD7000002005E0037811F8014FA34201D0181B01
:10BD800010BD0130F2E70A44914200F1FF3300D1C7
:10BD9000704710B511F8014B03F8014F9142F9D1EA
:10BDA00010BD9A4208B501D9D9F794F9814204D857
:10BDB0008B189842F8D3814202D183189942F3D369
:10BDC000BDE80840FFF7DFBF884210B501EB020471
:10BDD00002D98442234607D8431EA14208D011F855
:10BDE000012B03F8012FF8E7024401468A4200D1F3
:10BDF00010BD13F8014D02F8014DF7E70244034668
:10BE0000934200D1704703F8011BF9E79368013BA7
:10BE1000002B10B4936007DA9469A34201DB0A296E
:10BE200002D110BCF3F7DABE1368581C1060197009
:10BE3000084610BC7047F8B506460F461446D5189C
:10BE4000AC4201D1002007E014F8011B3A4630460D
:10BE5000FFF7DCFF431CF3D1F8BD2DE9F047164690
:10BE600099468A680B69DDF820809342B8BF134673
:10BE7000336091F8432007460C460AB10133336022
:10BE80002368990642BF336802333360256815F092
:10BE9000060506D104F1190AE36832689B1AAB4221
:10BEA00026DC94F84320131E226818BF0123920653
:10BEB0002BD404F1430249463846C04701301ED016
:10BEC0002368E568326803F00603042B08BFAD1A47
:10BED000A36822690CBF25EAE57500259342C4BF1B
:10BEE0009B1AED1800261A34B5421AD1002008E03A
:10BEF0000123524649463846C047013003D14FF02E
:10BF0000FF30BDE8F0870135C6E7E1185A1C302044
:10BF100081F84300224494F8451082F8431002331C
:10BF2000C7E70123224649463846C0470130E6D0DC
:10BF30000136D9E71F2938B504460D4604D9162322
:10BF400003604FF0FF3038BD426C12B152F821301F
:10BF50004BB9204600F016F82A4601462046BDE8B7
:10BF60003840F3F7B3BC012B0AD0591C03D1162378
:10BF700003600120E7E7002442F82540284698475F
:10BF80000020E0E7F4F74BBF034611F8012B03F85C
:10BF9000012B002AF9D1704710B5034672B101395F
:10BFA000841813F8010B11F8012F904201D1A3421C
:10BFB00001D1801A10BD0028F3D1FAE71046F9E745
:10BFC00010B5024601448A42134603D01C78013260
:10BFD000002CF8D1181A10BD70B568224D1E5543BB
:10BFE0000E4605F17401F3F76BF9044640B10021E8
:10BFF000C0E900160C30A06005F16802FFF7FEFEF4
:10C00000204670BD2DE9F8430646884600F14804F5
:10C010000027D4E90195B9F1010905D52468002C60
:10C02000F7D13846BDE8F883AB89012B07D9B5F9BC
:10C030000E30013303D029463046C04707436835E8
:10C04000E9E770B50E46B1F90E10002996B0144616
:10C050001D4608DAB6F90C3000222A601A0610D400
:10C060004FF480630EE06A46F4F764F90028F1DBD0
:10C07000019A02F47042A2F500535A425A412A60D2
:10C08000EEE740230020236016B070BDF8B50746E8
:10C0900014460E4621B9BDE8F8401146F3F710B931
:10C0A00022B9F3F7C3F825462846F8BD00F0B2F8E8
:10C0B000A0420FD221463846F3F702F90546002880
:10C0C000F2D031462246FFF75EFE31463846F3F79E
:10C0D000ADF8E9E73546E7E72DE9F0478E689E427F
:10C0E00082460C4690461F4638D88A8912F4906FD3
:10C0F00032D025680969A5EB0109656905EB45059D
:10C1000005EBD57501334B446D109D4238BF1D467C
:10C11000530531D52946F3F7D3F8064650B90C2319
:10C12000CAF80030A38943F04003A3814FF0FF30E9
:10C13000BDE8F08721694A46FFF725FEA38923F46D
:10C14000906343F08003A381266165614E44A5EBB3
:10C1500009052660A5603E46BE4200D93E462068DD
:10C1600032464146FFF730FEA3689B1BA36023685D
:10C17000334423600020DBE72A46FFF787FF0646AB
:10C180000028E1D121695046F3F750F8C7E710B510
:10C190000C46B1F90E10F4F701F90028ABBF636D3E
:10C1A000A3891B1823F48053ACBF6365A38110BD22
:10C1B0002DE9F0411F468B89DB0505460C461646E6
:10C1C00005D5B1F90E1002230022F4F7D5F8A389A2
:10C1D000B4F90E1023F48053A38132463B4628461F
:10C1E000BDE8F041F4F784B810B50C46B1F90E1073
:10C1F000F4F7C2F8431CA38915BF606523F480538C
:10C2000043F48053A38118BFA38110BDB1F90E1070
:10C21000F4F780B851F8043C181F002BBCBF0B5832
:08C22000C0187047DAF750BCAA
:08C228005650FD7F01000000EB
:10C23000F1500000000000001D5D0000B8C20200C7
:10C2400067180200000000001DC901000000000086
:10C25000D1D9010000000000C5600000E8C2020062
:10C26000C5600000D0C202004146000000C30200C9
:10C27000C313020018C30200E113020030C302001E
:10C28000995F0000000000002D6800000000000021
:10C29000DD46000000000000F5D9010000000000AC
:10C2A000D1510000000000009D3C00000000000093
:08C2B000E90D0200000000008E
:10C2B8006FE2020040D7020024D702007802002073
:10C2C800E0240020E6C402007CE2020080D70200DD
:10C2D8005CD702008002002044250020E0C4020050
:10C2E80075E2020090D702005CD702007C020020B1
:10C2F80050250020DAC402001FE20200C803002013
:10C30800A0D602007402002008000020D4C4020055
:10C3180083E2020044D80200E0D702008402002031
:10C328003C010020CEC402008AE2020034D8020098
:10C33800E0D70200880200201C010020C8C40200C7
:10C34800EF1602008B15020000000000C90D020064
:10C3580030C302000913020000000000C90D0200EA
:10C3680000000000C90D020000000000C90D020015
:10C37800957300008B15020000000000C90D020033
:10C3880000000000C90D020000000000C90D0200F5
:10C3980000000000C90D020000000000C90D0200E5
:10C3A80000000000C90D020000000000C90D0200D5
:10C3B80000000000C90D020000000000C90D0200C5
:10C3C80000000000C90D020000000000AD68000078
:10C3D80000000000C90D020000000000C90D0200A5
:10C3E80000000000C90D020000000000C90D020095
:10C3F80000000000C90D020000000000C90D020085
:10C4080000000000C90D020000000000C90D020074
:10C4180000000000C90D020000000000C90D020064
:10C4280000000000C90D020000000000C90D020054
:10C4380000000000C90D020000000000C90D020044
:10C4480000000000C90D020000000000C90D020034
:10C4580000000000C90D020000000000C90D020024
:10C4680000000000C90D020000000000C90D020014
:10C4780000000000C90D0200D18200008B150200E7
:10C4880018C302000913020000000000C90D0200D1
:10C4980000000000C90D020000000000C90D0200E4
:10C4A80000000000C90D020000000000C90D0200D4
:10C4B80000000000C90D020000000000C90D0200C4
:10C4C80000800080FF7F00800080FF7F0080008068
:10C4D800FF7F00800080FF7F00800080FF7F00805A
:04C4E8000080FF7F52
:0CC4EC0000000000000000000000000044
:08C4F800FFFFFFFFFFFFFFFF44
:10C500006525020000000000C9BE0000F1BB00006C
:10C51000000000000000000000000000000000001B
:10C52000772502000000000099BF000099BC0000C0
:10C5300000000000000000000000000000000000FB
:10C54000FB26020000000000A5C20000F9C50000A3
:10C5500000000000000000000000000000000000DB
:10C56000000000000000000089C60000D5C80000DF
:10C5700000000000000000000000000000000000BB
:10C58000000000000000000065D1000095D200000E
:10C59000000000000000000000000000000000009B
:10C5A00000000000000000001DD60000052F020062
:10C5B000000000000000000000000000000000007B
:10C5C000B72F020000000000D5D7000029D90000D5
:10C5D000000000000000000000000000000000005B
:10C5E000B72F020000000000D5D7000031DF0000A7
:10C5F000000000000000000000000000000000003B
:10C60000B72F020000000000D5D7000025E500008C
:10C61000000000000000000000000000000000001A
:10C62000B72F020000000000D5D7000035EA000057
:10C6300000000000000000000000000000000000FA
:10C64000B72F020000000000D5D7000041EF000026
:10C6500000000000000000000000000000000000DA
:10C66000B72F020000000000D5D700004DF40000F5
:10C6700000000000000000000000000000000000BA
:10C680005F3D0200000000005DF9000079FB000042
:10C69000000000000000000000000000000000009A
:10C6A000AD4802000000000019080100A1010100CE
:10C6B000000000000000000000000000000000007A
:10C6C00000000000000000009D090100D90B0100DE
:10C6D000000000000000000000000000000000005A
:10C6E0000000000000000000D90C01009D0E0100B8
:10C6F000000000000000000000000000000000003A
:10C70000E14D020000000000FD15010009120100CA
:10C710000000000000000000000000000000000019
:10C720006D500200000000007D1701008518010017
:10C7300000000000000000000000000000000000F9
:10C740000000000000000000392B01003D2D010019
:10C7500000000000000000000000000000000000D9
:10C760000000000000000000392B0100492D0100ED
:10C7700000000000000000000000000000000000B9
:10C780000000000000000000392B0100552D0100C1
:10C790000000000000000000000000000000000099
:10C7A0000000000000000000392B0100612D010095
:10C7B0000000000000000000000000000000000079
:10C7C0000000000000000000392B01006D2D010069
:10C7D0000000000000000000000000000000000059
:10C7E0000000000000000000392B0100792D01003D
:10C7F0000000000000000000000000000000000039
:10C800000000000000000000392B0100852D010010
:10C810000000000000000000000000000000000018
:10C820000000000000000000E3540200392C010069
:10C8300000000000000000000000000000000000F8
:10C84000E754020000000000712E0100E52F0100F6
:10C8500000000000000000000000000000000000D8
:10C860000000000000000000F9300100AD310100BF
:10C8700000000000000000000000000000000000B8
:10C88000FF540200000000001D3401004535010086
:10C890000000000000000000000000000000000098
:10C8A0003157020000000000693601009137010095
:10C8B0000000000000000000000000000000000078
:10C8C0007757020000000000793801008939010023
:10C8D0000000000000000000000000000000000058
:10C8E0001D58020000000000793F01006D3E01006C
:10C8F0000000000000000000000000000000000038
:10C90000875902000000000021410100C1440100DC
:10C910000000000000000000000000000000000017
:10C920000000000000000000F1460100E1480100A5
:10C9300000000000000000000000000000000000F7
:10C94000875C020000000000C5490100794B01002E
:10C9500000000000000000000000000000000000D7
:10C960008D5F0200000000008F600200E5500100B2
:10C9700000000000000000000000000000000000B7
:10C98000776902000000000089580100795A01000F
:10C990000000000000000000000000000000000097
:10C9A0007D6E020000000000496001001D6401006E
:10C9B0000000000000000000000000000000000077
:10C9C0006575020000000000C56601008565010074
:10C9D0000000000000000000000000000000000057
:10C9E0006575020000000000C566010009660100CF
:10C9F0000000000000000000000000000000000037
:10CA0000DD7D020000000000A5670100B96801009B
:10CA10000000000000000000000000000000000016
:10CA2000F580020000000000156A0100C16B0100E2
:10CA300000000000000000000000000000000000F6
:10CA40000781020000000000E58502001973010063
:10CA500000000000000000000000000000000000D6
:10CA600007810200000000005785020045700100A8
:10CA700000000000000000000000000000000000B6
:10CA80000000000000000000217F01006B8A02000E
:10CA90000000000000000000000000000000000096
:10CAA0000000000000000000D57F01004D8401005F
:10CAB0000000000000000000000000000000000076
:10CAC000000000000000000059850100B18601004F
:10CAD0000000000000000000000000000000000056
:10CAE00000000000000000000D8801001F930200FC
:10CAF0000000000000000000000000000000000036
:10CB00000000000000000000C5890100298A010022
:10CB10000000000000000000000000000000000015
:10CB2000ED9502000000000069160000E98D01008B
:10CB300000000000000000000000000000000000F5
:10CB40000F9602000000000089900100B9910100D9
:10CB500000000000000000000000000000000000D5
:10CB600000000000000000009595010061970100A1
:10CB700000000000000000000000000000000000B5
:10CB80000000000000000000099801006D980100FD
:10CB90000000000000000000000000000000000095
:10CBA00000000000000000002D990100A199010083
:10CBB0000000000000000000000000000000000075
:10CBC00000000000000000005D9A0100999B010038
:10CBD0000000000000000000000000000000000055
:10CBE000FBA10200000000005D9D0100559E0100B8
:10CBF0000000000000000000000000000000000035
:10CC00000DAC020000000000819F010071A4010032
:10CC10000000000000000000000000000000000014
:10CC20007DB1020000000000C11A000001A5010052
:10CC300000000000000000000000000000000000F4
:10CC40008FB102000000000081AB0100FDAF0100C8
:10CC500000000000000000000000000000000000D4
:10CC600000000000000000007DB20100DDB3010003
:10CC700000000000000000000000000000000000B4
:10CC800087B5020000000000C9B70100B1BB010078
:10CC90000000000000000000000000000000000094
:10CCA00000C20100000008000000000000000000B9
:10CCB0000338FDD8704700001C00000054464C3378
:10CCC000140020001C001800140010000C000000CC
:10CCD00008000400140000001C0000009800000080
:10CCE000C80000001C0300002C03000030090000F5
:10CCF00003000000010000000400000060F7FFFFD7
:10CD0000100000001800000028000000440000008F
:10CD10000500000073657276650000000F000000DA
:10CD200073657276696E675F64656661756C7400C1
:10CD30000100000004000000BCFFFFFF090000002C
:10CD4000040000000700000064656E73655F340036
:10CD5000010000000400000076FDFFFF0400000059
:10CD60000D00000064656E73655F325F696E7075FB
:10CD700074000000010000000C00000008000C001E
:10CD800008000400080000000B0000000400000080
:10CD9000130000006D696E5F72756E74696D655F7A
:10CDA00076657273696F6E000C000000500200001F
:10CDB0004802000034020000DC0100008C01000089
:10CDC0006C0100005C0000003C000000340000002A
:10CDD0002C0000002400000004000000FAFDFFFF0A
:10CDE0000400000010000000312E352E300000003D
:10CDF000000000000000000084FDFFFF88FDFFFF31
:10CE00008CFDFFFF22FEFFFF040000001000000069
:10CE100021A58BCA5E1DCE429DCE1FB0DF542F814F
:10CE20003EFEFFFF0400000000010000EEFC00ECED
:10CE30000517EFECE6F8030100FAF8F5DCEB271430
:10CE4000F1DEE2DBF0DE310602E6EEF9001607E085
:10CE5000FEFFE906E7EF811B18EAC9010F00DAF7C8
:10CE60000EEC131F0413B4E6FD06B9E00DECF0DE82
:10CE7000EBF705261AE46F1AEA1E35DF1AF3F119EB
:10CE80000F031BE1DE13F619FFF61B18F01CDA1B6B
:10CE90001B20E51AF5FF960B0001CDDE0DF616E31B
:10CEA000EDFC0EE9FAEB5CFC1D025BE2E1F515EC32
:10CEB000F4001305EC0C1D140EE70BF41900D70554
:10CEC000270215EAEA029B000CFAE8EAFD0014FDCD
:10CED0000B02EFEE06EE010D06E6F711F709F8F189
:10CEE00021FF0EF3EC12261DF2E92818E0FBF3F403
:10CEF000051D1DFBFD1EFC11E807090312F236FBA0
:10CF0000DC1CF9EFF3E76F0C1D0045FD0EF00B196B
:10CF10001AFAE0191F13361C12EB3B0CB4CBE613C4
:10CF2000FAEBF1061CFA18E5EBCB0CF44AFFFFFF15
:10CF30000400000010000000751C11E10C81A542E6
:10CF4000FED5D4B2617819DF66FFFFFF0400000050
:10CF50004000000004000000770B000053F6FFFFC4
:10CF600000000000770C000000000000000000003E
:10CF7000D306000000000000000000007221000045
:10CF8000000000002F07000067F5FFFF34F0FFFFEF
:10CF900000000000B2FFFFFF04000000400000009E
:10CFA00000000000B5040000780A00002D06000013
:10CFB00071F8FFFF000000009A0A0000FEF7FFFF73
:10CFC0000E050000D409000047FEFFFFB604000074
:10CFD00000000000ACF7FFFF4BF9FFFF4A0500001F
:10CFE0000000060008000400060000000400000025
:10CFF000040000008CEFFFFF84FFFFFF88FFFFFFAE
:10D000000F0000004D4C495220436F6E76657274DC
:10D0100065642E00010000001400000000000E00F6
:10D020001800140010000C00080004000E0000009E
:10D03000140000001C000000DC000000E000000004
:10D04000E4000000040000006D61696E0000000053
:10D0500003000000840000003C0000000400000009
:10D0600096FFFFFF14000000000000081000000001
:10D07000140000000400040004000000010000008F
:10D080000900000003000000080000000600000086
:10D0900001000000CAFFFFFF1000000000000008B0
:10D0A0001000000014000000BAFFFFFF00000001A4
:10D0B000010000000800000003000000070000005D
:10D0C000050000000200000000000E001600000035
:10D0D00010000C000B0004000E00000018000000FF
:10D0E00000000008180000001C00000000000600FE
:10D0F0000800070006000000000000010100000019
:10D100000700000003000000000000000400000011
:10D110000300000001000000090000000100000001
:10D12000000000000A0000004C040000D0030000D2
:10D13000680300000C0300009802000024020000B5
:10D14000B00100002401000098000000040000006D
:10D15000F0FBFFFF1800000020000000540000005A
:10D160000A000000000000096C000000020000003E
:10D17000FFFFFFFF01000000DCFBFFFF10000000CD
:10D18000180000001C00000020000000010000004A
:10D190000400000000000000010000004ACE0A3C2C
:10D1A000010000003484853F01000000C5028FBFEC
:10D1B0001E000000537461746566756C5061727472
:10D1C0006974696F6E656443616C6C3A305F696E57
:10D1D000743800000200000001000000010000009F
:10D1E00080FCFFFF18000000200000005400000039
:10D1F00009000000000000096400000002000000B7
:10D20000FFFFFFFF100000006CFCFFFF100000009C
:10D21000180000001C0000002000000001000000B9
:10D2200080FFFFFFFFFFFFFF0100000093D0C03B26
:10D2300001000000C20FC03F01000000000000001C
:10D240001400000074666C2E66756C6C795F636FF9
:10D250006E6E6563746564310000000002000000BA
:10D26000010000001000000008FDFFFF1800000092
:10D270002000000058000000080000000000000925
:10D280006400000002000000FFFFFFFF100000002C
:10D29000F4FCFFFF100000001C0000002000000054
:10D2A000240000000100000080FFFFFFFFFFFFFFE0
:10D2B0000000000001000000E0DB473C010000002E
:10D2C00004144740010000000000000013000000AB
:10D2D00074666C2E66756C6C795F636F6E6E6563D9
:10D2E00074656400020000000100000010000000EE
:10D2F00002FEFFFF140000004800000007000000CD
:10D3000000000009500000006CFDFFFF100000004D
:10D31000180000001C0000002000000001000000B8
:10D32000000000000000000001000000FB4B0B3C6F
:10D330000100000040844B3F0100000063358ABFBC
:10D340000D0000007374642E636F6E7374616E74ED
:10D350003200000002000000010000001000000088
:10D3600072FEFFFF140000004800000006000000ED
:10D370000000000950000000DCFDFFFF100000006D
:10D38000180000001C000000200000000100000048
:10D3900000000000000000000100000060014F3CA0
:10D3A00001000000476DB33F010000005D63CDBF89
:10D3B0000D0000007374642E636F6E7374616E747D
:10D3C000310000000200000010000000100000000A
:10D3D000E2FEFFFF1400000048000000050000000E
:10D3E00000000009500000004CFEFFFF100000008C
:10D3F000180000001C0000002000000001000000D8
:10D40000000000000000000001000000D56B8A3B16
:10D4100001000000AB49013F01000000FD5609BFBB
:10D420000C0000007374642E636F6E7374616E740D
:10D4300000000000020000001000000001000000D9
:10D4400052FFFFFF14000000340000000400000041
:10D45000000000023C00000044FFFFFF0800000045
:10D4600014000000010000000000000000000000A7
:10D47000000000000100000028B3D9380C000000B3
:10D4800064656E73655F322F62696173000000002E
:10D490000100000010000000AAFFFFFF14000000C0
:10D4A000300000000300000000000002380000000F
:10D4B0009CFFFFFF080000001000000001000000BA
:10D4C000000000000000000001000000DD9B213989
:10D4D0000C00000064656E73655F332F62696173D1
:10D4E00000000000010000001000000000000E001D
:10D4F0001800140013000C00080004000E000000C7
:10D5000020000000400000000200000000000002B7
:10D51000480000000C000C0000000000080004009F
:10D520000C000000080000001400000001000000D2
:10D5300000000000000000000000000001000000EA
:10D54000F4D451380C00000064656E73655F342FAD
:10D55000626961730000000001000000010000002A
:10D5600014001C001800170010000C000800000038
:10D570000000040014000000180000002C0000004F
:10D5800064000000010000000000000984000000A9
:10D5900002000000FFFFFFFF010000000C0014006C
:10D5A00010000C00080004000C0000001000000037
:10D5B0001C0000002000000024000000010000000A
:10D5C00080FFFFFFFFFFFFFF0000000001000000E1
:10D5D0005D4FC93C010000000E86C84001000000FC
:10D5E000000000002400000073657276696E675FBA
:10D5F00064656661756C745F64656E73655F325FE8
:10D60000696E7075743A305F696E7438000000009E
:10D610000200000001000000010000000300000003
:10D62000400000002400000004000000D8FFFFFFBD
:10D630000600000002000000000000060C000C00C4
:10D640000B000000000004000C000000720000004D
:10D65000000000720C0010000F0000000800040021
:10D660000C00000009000000040000000000000998
:10D67000000000000000E03F000000000000E0BFEC
:10D680000000E0FE422EE63F0000E0FE422EE6BF34
:10D69000763C7935EF39EA3D763C7935EF39EABDAC
:10D6A000E70C02005D4400000000000000000000E4
:10D6B00000000000D9430000CB0C02007D430000B5
:10D6C000470C0200510C02005D4300005F0C020099
:10D6D00000000000690C02000000000000000000D3
:10D6E000710C02008F0C0200930C0200F90C020076
:10D6F0009B0C0200000000200000000000000B0650
:10D700000200000008D702000000000056E20200FC
:10D7100026000207000000205EE2020022000B113A
:10D7200031530000295E00007F0F0200E70F020066
:10D7300000000000F50E02000000000000000000E4
:10D74000C55D00005D5E00000110020007100200D0
:10D75000E15C0000B95C00000000000041610000D5
:10D7600013100200211002003710020043100200C3
:10D770004F100200F15F0000611002000000000085
:10D78000FFFFFFFF0000005000000000000000004D
:10D79000FFFF000000030050000000000100000037
:10D7A00000200040D0D702000100000000800240AD
:10D7B000D8D70200010000000600000005000200AA
:10D7C000C8000100C7000300E100010022000000C2
:10D7D000B8D7020004000000C8D702000200000011
:10D7E000FB100200E9640000ED10020099620000E5
:10D7F000DD100200911202002311020051110200FB
:10D800007F11020089110200C3110200CF11020032
:10D8100089110200B3110200DB110200E9110200BC
:10D8200005120200F7110200FB11020000000000C7
:10D830000000000000200040020000000000000086
:10D84000A0D702000080024002000000000000009B
:10D85000ACD70200F17600009B170200F917020016
:10D86000F3170200ED170200E7170200E1170200AC
:10D87000DB170200D5170200CF170200CD79000098
:10D88000297A0000998000005918020053180200FC
:10D890004D18020047180200411802003B18020010
:10D8A00035180200E9790000B17800002577000002
:10D8B0005D820000417F00000000000000000000C9
:10D8C00071180200791802005986000025860000B0
:10D8D000F185000073180200000000000000000045
:10D8E000D9030200DD030200A318020000000000BB
:10D8F00000000000D9180200DF180200CB18020057
:10D90000DB030200E9030200D518020059190200E6
:10D910001B190200E51802002CE9020030E90200A0
:10D9200040E9020058E902004EE9020060E9020005
:10D930006FE902007AE902008BE9020091E9020036
:10D94000A1E90200B2E90200C3E90200CEE9020047
:10D95000EBE90200F4E902006FEB020003EA0200C7
:10D96000E3ED02007AEB02000FEA02001CEA02007B
:10D9700022EA02002AEA02002DEB020047EB020035
:10D980003AEA020049EA02004EEA020053EA0200C3
:10D9900065EA02006FEA020074EA02007BEA020014
:10D9A000FAEC020093EA0200AFEA0200B6EA0200D3
:10D9B000C8EA020097EE0200DAEA0200DFEA02009B
:10D9C00087EC0200E3EA0200EBEA020008EB020047
:10D9D00016EB020031EB020035EB02003DEB0200DA
:10D9E00043EB02004FEB020058EB020074EB020025
:10D9F00079EB02007FEB020087EB02008FEB020065
:10DA000097EB02009CEB0200A0EB0200A6EB0200E9
:10DA1000AEEB0200BCEB0200C7EB020010EB020011
:10DA2000CEEB0200D2EB0200E1EB0200F1EB0200D0
:10DA3000F6EB0200B6EB020002EC02000CEC020076
:10DA40000BEE020011EC020010EC020024EA0200CE
:10DA500016EC02001AEC020022EC02002DEC02008F
:10DA600039EC020071EC020044EC02004FEC0200C1
:10DA700057EC020063EC02006FEC020076EC02004F
:10DA800081EC02008BEC020096EC02009DEC02009F
:10DA9000A8EC0200ADEC0200B7EC0200BDEC020005
:10DAA000D5EC0200E0EC0200F3EC020047EE0200CD
:10DAB000FEEC020006ED02000DED020012ED020088
:10DAC0001DED020023ED02002DED020031ED0200FC
:10DAD00037ED02007BEB02003CED02004DED020051
:10DAE00071E9020059ED020069ED02006FED0200DC
:10DAF0007AED02007DED020083ED02009AED020056
:10DB0000B1ED0200BCED0200C6ED0200CEED020058
:10DB1000DAED0200E7ED020008EE02000FEE02006F
:10DB200019EE020026EE02002DEE020035EE020094
:10DB30003AEE02003FEE02004BEE020055EE02000C
:10DB400064EE020075EE020084EE02008FEE020029
:10DB5000A1EE0200ACEE0200BAEE0200CAEE020034
:10DB60000000000000000000000000006F1B020029
:10DB7000711B02007D1B0200F9910000E11B0200F5
:10DB80007992000091930000CF1C02006F1C0200EC
:10DB9000E91C02009F1C0200391C0200000000006A
:10DBA0000000000000000000C91D0200D11D02009D
:10DBB000F31D0200011E0200000000000000000032
:10DBC0003D9C0000B59C0000DF1D0200D51D020039
:10DBD000D31D0200F51D0200D99B0000399F0000F3
:10DBE000F99A0000E71D0200791F0200E99F00007A
:10DBF0000D1E02000000000000000000BD1F02001A
:10DC0000C31F020039A40000F7210200BF1F020059
:10DC1000B9A400009EF80200A5F8020003F9020072
:10DC2000ADF80200EBF80200B3F80200BAF8020007
:10DC3000BFF80200C5F80200AEF80200CFF80200FB
:10DC4000D7F80200DFF80200EAF80200F1F802005B
:10DC5000FAF8020002F902000000000000000000D3
:10DC600002000000000000000000000001000000B1
:10DC700002000000000000000000000001000000A1
:10DC800089500200915002000000000099500200EB
:10DC900000000000000000000000000081500200B1
:10DCA0000200000000000000000000000100000071
:10DCB0000000000000000000000000000000000064
:10DCC0000000000000000000030000000000000051
:10DCD000000000000200000001000000040000003D
:10DCE00030C2020088C2020090C20200B0C202002C
:10DCF000B8C20200F5FFFFFF0000003F000000BFB8
:10DD00008071313F807131BFD1F71737D1F717B725
:10DD10000000000000000080000FC93F000F4940D4
:10DD200000CB9640000FC9400053FB4000CB16418A
:10DD300000ED2F41000F49410031624100537B410A
:10DD4000003A8A4100CB9641005CA34100EDAF410F
:10DD5000007EBC41000FC94100A0D5410031E24125
:10DD600000C2EE410053FB4100F20342003A0A4276
:10DD70000083104200CB164200141D42005C234277
:10DD800000A5294200ED2F4200363642007E3C427B
:10DD900000C74242000F4942A2000000F900000003
:10DDA000830000006E0000004E00000044000000F0
:10DDB0001500000029000000FC0000002700000002
:10DDC00057000000D1000000F50000003400000002
:10DDD000DD000000C0000000DB0000006200000069
:10DDE00095000000990000003C0000004300000086
:10DDF0009000000041000000FE0000005100000003
:10DE000063000000AB000000DE000000BB0000006B
:10DE1000C500000061000000B70000002400000001
:10DE20006E0000003A000000420000004D000000BB
:10DE3000D2000000E00000000600000049000000E1
:10DE40002E000000EA00000009000000D1000000E0
:10DE5000920000001C000000FE0000001D000000F9
:10DE6000EB0000001C000000B100000029000000D1
:10DE7000A70000003E000000E80000008200000053
:10DE800035000000F50000002E000000BB0000007F
:10DE90004400000084000000E90000009C00000035
:10DEA0007000000026000000B40000005F000000C9
:10DEB0007E000000410000003900000091000000D9
:10DEC000D60000003900000083000000530000006D
:10DED00039000000F40000009C00000084000000F5
:10DEE0005F0000008B000000BD000000F900000092
:10DEF000280000003B0000001F000000F8000000A8
:10DF000097000000FF000000DE0000000500000098
:10DF1000980000000F000000EF0000002F0000003C
:10DF2000110000008B0000005A0000000A000000F1
:10DF30006D0000001F0000006D00000036000000B2
:10DF40007E000000CF00000027000000CB00000092
:10DF500009000000B70000004F000000460000006C
:10DF60003F000000660000009E0000005F0000000F
:10DF7000EA0000002D0000007500000027000000EE
:10DF8000BA000000C7000000EB000000E500000040
:10DF9000F10000007B0000003D00000007000000D1
:10DFA00039000000F70000008A0000005200000065
:10DFB00092000000EA0000006B000000FB0000007F
:10DFC0005F000000B10000001F0000008D00000095
:10DFD0005D00000008000000560000000300000083
:10DFE0003000000046000000FC0000007B00000044
:10DFF0006B000000AB000000F0000000CF0000004C
:10E00000BC000000200000009A000000F4000000A6
:10E01000360000001D000000A9000000E300000021
:10E0200091000000610000005E000000E6000000BA
:10E030001B000000080000006500000099000000BF
:10E04000850000005F00000014000000A000000038
:10E0500068000000400000008D000000FF0000008C
:10E06000D8000000800000004D0000007300000098
:10E07000270000003100000006000000060000003C
:10E080001500000056000000CA00000073000000E8
:10E09000A8000000C900000060000000E2000000CD
:10E0A0007B000000C00000008C0000006B0000003E
:10E0B0000000C93F0000F0390000DA370000A23349
:10E0C0000000842E0000502B0000C2270000D02248
:10E0D0000000C41F0000C61B00004417040000001D
:10E0E00007000000090000001002002000000000EE
:10E0F0000000000000000000000000000000000020
:10E10000000000000000000000000000000000000F
:10E1100000000000000000000000000000000000FF
:10E1200000000000000000000000000000000000EF
:10E1300000000000000000000000000000000000DF
:10E1400000000000000000000000000008010C01B9
:10E150001001140118011C01200124012C013001BF
:10E16000340138013C014001440148014C01500197
:10E170004D6F64656C2070726F76696465642069A8
:10E180007320736368656D612076657273696F6E65
:10E19000202564206E6F7420657175616C20746F2A
:10E1A00020737570706F7274656420766572736920
:10E1B0006F6E2025642E0056657273696F6E206540
:10E1C00072726F7200416C6C6F6361746554656E3E
:10E1D000736F72732829206661696C656400416CF5
:10E1E0006C6F6361746554656E736F7273206572D2
:10E1F000726F7200496E766F6B65206572726F7216
:10E200000025660025730A00286E696C29003031EC
:10E21000323334353637383941424344454600437A
:10E2200044435F41434D5F3000757362776F726B9B
:10E230007100657869740A002A20627566666572E5
:10E24000206F766572666C6F7720646574656374A1
:10E250006564202A0A00464C4153485F30005352FF
:10E26000414D5F3000000001000000010002034347
:10E270004C4F434B004750494F5F31004750494F87
:10E280005F3000554152545F3100554152545F3068
:10E29000000000000000010100000000000000017B
:10E2A0000000000001010101010203040506070846
:10E2B000090B0C0D0E0F10111213145465726D69B9
:10E2C0006E616C0052545400534547474552004616
:10E2D00061696C656420746F20616C6C6F6361743C
:10E2E000652074656D70206D656D6F72792E20529A
:10E2F00065717565737465643A2025752C206176A7
:10E3000061696C61626C652025752C206D69737381
:10E31000696E673A202575004661696C65642074F2
:10E320006F20616C6C6F63617465207461696C202F
:10E330006D656D6F72792E205265717565737465A8
:10E34000643A2025752C20617661696C61626C6588
:10E350002025752C206D697373696E673A202575C9
:10E3600000496E7465726E616C206572726F723AEC
:10E3700020536574486561644275666665725369C9
:10E380007A652829206E6565647320746F20626544
:10E390002063616C6C6564206166746572205265EF
:10E3A00073657454656D70416C6C6F636174696FF3
:10E3B0006E7328292E004661696C656420746F2095
:10E3C00073657420686561642073697A652E2052D4
:10E3D00065717565737465643A2025752C206176C6
:10E3E00061696C61626C652025752C206D697373A1
:10E3F000696E673A202575000D0A00436F756C64DD
:10E400006E27742072656769737465722063757313
:10E41000746F6D206F7020272573272C2072657311
:10E420006F6C7665722073697A6520697320746FEA
:10E430006F20736D616C6C20282564290043616C2A
:10E440006C696E6720416464437573746F6D2066F8
:10E450006F72207468652073616D65206F70206D28
:10E460006F7265207468616E206F6E6365206973DA
:10E47000206E6F7420737570706F727465642028DD
:10E480004F703A202573292E00496E76616C6964BD
:10E4900020706172616D65746572204275696C747B
:10E4A000696E4F70657261746F725F435553544F5C
:10E4B0004D20746F20746865204164644275696CF6
:10E4C00074696E2066756E6374696F6E2E004361A9
:10E4D0006C6C696E67204164644275696C74696E26
:10E4E0002077697468207468652073616D65206F9A
:10E4F00070206D6F7265207468616E206F6E636549
:10E50000206973206E6F7420737570706F727465FC
:10E510006420284F703A20232564292E00436F750C
:10E520006C646E277420726567697374657220620B
:10E5300075696C74696E206F70202325642C2072BD
:10E5400065736F6C7665722073697A6520697320D4
:10E55000746F6F20736D616C6C20282564292E0008
:10E5600054464C6974655F446574656374696F6E85
:10E570005F506F737450726F636573730069203CF2
:10E580002073697A65282900666C61746275666615
:10E590006572733A3A566563746F723C543E3A3A08
:10E5A00072657475726E5F7479706520666C6174E3
:10E5B000627566666572733A3A566563746F723C4B
:10E5C000543E3A3A47657428666C617462756666B3
:10E5D0006572733A3A756F66667365745F74292065
:10E5E000636F6E7374205B776974682054203D20DC
:10E5F000666C6174627566666572733A3A4F6666F8
:10E600007365743C74666C6974653A3A5375624715
:10E61000726170683E3B20666C6174627566666507
:10E6200072733A3A566563746F723C543E3A3A726A
:10E63000657475726E5F74797065203D20636F6ECE
:10E6400073742074666C6974653A3A5375624772E4
:10E650006170682A3B20666C6174627566666572DB
:10E66000733A3A756F66667365745F74203D207502
:10E670006E7369676E656420696E745D00574553FB
:10E68000545F544F504449522F6D6F64756C6573DD
:10E690002F6C69622F74666C6974652D6D69637285
:10E6A0006F2F74686972645F70617274795F7374DC
:10E6B000617469632F666C617462756666657273F6
:10E6C0002F696E636C7564652F666C617462756624
:10E6D000666572732F666C617462756666657273C7
:10E6E0002E6800496E66004E614E002A325E0003BD
:10E6F00004080B0D0E1112131415161700004E6F9F
:10E70000646520257320286E756D6265722025640E
:10E710006629206661696C656420746F207072657B
:10E7200070617265207769746820737461747573A1
:10E7300020256400416363657373696E6720737598
:10E7400062677261706820256420627574206F6E44
:10E750006C7920256420737562677261706873201C
:10E76000666F756E64004E6F646520257320286E99
:10E77000756D62657220256429206661696C656427
:10E7800020746F20696E766F6B65207769746820DE
:10E7900073746174757320256400666C61746275AE
:10E7A00066666572733A3A566563746F723C543E9E
:10E7B0003A3A72657475726E5F7479706520666C32
:10E7C0006174627566666572733A3A566563746F12
:10E7D000723C543E3A3A47657428666C61746275BF
:10E7E00066666572733A3A756F66667365745F74D0
:10E7F0002920636F6E7374205B77697468205420DE
:10E800003D20696E743B20666C6174627566666556
:10E8100072733A3A566563746F723C543E3A3A7278
:10E82000657475726E5F74797065203D20696E74D1
:10E830003B20666C6174627566666572733A3A7500
:10E840006F66667365745F74203D20756E736967CB
:10E850006E656420696E745D00666C6174627566D5
:10E86000666572733A3A566563746F723C543E3A09
:10E870003A72657475726E5F7479706520666C614A
:10E8800074627566666572733A3A566563746F7240
:10E890003C543E3A3A47657428666C61746275660A
:10E8A000666572733A3A756F66667365745F74294C
:10E8B00020636F6E7374205B776974682054203D09
:10E8C000206C6F6E67206C6F6E6720696E743B20E2
:10E8D000666C6174627566666572733A3A56656312
:10E8E000746F723C543E3A3A72657475726E5F741E
:10E8F000797065203D206C6F6E67206C6F6E6720AD
:10E90000696E743B20666C617462756666657273CD
:10E910003A3A756F66667365745F74203D20756E54
:10E920007369676E656420696E745D0041444400DC
:10E93000415645524147455F504F4F4C5F3244006E
:10E94000434F4E434154454E4154494F4E00444578
:10E95000505448574953455F434F4E565F32440029
:10E9600044455054485F544F5F5350414345004421
:10E97000455155414E54495A4500454D4245444440
:10E98000494E475F4C4F4F4B555000464C4F4F52EE
:10E990000046554C4C595F434F4E4E4543544544F9
:10E9A00000484153485441424C455F4C4F4F4B55F2
:10E9B00050004C325F4E4F524D414C495A415449E0
:10E9C0004F4E004C325F504F4F4C5F3244004C4F23
:10E9D00043414C5F524553504F4E53455F4E4F524B
:10E9E0004D414C495A4154494F4E004C4F474953B1
:10E9F000544943004C53485F50524F4A4543544991
:10EA00004F4E004D41585F504F4F4C5F32440052C3
:10EA1000454C555F4E315F544F5F310052454C5568
:10EA200036005245534841504500524553495A45D6
:10EA30005F42494C494E4541520053504143455F66
:10EA4000544F5F4445505448005356444600544187
:10EA50004E4800434F4E4341545F454D4245444468
:10EA6000494E475300534B49505F4752414D004375
:10EA7000414C4C00435553544F4D00454D42454485
:10EA800044494E475F4C4F4F4B55505F5350415296
:10EA9000534500554E49444952454354494F4E4110
:10EAA0004C5F53455155454E43455F524E4E0047CE
:10EAB00041544845520042415443485F544F5F53CC
:10EAC000504143455F4E440053504143455F544FCE
:10EAD0005F42415443485F4E44004D45414E005310
:10EAE00055420053515545455A4500554E494449F4
:10EAF00052454354494F4E414C5F53455155454E45
:10EB000043455F4C53544D00535452494445445F70
:10EB1000534C494345004249444952454354494FA7
:10EB20004E414C5F53455155454E43455F524E4E05
:10EB30000045585000544F504B5F56320053504CD4
:10EB40004954004C4F475F534F46544D4158004481
:10EB5000454C454741544500424944495245435478
:10EB6000494F4E414C5F53455155454E43455F4CCF
:10EB700053544D0043415354005052454C55004DA1
:10EB80004158494D554D004152475F4D4158004D48
:10EB9000494E494D554D004C455353004E45470095
:10EBA0005041445632004752454154455200475265
:10EBB00045415445525F455155414C004C455353D6
:10EBC0005F455155414C0053454C45435400534912
:10EBD0004E005452414E53504F53455F434F4E5693
:10EBE000005350415253455F544F5F44454E534587
:10EBF0000054494C4500455850414E445F44494DEE
:10EC000053004E4F545F455155414C004C4F470007
:10EC1000525351525400504F57004152475F4D4993
:10EC20004E0046414B455F5155414E5400524544BC
:10EC30005543455F50524F44005245445543455F4C
:10EC40004D4158004C4F474943414C5F4F52004F94
:10EC50004E455F484F54004C4F474943414C5F413C
:10EC60004E44004C4F474943414C5F4E4F54005572
:10EC70004E5041434B005245445543455F4D494E2C
:10EC800000464C4F4F525F4449560052454455434D
:10EC9000455F414E5900535155415245005A455226
:10ECA0004F535F4C494B450046494C4C00464C4F36
:10ECB0004F525F4D4F440052414E4745005245531D
:10ECC000495A455F4E4541524553545F4E45494769
:10ECD00048424F52004C45414B595F52454C5500FC
:10ECE000535155415245445F444946464552454E6D
:10ECF0004345004D4952524F525F504144005350DA
:10ED00004C49545F5600554E4951554500434549BD
:10ED10004C00524556455253455F563200414444DB
:10ED20005F4E004741544845525F4E4400434F53A5
:10ED30000057484552450052414E4B0052455645FA
:10ED40005253455F53455155454E4345004D41543F
:10ED50005249585F44494147004D41545249585F18
:10ED60005345545F4449414700524F554E44004873
:10ED70004152445F53574953480049460057484958
:10ED80004C45004E4F4E5F4D41585F5355505052C9
:10ED9000455353494F4E5F5634004E4F4E5F4D41E1
:10EDA000585F5355505052455353494F4E5F563557
:10EDB00000534341545445525F4E440053454C4523
:10EDC00043545F56320044454E534946590053451B
:10EDD000474D454E545F53554D0042415443485FA3
:10EDE0004D41544D554C00504C414345484F4C44C7
:10EDF00045525F464F525F475245415445525F4F1F
:10EE0000505F434F4445530043554D53554D0043C8
:10EE1000414C4C5F4F4E43450042524F41444341A9
:10EE200053545F544F0052464654324400434F4EB1
:10EE3000565F334400494D4147005245414C004321
:10EE40004F4D504C45585F41425300484153485440
:10EE500041424C4500484153485441424C455F466D
:10EE6000494E4400484153485441424C455F494D46
:10EE7000504F525400484153485441424C455F530F
:10EE8000495A45005245445543455F414C4C004367
:10EE90004F4E565F33445F5452414E53504F53458B
:10EEA000005641525F48414E444C45005245414452
:10EEB0005F5641524941424C450041535349474EE8
:10EEC0005F5641524941424C450042524F414443F2
:10EED0004153545F4152475300466C61744275661A
:10EEE0006665727320312E31322E3000496E707596
:10EEF0007420696E646578202564206F7574206FB6
:10EF0000662072616E676520286C656E6774682084
:10EF1000697320256429004F757470757420696EBB
:10EF2000646578202564206F7574206F6620726197
:10EF30006E676520286C656E67746820697320258C
:10EF4000642900666C6174627566666572733A3A2C
:10EF5000566563746F723C543E3A3A7265747572CA
:10EF60006E5F7479706520666C6174627566666543
:10EF700072733A3A566563746F723C543E3A3A473C
:10EF8000657428666C6174627566666572733A3A78
:10EF9000756F66667365745F742920636F6E737432
:10EFA000205B776974682054203D20666C61746230
:10EFB0007566666572733A3A4F66667365743C743B
:10EFC000666C6974653A3A4F70657261746F723E2F
:10EFD0003B20666C6174627566666572733A3A5678
:10EFE0006563746F723C543E3A3A72657475726E22
:10EFF0005F74797065203D20636F6E737420746652
:10F000006C6974653A3A4F70657261746F722A3B2D
:10F0100020666C6174627566666572733A3A756FE4
:10F0200066667365745F74203D20756E7369676EE4
:10F03000656420696E745D004D697373696E672045
:10F04000726567697374726174696F6E20666F723E
:10F05000206F70636F64655F696E646578202564F6
:10F060000A004661696C656420746F2067657420CE
:10F07000726567697374726174696F6E2066726F0E
:10F080006D206F7020636F64652025730A20005324
:10F090006B697070696E67206F7020666F72206F89
:10F0A00070636F64655F696E6465782025640A002B
:10F0B000556E737570706F727465642062656861F7
:10F0C00076696F723A20666F756E64206275696C3E
:10F0D00074696E206F70657261746F722025732081
:10F0E0007769746820637573746F6D206F707469CD
:10F0F0006F6E732E0A00446964206E6F7420666917
:10F100006E6420612070617273657220666F722078
:10F110002573004661696C6564207374617274695B
:10F120006E67206D6F64656C20616C6C6F636174D9
:10F13000696F6E2E0A004661696C656420746F20E9
:10F14000616C6C6F63617465206D656D6F727920A1
:10F15000666F7220636F6E746578742D3E696E7091
:10F1600075745F74656E736F72735F2C20256420F5
:10F1700062797465732072657175697265640046A1
:10F1800061696C656420746F20696E697469616C73
:10F19000697A6520696E7075742074656E736F721C
:10F1A000202564004661696C656420746F20616C81
:10F1B0006C6F63617465206D656D6F727920666F29
:10F1C0007220636F6E746578742D3E6F7574707500
:10F1D000745F74656E736F72735F2C202564206298
:10F1E0007974657320726571756972656400466132
:10F1F000696C656420746F20696E697469616C69FB
:10F200007A65206F75747075742074656E736F7293
:10F2100020256400496E766F6B6528292063616C38
:10F220006C656420616674657220696E69746961D9
:10F230006C697A6174696F6E206661696C65640AD5
:10F24000004D6963726F416C6C6F6361746F723AE9
:10F25000204D6F64656C20616C6C6F636174696FC5
:10F260006E2073746172746564206265666F726586
:10F270002066696E697368696E6720707265766969
:10F280006F75736C7920616C6C6F63617465642059
:10F290006D6F64656C004661696C656420746F20F5
:10F2A000616C6C6F63617465206D656D6F72792040
:10F2B000666F72206D6F64656C206D65746164614A
:10F2C00074612E00536372617463682062756666B0
:10F2D0006572207265717565737420657865656403
:10F2E00073206C696D697420706572206F7065722F
:10F2F00061746F72202825642900666C61746275E0
:10F3000066666572733A3A566563746F723C543E32
:10F310003A3A72657475726E5F7479706520666CC6
:10F320006174627566666572733A3A566563746FA6
:10F33000723C543E3A3A47657428666C6174627553
:10F3400066666572733A3A756F66667365745F7464
:10F350002920636F6E7374205B7769746820542072
:10F360003D20666C6174627566666572733A3A4FE9
:10F3700066667365743C74666C6974653A3A546584
:10F380006E736F723E3B20666C6174627566666573
:10F3900072733A3A566563746F723C543E3A3A72ED
:10F3A000657475726E5F74797065203D20636F6E51
:10F3B00073742074666C6974653A3A54656E736F41
:10F3C000722A3B20666C6174627566666572733A78
:10F3D0003A756F66667365745F74203D20756E7351
:10F3E00069676E656420696E745D004661696C656D
:10F3F0006420746F20616C6C6F636174652076614A
:10F40000726961626C652074656E736F72206F66DD
:10F410002073697A65202564004D6963726F416CC1
:10F420006C6F6361746F723A204D6F64656C20611C
:10F430006C6C6F636174696F6E2066696E69736866
:10F440006564206265666F726520737461727469A9
:10F450006E6720616C6C6F636174696E67206D6F9D
:10F4600064656C004661696C656420746F20616C32
:10F470006C6F63617465206D656D6F727920666F66
:10F4800072206E6F64655F616E645F726567697339
:10F4900074726174696F6E732E004661696C656485
:10F4A00020746F20706F70756C61746520612070BE
:10F4B000657273697374656E742054664C69746503
:10F4C00054656E736F722073747275637420667204
:10F4D0006F6D20666C61746275666665722064612A
:10F4E000746121004661696C656420746F20706FDF
:10F4F00070756C61746520612074656D7020546650
:10F500004C69746554656E736F72207374727563A1
:10F51000742066726F6D20666C61746275666665D4
:10F520007220646174612100666C61746275666644
:10F530006572733A3A566563746F723C543E3A3A58
:10F5400072657475726E5F7479706520666C617433
:10F55000627566666572733A3A566563746F723C9B
:10F56000543E3A3A47657428666C61746275666603
:10F570006572733A3A756F66667365745F742920B5
:10F58000636F6E7374205B776974682054203D202C
:10F59000666C6174627566666572733A3A4F666648
:10F5A0007365743C74666C6974653A3A4275666654
:10F5B00065723E3B20666C61746275666665727347
:10F5C0003A3A566563746F723C543E3A3A726574C7
:10F5D00075726E5F74797065203D20636F6E737411
:10F5E0002074666C6974653A3A4275666665722A7B
:10F5F0003B20666C6174627566666572733A3A7533
:10F600006F66667365745F74203D20756E736967FD
:10F610006E656420696E745D00556E61626C652074
:10F62000746F20616C6C6F636174652054664C6903
:10F630007465416666696E655175616E74697A615B
:10F6400074696F6E2E0A00556E61626C6520746F6E
:10F6500020616C6C6F63617465207175616E746993
:10F660007A6174696F6E2D3E7A65726F5F706F6933
:10F670006E742E0A004661696C656420746F2061A7
:10F680006C6C6F63617465206D656D6F7279206657
:10F690006F7220636F6E746578742D3E6576616C51
:10F6A0005F74656E736F72732C20256420627974A9
:10F6B0006573207265717569726564004661696C75
:10F6C000656420746F20696E697469616C697A651C
:10F6D0002074656E736F72202564004661696C65E5
:10F6E0006420746F20616C6C6F63617465206D655C
:10F6F0006D6F727920666F7220616C6C6F636174DC
:10F70000696F6E5F696E666F2C2025642062797464
:10F710006573207265717569726564004E6272204E
:10F720006F66206F66666C696E65206275666665D9
:10F7300072206F66667365747320282564292069BA
:10F740006E206D65746164617461206E6F742065F4
:10F750007175616C206E62722074656E736F727366
:10F7600020282564290A00574553545F544F5044BC
:10F7700049522F6D6F64756C65732F6C69622F74BD
:10F78000666C6974652D6D6963726F2F74656E7335
:10F790006F72666C6F772F6C6974652F6D69637219
:10F7A0006F2F6D6963726F5F616C6C6F6361746FF3
:10F7B000722E63630025733A2564202573207761D8
:10F7C00073206E6F7420747275652E00706C616E9C
:10F7D0006E65725F6172656E6120213D206E756C91
:10F7E0006C707472004172656E612073697A652075
:10F7F000697320746F6F20736D616C6C20666F721B
:10F8000020616C6C20627566666572732E204E6591
:10F810006564656420257520627574206F6E6C794F
:10F820002025752077617320617661696C61626C57
:10F83000652E004F66666C696E654D656D6F7279F9
:10F84000416C6C6F636174696F6E00546F6F206DF3
:10F85000616E79206275666665727320286D6178C5
:10F8600020697320256429006275666665722069C7
:10F870006E646578202564206973206F75747369E0
:10F8800064652072616E6765203020746F20256486
:10F8900000556E6B6E6F776E2074797065004E4FF9
:10F8A0005459504500464C4F415433320055494E4F
:10F8B000543800535452494E4700424F4F4C004970
:10F8C0004E54313600434F4D504C45583634004667
:10F8D0004C4F4154313600464C4F4154363400436E
:10F8E0004F4D504C45583132380055494E543634FE
:10F8F000005245534F555243450056415249414EDF
:10F90000540055494E54333200496E76616C696437
:10F910002074656E736F7220696E6465782025644B
:10F9200020286E6F7420696E205B302C202564299E
:10F93000290A0054656E736F7220617420696E64C9
:10F94000657820256420776173206F7074696F6E0D
:10F95000616C2062757420776173206578706563CF
:10F960007465640A00574553545F544F50444952DC
:10F970002F6D6F64756C65732F6C69622F74666C84
:10F980006974652D6D6963726F2F74656E736F7224
:10F99000666C6F772F6C6974652F6B65726E656C22
:10F9A000732F6B65726E656C5F7574696C2E636323
:10F9B000006E6F5F696E74656765725F6F76657202
:10F9C000666C6F775F66726F6D5F7175616E74697B
:10F9D0007A6174696F6E00696E7075745F70726FB2
:10F9E000647563745F7363616C65203E3D20300015
:10F9F0007363616C655F64696666202F206F757440
:10FA00007075745F7363616C65203C3D20302E30EF
:10FA1000320066616C73650025733A256420257396
:10FA200020213D2025732028256420213D202564A8
:10FA300029006B54664C697465416666696E655150
:10FA400075616E74697A6174696F6E00696E707544
:10FA5000742D3E7175616E74697A6174696F6E2E72
:10FA6000747970650066696C7465722D3E7175619C
:10FA70006E74697A6174696F6E2E74797065006155
:10FA80006666696E655F7175616E74697A617469C5
:10FA90006F6E00616666696E655F7175616E74692F
:10FAA0007A6174696F6E2D3E7363616C650066697F
:10FAB0006C7465722D3E74797065006E756D5F6350
:10FAC00068616E6E656C7300616666696E655F7114
:10FAD00075616E74697A6174696F6E2D3E736361CE
:10FAE0006C652D3E73697A650066696C7465722D6C
:10FAF0003E64696D732D3E646174615B6166666925
:10FB00006E655F7175616E74697A6174696F6E2D6F
:10FB10003E7175616E74697A65645F64696D656E66
:10FB200073696F6E5D00496E7075742061727261E9
:10FB300079206E6F742070726F76696465642066D8
:10FB40006F72206F7065726174696F6E2027257304
:10FB5000272E0A00466F756E6420746F6F206D61EA
:10FB60006E792064696D656E73696F6E7320696E5E
:10FB70002074686520696E70757420617272617995
:10FB8000206F66206F7065726174696F6E20272523
:10FB900073272E0A00556E737570706F72746564EA
:10FBA0002064617461207479706520256420696E19
:10FBB0002074656E736F720A007265736861706598
:10FBC00000574553545F544F504449522F6D6F6452
:10FBD000756C65732F6C69622F74666C6974652D22
:10FBE0006D6963726F2F74656E736F72666C6F7779
:10FBF0002F6C6974652F636F72652F6170692F6652
:10FC00006C61746275666665725F636F6E7665724D
:10FC100073696F6E732E636300706172616D732020
:10FC2000213D206E756C6C70747200737175656522
:10FC30007A6500556E68616E646C65642066756CEB
:10FC40006C792D636F6E6E6563746564207765698A
:10FC50006768747320666F726D61742E004F702038
:10FC60006275696C74696E5F636F6465206F75742B
:10FC7000206F662072616E67653A2025642E2041F0
:10FC8000726520796F75207573696E67206F6C647B
:10FC90002054464C6974652062696E6172792077E0
:10FCA000697468206E65776572206D6F64656C3F5E
:10FCB000004469646E27742066696E64206F70204A
:10FCC000666F72206275696C74696E206F70636F05
:10FCD000646520272573272076657273696F6E200F
:10FCE000272564272E20416E206F6C646572207674
:10FCF000657273696F6E206F662074686973206225
:10FD000075696C74696E206D69676874206265201E
:10FD1000737570706F727465642E204172652079FE
:10FD20006F75207573696E6720616E206F6C64203B
:10FD300054464C6974652062696E617279207769F6
:10FD400074682061206E65776572206D6F64656CE4
:10FD50003F0A004F70657261746F72207769746832
:10FD600020435553544F4D206275696C74696E5F22
:10FD7000636F646520686173206E6F2063757374B0
:10FD80006F6D5F636F64652E0A004F6E6C7920663D
:10FD90006C6F6174333220697320737570706F7289
:10FDA0007465642063757272656E746C792C20675B
:10FDB0006F74202573006578706F6E656E74203CDB
:10FDC0003D20333100496E74656765725479706502
:10FDD0002067656D6D6C6F77703A3A526F756E641F
:10FDE000696E674469766964654279504F54284961
:10FDF0006E7465676572547970652C20696E74291C
:10FE0000205B7769746820496E7465676572547900
:10FE10007065203D20696E745D00574553545F54F2
:10FE20004F504449522F6D6F64756C65732F6C6928
:10FE3000622F74666C6974652D6D6963726F2F74BF
:10FE4000686972645F70617274795F7374617469F8
:10FE5000632F67656D6D6C6F77702F666978656469
:10FE6000706F696E742F6669786564706F696E74FF
:10FE70002E6800574553545F544F504449522F6DDC
:10FE80006F64756C65732F6C69622F74666C69742E
:10FE9000652D6D6963726F2F74656E736F72666C1A
:10FEA0006F772F6C6974652F6D6963726F2F6B6547
:10FEB000726E656C732F61637469766174696F6EBD
:10FEC000735F636F6D6D6F6E2E636300696E707527
:10FED0007420213D206E756C6C70747200657870B2
:10FEE0006F6E656E74203E3D203000574553545F61
:10FEF000544F504449522F6D6F64756C65732F6C6D
:10FF000069622F74666C6974652D6D6963726F2FF9
:10FF100074656E736F72666C6F772F6C6974652F82
:10FF20006D6963726F2F6B65726E656C732F6164A0
:10FF3000642E636300696E7075743120213D206EFC
:10FF4000756C6C70747200696E7075743220213D2E
:10FF5000206E756C6C707472005479706520257316
:10FF60002028256429206E6F7420737570706F725D
:10FF70007465642E00574553545F544F50444952A2
:10FF80002F6D6F64756C65732F6C69622F74666C6E
:10FF90006974652D6D6963726F2F74656E736F720E
:10FFA000666C6F772F6C6974652F6D6963726F2F44
:10FFB0006B65726E656C732F6164645F6E2E636334
:10FFC000006E756D5F696E70757473203E3D2032F2
:10FFD000004E756D4F757470757473286E6F64651F
:10FFE000290025733A256420257320213D2025739F
:10FFF0002028257320213D2025732900696E707506
:020000023000CC
:10000000745F74656E736F725F66697273742D3E90
:1000100074797065004861766553616D65536861F8
:1000200070657328696E7075745F74656E736F7236
:100030005F66697273742C20696E7075742900692B
:100040006E7075745F74656E736F725F66697273DC
:10005000742D3E706172616D732E7A65726F5F7080
:100060006F696E74203D3D20696E7075742D3E7011
:100070006172616D732E7A65726F5F706F696E74F5
:1000800000696E7075745F74656E736F725F666918
:100090007273742D3E706172616D732E7363616C47
:1000A00065203D3D20696E7075742D3E70617261F2
:1000B0006D732E7363616C65004144445F4E206F25
:1000C0006E6C7920737570706F72747320464C4F2C
:1000D0004154333220616E6420494E54382C2067DD
:1000E0006F742025732E004F6E6C7920666C6F61E3
:1000F0007433322C2075696E74385F7420616E64BD
:1001000020696E74385F7420617265207375707039
:100110006F727465642063757272656E746C792C8D
:1001200020676F742025732E004F6E6C7920696EE6
:100130007433325F742061726520737570706F72F2
:100140007465642063757272656E746C792C2067B7
:100150006F742025732E00574553545F544F5044FD
:1001600049522F6D6F64756C65732F6C69622F74C3
:10017000666C6974652D6D6963726F2F74656E733B
:100180006F72666C6F772F6C6974652F6D6963721F
:100190006F2F6B65726E656C732F62617463685F3D
:1001A000746F5F73706163655F6E642E6363004E8E
:1001B000756D496E70757473286E6F64652900697A
:1001C0006E70757420213D206E756C6C7074722099
:1001D0002626206F757470757420213D206E756C15
:1001E0006C707472004E756D44696D656E73696FE5
:1001F0006E7328696E70757429203E3D206B496EC0
:100200007075744F75747075744D696E44696D6561
:100210006E73696F6E4E756D004E756D44696D65D8
:100220006E73696F6E73286F757470757429203ED4
:100230003D206B496E7075744F75747075744D699F
:100240006E44696D656E73696F6E4E756D004E75A7
:100250006D44696D656E73696F6E7328696E707534
:100260007429203C3D206B496E7075744F75747015
:1002700075744D617844696D656E73696F6E4E7506
:100280006D004E756D44696D656E73696F6E732890
:100290006F757470757429203C3D206B496E7075C4
:1002A000744F75747075744D617844696D656E73C3
:1002B000696F6E4E756D00574553545F544F5044EF
:1002C00049522F6D6F64756C65732F6C69622F7462
:1002D000666C6974652D6D6963726F2F74656E73DA
:1002E0006F72666C6F772F6C6974652F6D696372BE
:1002F0006F2F6B65726E656C732F6365696C2E630F
:1003000063006F75747075742D3E64696D732D3E56
:1003100073697A6500696E7075742D3E64696D73DA
:100320002D3E646174615B695D006F7574707574F6
:100330002D3E64696D732D3E646174615B695D007F
:10034000574553545F544F504449522F6D6F647555
:100350006C65732F6C69622F74666C6974652D6DA2
:100360006963726F2F74656E736F72666C6F772F2F
:100370006C6974652F6D6963726F2F6B65726E6542
:100380006C732F636F6D70617269736F6E732E6320
:100390006300574553545F544F504449522F6D6F7B
:1003A00064756C65732F6C69622F74666C69746513
:1003B0002D6D6963726F2F74656E736F72666C6FEB
:1003C000772F6C6974652F6D6963726F2F6B65721F
:1003D0006E656C732F636F6E636174656E617469B3
:1003E0006F6E2E636300696E7075745F74656E73F3
:1003F0006F7220213D206E756C6C707472006F7589
:10040000747075745F74656E736F7220213D206E19
:10041000756C6C707472006B54664C6974654163E2
:10042000744E6F6E6500706172616D732D3E616315
:100430007469766174696F6E00696E7075745F744B
:10044000797065203D3D206B54664C697465466C3F
:100450006F61743332207C7C20696E7075745F74B8
:10046000797065203D3D206B54664C697465554933
:100470006E7438207C7C20696E7075745F7479703E
:1004800065203D3D206B54664C697465496E743837
:10049000207C7C20696E7075745F74797065203D76
:1004A0003D206B54664C697465496E743136207C0E
:1004B0007C20696E7075745F74797065203D3D2095
:1004C0006B54664C697465496E743332207C7C20B1
:1004D000696E7075745F74797065203D3D206B5452
:1004E000664C697465496E74363400696E70757453
:1004F0005F74797065006F75747075745F7479706E
:1005000065006E756D5F696E70757473203C3D207B
:100510006B4D6178496E7075744E756D004F70202B
:10052000436F6E636174656E6174696F6E20646F92
:100530006573206E6F742063757272656E746C796A
:1005400020737570706F7274206E756D2064696DA4
:10055000656E73696F6E73203E342054656E736FE1
:1005600072206861732025642064696D656E73690B
:100570006F6E732E004F7020436F6E636174656EF3
:100580006174696F6E20646F6573206E6F74206391
:10059000757272656E746C7920737570706F727499
:1005A000205479706520272573272E007175616EA0
:1005B00074697A65645F6D756C7469706C69657275
:1005C000203E3D203000696E7433325F74207466C3
:1005D0006C6974653A3A4D756C7469706C794279DE
:1005E0005175616E74697A65644D756C7469706C6F
:1005F00069657228696E7436345F742C20696E7474
:1006000033325F742C20696E742900574553545F50
:10061000544F504449522F6D6F64756C65732F6C45
:1006200069622F74666C6974652D6D6963726F2FD2
:100630002E2F74656E736F72666C6F772F6C697492
:10064000652F6B65726E656C732F696E7465726E63
:10065000616C2F636F6D6D6F6E2E680073686966D5
:1006600074203E3D202D3331202626207368696694
:1006700074203C20380078203E3D202D2873746182
:100680007469635F636173743C696E7436345F745C
:100690003E283129203C3C2034372920262620784A
:1006A000203C20287374617469635F636173743CD8
:1006B000696E7436345F743E283129203C3C203406
:1006C000372900574553545F544F504449522F6DBA
:1006D0006F64756C65732F6C69622F74666C6974D6
:1006E000652D6D6963726F2F74656E736F72666CC2
:1006F0006F772F6C6974652F6D6963726F2F6B65EF
:10070000726E656C732F636F6E762E636300574550
:1007100053545F544F504449522F6D6F64756C654C
:10072000732F6C69622F74666C6974652D6D6963D3
:10073000726F2F74656E736F72666C6F772F6C6952
:1007400074652F6D6963726F2F6B65726E656C7364
:100750002F636F6E762E636320487962726964201E
:100760006D6F64656C7320617265206E6F742073A9
:100770007570706F72746564206F6E2054464C699A
:100780007465204D6963726F2E00574553545F5452
:100790004F504449522F6D6F64756C65732F6C69AF
:1007A000622F74666C6974652D6D6963726F2F7446
:1007B000656E736F72666C6F772F6C6974652F6DE1
:1007C0006963726F2F6B65726E656C732F636F6EEA
:1007D000765F636F6D6D6F6E2E6363006861735F2C
:1007E00062696173207C7C206E6F64652D3E696E4A
:1007F000707574732D3E73697A65203D3D2032001B
:100800006E6F64652D3E6F7574707574732D3E73D5
:10081000697A650066696C74657220213D206E7589
:100820006C6C70747200616666696E655F7175618B
:100830006E74697A6174696F6E2D3E7363616C6565
:100840002D3E73697A65203D3D2031207C7C2061FE
:100850006666696E655F7175616E74697A617469E7
:100860006F6E2D3E7363616C652D3E73697A6520F2
:100870003D3D2066696C7465722D3E64696D732D13
:100880003E646174615B6B436F6E765175616E742B
:10089000697A656444696D656E73696F6E5D006148
:1008A0006666696E655F7175616E74697A61746997
:1008B0006F6E2D3E7A65726F5F706F696E742D3E3C
:1008C00073697A6500574553545F544F50444952F9
:1008D0002F6D6F64756C65732F6C69622F74666C15
:1008E0006974652D6D6963726F2F74656E736F72B5
:1008F000666C6F772F6C6974652F6D6963726F2FEB
:100900006B65726E656C732F63756D73756D2E6399
:100910006300696E7075742D3E74797065203D3D7D
:10092000206B54664C697465466C6F617433322079
:100930007C7C20696E7075742D3E74797065203DE5
:100940003D206B54664C697465496E74380061785B
:1009500069732D3E74797065004E756D456C656DDB
:10096000656E7473286178697329004E756D4469EA
:100970006D656E73696F6E7328696E70757429206A
:100980003E3D2031004861766553616D6553686175
:1009900070657328696E7075742C206F757470752E
:1009A00074290043554D53554D20496E76616C694D
:1009B0006420617869733A2025640043554D53558E
:1009C0004D206F6E6C7920737570706F7274732028
:1009D000464C4F4154333220616E6420494E5438A6
:1009E0002C20676F742025732E00574553545F5495
:1009F0004F504449522F6D6F64756C65732F6C694D
:100A0000622F74666C6974652D6D6963726F2F74E3
:100A1000656E736F72666C6F772F6C6974652F6D7E
:100A20006963726F2F6B65726E656C732F6465708E
:100A300074685F746F5F73706163652E6363004EEB
:100A4000756D44696D656E73696F6E7328696E703C
:100A500075742900646174615F74797065203D3D2F
:100A6000206B54664C697465466C6F617433322038
:100A70007C7C20646174615F74797065203D3D20E9
:100A80006B54664C697465496E743800626C6F63B0
:100A90006B5F73697A65203E2030006F75747075E6
:100AA000745F6368616E6E656C73202A20626C6F80
:100AB000636B5F73697A65202A20626C6F636B5F7A
:100AC00073697A6500696E7075745F6368616E6ED4
:100AD000656C730044455054485F544F5F53504118
:100AE0004345206F6E6C7920737570706F727473EC
:100AF00020464C4F4154333220616E6420494E549D
:100B0000382C20676F742025732E00574553545F8F
:100B1000544F504449522F6D6F64756C65732F6C40
:100B200069622F74666C6974652D6D6963726F2FCD
:100B300074656E736F72666C6F772F6C6974652F56
:100B40006D6963726F2F6B65726E656C732F646570
:100B5000707468776973655F636F6E765F636F6DDE
:100B60006D6F6E2E636300616666696E655F717599
:100B7000616E74697A6174696F6E2D3E7363616C26
:100B8000652D3E73697A65203D3D2031207C7C20B7
:100B9000616666696E655F7175616E74697A6174AC
:100BA000696F6E2D3E7363616C652D3E73697A6566
:100BB000203D3D2066696C7465722D3E64696D73DD
:100BC0002D3E646174615B6B446570746877697312
:100BD00065436F6E765175616E74697A65644469B8
:100BE0006D656E73696F6E5D00574553545F544F6A
:100BF000504449522F6D6F64756C65732F6C696238
:100C00002F74666C6974652D6D6963726F2F7465DE
:100C10006E736F72666C6F772F6C6974652F6D6978
:100C200063726F2F6B65726E656C732F646571757F
:100C3000616E74697A652E636300696E7075742DD8
:100C40003E74797065203D3D206B54664C69746537
:100C500055496E7438207C7C20696E7075742D3E09
:100C600074797065203D3D206B54664C697465490C
:100C70006E7438207C7C20696E7075742D3E74799A
:100C80007065203D3D206B54664C697465496E74F7
:100C90003136006F75747075742D3E7479706520EF
:100CA0003D3D206B54664C697465466C6F617433CE
:100CB0003200496E7075742025732C206F75747026
:100CC0007574202573206E6F7420737570706F7249
:100CD0007465642E00574553545F544F5044495235
:100CE0002F6D6F64756C65732F6C69622F74666C01
:100CF0006974652D6D6963726F2F74656E736F72A1
:100D0000666C6F772F6C6974652F6D6963726F2FD6
:100D10006B65726E656C732F646574656374696F5F
:100D20006E5F706F737470726F636573732E63633D
:100D3000004E756D44696D656E73696F6E732869D9
:100D40006E7075745F626F785F656E636F64696EF5
:100D5000677329004E756D44696D656E73696F6EBA
:100D60007328696E7075745F636C6173735F707202
:100D70006564696374696F6E7329004E756D4469AB
:100D80006D656E73696F6E7328696E7075745F61DF
:100D90006E63686F7273290073747200626F6F6C98
:100DA00020666C6174627566666572733A3A537454
:100DB00072696E67546F496E7465676572496D70CC
:100DC0006C28542A2C20636F6E73742063686172E0
:100DD0002A2C20696E742C20626F6F6C29205B773F
:100DE0006974682054203D206C6F6E67206C6F6EB4
:100DF0006720696E745D00574553545F544F5044EB
:100E000049522F6D6F64756C65732F6C69622F7416
:100E1000666C6974652D6D6963726F2F7468697291
:100E2000645F70617274795F7374617469632F6653
:100E30006C6174627566666572732F696E636C753A
:100E400064652F666C6174627566666572732F7572
:100E500074696C2E6800626F6F6C20666C617462DE
:100E60007566666572733A3A537472696E67546F49
:100E7000496E7465676572496D706C28542A2C2020
:100E8000636F6E737420636861722A2C20696E74BC
:100E90002C20626F6F6C29205B7769746820542066
:100EA0003D206C6F6E67206C6F6E6720756E736986
:100EB000676E656420696E745D00286D61785F649B
:100EC0006574656374696F6E73203E3D2030290040
:100ED00028696E74657273656374696F6E5F6F768F
:100EE00065725F756E696F6E5F7468726573686F47
:100EF0006C64203E20302E3066292026262028696A
:100F00006E74657273656374696F6E5F6F76657218
:100F10005F756E696F6E5F7468726573686F6C641D
:100F2000203C3D20312E3066290056616C69646199
:100F30007465426F786573286465636F6465645F88
:100F4000626F7865732C206E756D5F626F78657364
:100F500029006B426174636853697A6500696E7039
:100F600075745F626F785F656E636F64696E6773D7
:100F70002D3E64696D732D3E646174615B305D006C
:100F8000696E7075745F626F785F656E636F6469B8
:100F90006E67732D3E64696D732D3E646174615B91
:100FA000325D203E3D206B4E756D436F6F72644223
:100FB0006F7800696E7075745F636C6173735F70D6
:100FC000726564696374696F6E732D3E64696D73D5
:100FD0002D3E646174615B305D006E756D5F626FA4
:100FE00078657300696E7075745F636C6173735FAD
:100FF00070726564696374696F6E732D3E64696DA8
:10100000732D3E646174615B315D00286E756D5FA8
:10101000636C61737365735F776974685F62616342
:101020006B67726F756E64202D206E756D5F636CDB
:101030006173736573203C3D20312900286E756D06
:101040005F636C61737365735F776974685F626116
:10105000636B67726F756E64203E3D206E756D5FC9
:10106000636C617373657329006E756D5F6465747D
:10107000656374696F6E735F7065725F636C6173D3
:1010800073203E203000286D61785F63617465676E
:101090006F726965735F7065725F616E63686F72AE
:1010A000203E203029006D61785F6465746563744B
:1010B000696F6E73006D61785F636C6173736573E4
:1010C0005F7065725F646574656374696F6E0064F8
:1010D0006574656374696F6E735F7065725F636C6E
:1010E000617373007573655F726567756C61725FBC
:1010F0006E6D73006E6D735F73636F72655F74689E
:10110000726573686F6C64006E6D735F696F755F95
:101110007468726573686F6C64006E756D5F636C84
:10112000617373657300795F7363616C6500785FE9
:101130007363616C6500685F7363616C6500775F02
:101140007363616C650000000100574553545F54A0
:101150004F504449522F6D6F64756C65732F6C69E5
:10116000622F74666C6974652D6D6963726F2F747C
:10117000656E736F72666C6F772F6C6974652F6D17
:101180006963726F2F6B65726E656C732F656C652A
:101190006D656E74776973652E636300496E707553
:1011A000742064617461207479706520257320282F
:1011B000256429206973206E6F7420737570706FB9
:1011C000727465642E0065787065637465645F741D
:1011D00079706500574553545F544F504449522F1E
:1011E0006D6F64756C65732F6C69622F74666C69C2
:1011F00074652D6D6963726F2F74656E736F72669F
:101200006C6F772F6C6974652F6D6963726F2F6BCC
:1012100065726E656C732F656C752E636300454C4B
:1012200055206F6E6C7920737570706F72747320B7
:10123000666C6F6174333220616E6420696E74383D
:101240002063757272656E746C792C20676F7420E0
:1012500025732E00574553545F544F504449522F25
:101260006D6F64756C65732F6C69622F74666C6941
:1012700074652D6D6963726F2F74656E736F72661E
:101280006C6F772F6C6974652F6D6963726F2F6B4C
:1012900065726E656C732F657870616E645F6469EA
:1012A0006D732E63630044796E616D696354656E7E
:1012B000736F72206973206E6F7420796574207368
:1012C0007570706F72746564206279204578706102
:1012D0006E645F44696D732E0041786973206861A4
:1012E00073206F6E6C79206F6E6520656C656D651F
:1012F0006E7420666F7220457870616E645F446919
:101300006D732E00417869732074797065202573A0
:101310002028256429206E6F7420737570706F7299
:1013200074656420627920457870616E645F4469F9
:101330006D732E00496E76616C696420457870612A
:101340006E645F44696D7320617869732076616CA7
:10135000756520282564292E002861786973203C52
:101360003D20696E7075745F64696D732D3E73699D
:101370007A652900457870616E645F44696D7320F9
:101380006F6E6C792063757272656E746C79207300
:101390007570706F72747320696E743820616E643A
:1013A00020666C6F617433322C20676F7420256463
:1013B0002E00574553545F544F504449522F6D6F80
:1013C00064756C65732F6C69622F74666C697465E3
:1013D0002D6D6963726F2F74656E736F72666C6FBB
:1013E000772F6C6974652F6D6963726F2F6B6572EF
:1013F0006E656C732F666C6F6F722E63630057455A
:1014000053545F544F504449522F6D6F64756C654F
:10141000732F6C69622F74666C6974652D6D6963D6
:10142000726F2F74656E736F72666C6F772F6C6955
:1014300074652F6D6963726F2F6B65726E656C7367
:101440002F666C6F6F725F6469762E636300696EDE
:10145000707574322D3E7479706500696E707574A4
:10146000312D3E74797065004469766973696F6ED9
:101470002062792030005479706520272573272059
:101480006973206E6F7420737570706F7274656409
:1014900020627920464C4F4F525F4449562E0057E8
:1014A0004553545F544F504449522F6D6F64756CCF
:1014B00065732F6C69622F74666C6974652D6D6934
:1014C00063726F2F74656E736F72666C6F772F6CBB
:1014D0006974652F6D6963726F2F6B65726E656CD1
:1014E000732F666C6F6F725F6D6F642E6363005451
:1014F0007970652027257327206973206E6F74200B
:10150000737570706F7274656420627920464C4FF9
:101510004F525F4D4F442E00574553545F544F5028
:101520004449522F6D6F64756C65732F6C69622F1F
:1015300074666C6974652D6D6963726F2F74656E66
:10154000736F72666C6F772F6C6974652F6D69634A
:10155000726F2F6B65726E656C732F66756C6C792C
:101560005F636F6E6E65637465642E6363005745D9
:1015700053545F544F504449522F6D6F64756C65DE
:10158000732F6C69622F74666C6974652D6D696365
:10159000726F2F74656E736F72666C6F772F6C69E4
:1015A00074652F6D6963726F2F6B65726E656C73F6
:1015B0002F66756C6C795F636F6E6E6563746564BE
:1015C0002E636320487962726964206D6F64656C74
:1015D0007320617265206E6F7420737570706F7206
:1015E000746564206F6E2054464C697465204D69A3
:1015F00063726F2E00496E74656765725479706509
:101600002067656D6D6C6F77703A3A526F756E64D6
:10161000696E674469766964654279504F54284918
:101620006E7465676572547970652C20696E7429D3
:10163000205B7769746820496E74656765725479B8
:101640007065203D2073686F727420696E745D0050
:10165000556E737570706F727465642074797065FF
:1016600020257300574553545F544F504449522F1F
:101670006D6F64756C65732F6C69622F74666C692D
:1016800074652D6D6963726F2F74656E736F72660A
:101690006C6F772F6C6974652F6D6963726F2F6B38
:1016A00065726E656C732F686172645F73776973BE
:1016B000685F636F6D6D6F6E2E6363007061726142
:1016C0006D732D3E6F75747075745F6D756C746994
:1016D000706C6965725F6578706F6E656E74203CC2
:1016E0003D203000574553545F544F504449522FCA
:1016F0006D6F64756C65732F6C69622F74666C69AD
:1017000074652D6D6963726F2F74656E736F726689
:101710006C6F772F6C6974652F6D6963726F2F6BB7
:1017200065726E656C732F6B65726E656C5F757438
:10173000696C2E6363006576616C5F74656E736FB0
:101740007220213D206E756C6C70747200636F6E38
:10175000746578742D3E416C6C6F6361746550657F
:101760007273697374656E74427566666572202162
:101770003D206E756C6C70747200574553545F5405
:101780004F504449522F6D6F64756C65732F6C69AF
:10179000622F74666C6974652D6D6963726F2F7446
:1017A000656E736F72666C6F772F6C6974652F6DE1
:1017B0006963726F2F6B65726E656C732F6C326E1E
:1017C0006F726D2E6363004E756D44696D656E7347
:1017D000696F6E7328696E70757429203C3D2034E2
:1017E000006F75747075742D3E74797065203D3D81
:1017F000206B54664C697465466C6F61743332209B
:101800007C7C206F75747075742D3E7479706520C2
:101810003D3D206B54664C69746555496E743820A3
:101820007C7C206F75747075742D3E7479706520A2
:101830003D3D206B54664C697465496E7438004FA9
:1018400075747075742074797065206973202573C0
:101850002C20726571756972657320666C6F617496
:101860002E00574553545F544F504449522F6D6FCB
:1018700064756C65732F6C69622F74666C6974652E
:101880002D6D6963726F2F74656E736F72666C6F06
:10189000772F6C6974652F6D6963726F2F6B65723A
:1018A0006E656C732F6C325F706F6F6C5F32642E7D
:1018B0006363006B54656E736F7253686170655239
:1018C000616E6B004E756D44696D656E73696F6E08
:1018D00073286F757470757429004C325F504F4FC8
:1018E0004C5F3244206F6E6C7920737570706F722C
:1018F000747320666C6F6174333220637572726525
:101900006E746C792C20676F742025732E005745F8
:1019100053545F544F504449522F6D6F64756C653A
:10192000732F6C69622F74666C6974652D6D6963C1
:10193000726F2F74656E736F72666C6F772F6C6940
:1019400074652F6D6963726F2F6B65726E656C7352
:101950002F6C65616B795F72656C752E6363004FE8
:101960006E6C7920666C6F617433322C20696E74F2
:10197000382061726520737570706F7274656420B1
:101980006279204C45414B595F52454C552C20679C
:101990006F742025732E00574553545F544F5044A5
:1019A00049522F6D6F64756C65732F6C69622F746B
:1019B000666C6974652D6D6963726F2F74656E73E3
:1019C0006F72666C6F772F6C6974652F6D696372C7
:1019D0006F2F6B65726E656C732F6C6F67697374B4
:1019E00069635F636F6D6D6F6E2E6363006F7574F7
:1019F0007075742D3E706172616D732E7A65726FB1
:101A00005F706F696E7400547970652025732028AB
:101A1000256429206973206E6F7420737570706F50
:101A200072746564206279204D6178696D756D2FDF
:101A30004D696E696D756D2E00574553545F544F57
:101A4000504449522F6D6F64756C65732F6C6962D9
:101A50002F74666C6974652D6D6963726F2F746580
:101A60006E736F72666C6F772F6C6974652F6D691A
:101A700063726F2F6B65726E656C732F6D756C2E54
:101A800063630054797065202725732720697320CC
:101A90006E6F7420737570706F72746564206279F4
:101AA000207061636B2E00574553545F544F504470
:101AB00049522F6D6F64756C65732F6C69622F745A
:101AC000666C6974652D6D6963726F2F74656E73D2
:101AD0006F72666C6F772F6C6974652F6D696372B6
:101AE0006F2F6B65726E656C732F7061642E63630C
:101AF000004E756D496E70757473286E6F6465293C
:101B0000203D3D2032207C7C204E756D496E7075E5
:101B10007473286E6F646529203D3D203300706129
:101B20006464696E677320213D206E756C6C7074FF
:101B300072004E756D44696D656E73696F6E7328C2
:101B4000696E70757429203C3D207265666572650A
:101B50006E63655F6F70733A3A5061644B65726E85
:101B6000656C4D617844696D656E73696F6E436F26
:101B7000756E74282900636F6E7374616E745F767E
:101B8000616C7565732D3E74797065004E756D4599
:101B90006C656D656E747328636F6E7374616E74BB
:101BA0005F76616C75657329006F75747075742D3F
:101BB0003E64696D732D3E73697A65202A20320078
:101BC00047657454656E736F7253686170652870F1
:101BD000616464696E6773292E466C617453697A17
:101BE000652829004973436F6E7374616E74546580
:101BF0006E736F722870616464696E677329006523
:101C0000787065637465645F64696D006F75747086
:101C100075745F64696D006F75747075742D3E70B6
:101C20006172616D732E7A65726F5F706F696E7429
:101C3000203E3D207374643A3A6E756D6572696337
:101C40005F6C696D6974733C75696E74385F743E5E
:101C50003A3A6D696E2829006F75747075742D3E5F
:101C6000706172616D732E7A65726F5F706F696EED
:101C700074203C3D207374643A3A6E756D657269E8
:101C8000635F6C696D6974733C75696E74385F74F9
:101C90003E3A3A6D61782829006F75747075742D1D
:101CA0003E706172616D732E7A65726F5F706F69DD
:101CB0006E74203E3D207374643A3A6E756D6572A1
:101CC00069635F6C696D6974733C696E74385F74C5
:101CD0003E3A3A6D696E2829006F75747075742DDF
:101CE0003E706172616D732E7A65726F5F706F699D
:101CF0006E74203C3D207374643A3A6E756D657263
:101D000069635F6C696D6974733C696E74385F7484
:101D10003E3A3A6D6178282900636F6E7374616E84
:101D2000745F76616C7565732D3E706172616D7361
:101D30002E7A65726F5F706F696E74007374617470
:101D400069635F636173743C646F75626C653E28A0
:101D5000636F6E7374616E745F76616C7565732DFD
:101D60003E706172616D732E7363616C65290073DF
:101D700074617469635F636173743C646F75626CF2
:101D8000653E286F75747075742D3E706172616D5B
:101D9000732E7363616C6529005479706520257317
:101DA000206E6F742063757272656E746C79207327
:101DB0007570706F72746564206279205061642E52
:101DC00000496E70757420747970652025732069E0
:101DD00073206E6F742063757272656E746C7920F7
:101DE000737570706F727465640054797065202526
:101DF00073206E6F742063757272656E746C7920D7
:101E0000737570706F727465642E00574553545F1C
:101E1000544F504449522F6D6F64756C65732F6C2D
:101E200069622F74666C6974652D6D6963726F2FBA
:101E300074656E736F72666C6F772F6C6974652F43
:101E40006D6963726F2F6B65726E656C732F706F47
:101E50006F6C696E675F636F6D6D6F6E2E6363008D
:101E6000574553545F544F504449522F6D6F64751A
:101E70006C65732F6C69622F74666C6974652D6D67
:101E80006963726F2F74656E736F72666C6F772FF4
:101E90006C6974652F6D6963726F2F6B65726E6507
:101EA0006C732F7072656C752E636300616C706863
:101EB0006120213D206E756C6C707472004F6E6CE9
:101EC0007920666C6F6174333220616E64207569AD
:101ED0006E74385F742061726520737570706F72F4
:101EE0007465642063757272656E746C792C2067FA
:101EF0006F742025642E00574553545F544F50444F
:101F000049522F6D6F64756C65732F6C69622F7405
:101F1000666C6974652D6D6963726F2F74656E737D
:101F20006F72666C6F772F6C6974652F6D69637261
:101F30006F2F6B65726E656C732F7175616E74694E
:101F40007A655F636F6D6D6F6E2E6363006F75747E
:101F50007075742D3E7175616E74697A6174696F04
:101F60006E2E7479706500616666696E655F717565
:101F7000616E74697A6174696F6E2D3E7363616C12
:101F8000652D3E73697A65203D3D203100696E7094
:101F900075742D3E74797065203D3D206B54664C00
:101FA000697465466C6F61743332207C7C20696E85
:101FB0007075742D3E74797065203D3D206B5466BC
:101FC0004C697465496E743136207C7C20696E7072
:101FD00075742D3E74797065203D3D206B54664CC0
:101FE000697465496E7438006F75747075742D3E30
:101FF00074797065203D3D206B54664C6974654969
:102000006E7438207C7C206F75747075742D3E74EE
:10201000797065203D3D206B54664C697465496E4E
:10202000743136207C7C206F75747075742D3E740D
:10203000797065203D3D206B54664C697465496E2E
:1020400074333200574553545F544F504449522F14
:102050006D6F64756C65732F6C69622F74666C6943
:1020600074652D6D6963726F2F74656E736F726620
:102070006C6F772F6C6974652F6D6963726F2F6B4E
:1020800065726E656C732F7265647563652E63632C
:10209000006E6F64652D3E696E707574732D3E73AE
:1020A000697A65006178697320213D206E756C6CDA
:1020B000707472007265666572656E63655F6F70DD
:1020C000733A3A52656475636547656E6572696314
:1020D0003C666C6F61743E282074666C6974653A66
:1020E0003A6D6963726F3A3A47657454656E736FFF
:1020F00072446174613C666C6F61743E28696E70F5
:102100007574292C20696E7075742D3E64696D7329
:102110002D3E646174612C20696E7075742D3E646F
:10212000696D732D3E73697A652C2074666C6974D1
:10213000653A3A6D6963726F3A3A47657454656EF1
:10214000736F72446174613C666C6F61743E286F9A
:102150007574707574292C206F75747075742D3EAC
:1021600064696D732D3E646174612C206F757470A9
:1021700075742D3E64696D732D3E73697A652C20EC
:1021800074666C6974653A3A6D6963726F3A3A477E
:10219000657454656E736F72446174613C696E74EA
:1021A0003E2861786973292C206E756D5F617869AE
:1021B000732C20706172616D732D3E6B6565705F6D
:1021C00064696D732C2074656D705F6275666665F9
:1021D000722C207265736F6C7665645F61786973C9
:1021E0002C207374643A3A6E756D657269635F6C26
:1021F000696D6974733C666C6F61743E3A3A6C6FDA
:102200007765737428292C205B5D28636F6E737467
:1022100020666C6F61742063757272656E742C2019
:10222000636F6E737420666C6F617420696E292011
:102230002D3E20666C6F6174207B20726574757210
:102240006E2028696E203E2063757272656E742957
:10225000203F20696E203A2063757272656E743B70
:10226000207D29007374617469635F636173743CDA
:10227000646F75626C653E286F705F646174612D78
:102280003E6F75747075745F7363616C652900735C
:1022900074617469635F636173743C646F75626CCD
:1022A000653E286F705F646174612D3E696E707564
:1022B000745F7363616C6529006F705F6461746142
:1022C0002D3E6F75747075745F7A70006F705F6407
:1022D0006174612D3E696E7075745F7A700072650D
:1022E000666572656E63655F6F70733A3A526564D6
:1022F00075636547656E657269633C696E74385FC6
:10230000743E282074666C6974653A3A6D6963722C
:102310006F3A3A47657454656E736F7244617461C5
:102320003C696E74385F743E28696E707574292C30
:1023300020696E7075742D3E64696D732D3E646105
:1023400074612C20696E7075742D3E64696D732DF7
:102350003E73697A652C2074666C6974653A3A6DCF
:102360006963726F3A3A47657454656E736F72446D
:102370006174613C696E74385F743E286F75747067
:102380007574292C206F75747075742D3E64696D99
:10239000732D3E646174612C206F75747075742D9B
:1023A0003E64696D732D3E73697A652C2074666C8A
:1023B0006974653A3A6D6963726F3A3A4765745465
:1023C000656E736F72446174613C696E743E28611E
:1023D000786973292C206E756D5F617869732C2084
:1023E000706172616D732D3E6B6565705F64696DC0
:1023F000732C2074656D705F6275666665722C2043
:102400007265736F6C7665645F617869732C207395
:1024100074643A3A6E756D657269635F6C696D6973
:1024200074733C696E74385F743E3A3A6C6F7765CA
:10243000737428292C205B5D28636F6E7374206988
:102440006E74385F742063757272656E742C2063CD
:102450006F6E737420696E74385F7420696E292002
:102460002D3E20696E74385F74207B207265747510
:10247000726E2028696E203E2063757272656E74DC
:1024800029203F20696E203A2063757272656E7450
:102490003B207D29004F6E6C7920666C6F61743330
:1024A0003220616E6420696E7438207479706573AF
:1024B0002061726520737570706F727465642E0A86
:1024C000007265666572656E63655F6F70733A3A38
:1024D0004D65616E282074666C6974653A3A6D6961
:1024E00063726F3A3A47657454656E736F724461F4
:1024F00074613C666C6F61743E28696E70757429F6
:102500002C20696E7075742D3E64696D732D3E6468
:102510006174612C20696E7075742D3E64696D73F1
:102520002D3E73697A652C2074666C6974653A3A3D
:102530006D6963726F3A3A47657454656E736F7272
:10254000446174613C666C6F61743E286F75747091
:102550007574292C206F75747075742D3E64696DC7
:10256000732D3E646174612C206F75747075742DC9
:102570003E64696D732D3E73697A652C2074666CB8
:102580006974653A3A6D6963726F3A3A4765745493
:10259000656E736F72446174613C696E743E28614C
:1025A000786973292C206E756D5F617869732C20B2
:1025B000706172616D732D3E6B6565705F64696DEE
:1025C000732C2074656D705F696E6465782C207261
:1025D00065736F6C7665645F617869732C207466CF
:1025E0006C6974653A3A6D6963726F3A3A4765741B
:1025F00054656E736F72446174613C666C6F617494
:102600003E286F757470757429290072656665724D
:10261000656E63655F6F70733A3A4D65616E282031
:1026200074666C6974653A3A6D6963726F3A3A47D9
:10263000657454656E736F72446174613C696E7445
:10264000385F743E28696E707574292C20696E702D
:1026500075742D3E64696D732D3E646174612C2028
:10266000696E7075742D3E64696D732D3E73697A61
:10267000652C2074666C6974653A3A6D6963726F93
:102680003A3A47657454656E736F72446174613C85
:10269000696E74385F743E286F7574707574292C78
:1026A000206F75747075742D3E64696D732D3E6472
:1026B0006174612C206F75747075742D3E64696D42
:1026C000732D3E73697A652C2074666C6974653A63
:1026D0003A6D6963726F3A3A47657454656E736F09
:1026E00072446174613C696E743E28617869732933
:1026F0002C206E756D5F617869732C20706172613A
:102700006D732D3E6B6565705F64696D732C20740D
:10271000656D705F696E6465782C207265736F6C8F
:102720007665645F617869732C2074656D705F6293
:10273000756666657229007265666572656E6365A9
:102740005F6F70733A3A5175616E74697A65644D62
:1027500065616E4F7253756D282074666C6974657F
:102760003A3A6D6963726F3A3A47657454656E73AD
:102770006F72446174613C696E74385F743E28699D
:102780006E707574292C206F705F646174612D3ECA
:10279000696E7075745F7A702C206F705F646174FD
:1027A000612D3E696E7075745F7363616C652C207A
:1027B000696E7075742D3E64696D732D3E6461742D
:1027C000612C20696E7075742D3E64696D732D3EA9
:1027D00073697A652C2074666C6974653A3A6D6920
:1027E00063726F3A3A47657454656E736F724461F1
:1027F00074613C696E74385F743E286F75747075CF
:1028000074292C206F705F646174612D3E6F757444
:102810007075745F7A702C206F705F646174612DC5
:102820003E6F75747075745F7363616C652C206F97
:1028300075747075742D3E64696D732D3E6461749A
:10284000612C206F75747075742D3E64696D732DE5
:102850003E73697A652C2074666C6974653A3A6DCA
:102860006963726F3A3A47657454656E736F724468
:102870006174613C696E743E2861786973292C200B
:102880006E756D5F617869732C20706172616D7314
:102890002D3E6B6565705F64696D732C2074656D8A
:1028A000705F696E6465782C207265736F6C7665F5
:1028B000645F617869732C2074656D705F62756602
:1028C0006665722C2066616C7365290072656665A9
:1028D00072656E63655F6F70733A3A4D65616E281D
:1028E00074666C6974653A3A6D6963726F3A3A4717
:1028F000657454656E736F72446174613C696E7483
:1029000031365F743E28696E707574292C20696EAB
:102910007075742D3E64696D732D3E646174612C15
:1029200020696E7075742D3E64696D732D3E7369F8
:102930007A652C2074666C6974653A3A6D696372C5
:102940006F3A3A47657454656E736F72446174618F
:102950003C696E7431365F743E286F75747075749F
:10296000292C206F75747075742D3E64696D732DFC
:102970003E646174612C206F75747075742D3E64B3
:10298000696D732D3E73697A652C2074666C697469
:10299000653A3A6D6963726F3A3A47657454656E89
:1029A000736F72446174613C696E743E286178692A
:1029B00073292C206E756D5F617869732C207061AE
:1029C00072616D732D3E6B6565705F64696D732C0C
:1029D0002074656D705F696E6465782C2072657314
:1029E0006F6C7665645F617869732C2074656D70B7
:1029F0005F62756666657229007265666572656EEE
:102A000063655F6F70733A3A5175616E74697A6588
:102A1000644D65616E4F7253756D282074666C69E4
:102A200074653A3A6D6963726F3A3A4765745465F2
:102A30006E736F72446174613C696E7431365F7499
:102A40003E28696E707574292C206F705F64617404
:102A5000612D3E696E7075745F7A702C206F705FA7
:102A6000646174612D3E696E7075745F7363616C2F
:102A7000652C20696E7075742D3E64696D732D3EF2
:102A8000646174612C20696E7075742D3E64696D8B
:102A9000732D3E73697A652C2074666C6974653A8F
:102AA0003A6D6963726F3A3A47657454656E736F35
:102AB00072446174613C696E7431365F743E286F94
:102AC0007574707574292C206F705F646174612D4A
:102AD0003E6F75747075745F7A702C206F705F64D0
:102AE0006174612D3E6F75747075745F7363616C92
:102AF000652C206F75747075742D3E64696D732D2F
:102B00003E646174612C206F75747075742D3E6421
:102B1000696D732D3E73697A652C2074666C6974D7
:102B2000653A3A6D6963726F3A3A47657454656EF7
:102B3000736F72446174613C696E743E2861786998
:102B400073292C206E756D5F617869732C2070611C
:102B500072616D732D3E6B6565705F64696D732C7A
:102B60002074656D705F696E6465782C2072657382
:102B70006F6C7665645F617869732C2074656D7025
:102B80005F6275666665722C2066616C73652900EC
:102B90007265666572656E63655F6F70733A3A4D14
:102BA00065616E2874666C6974653A3A6D69637222
:102BB0006F3A3A47657454656E736F72446174611D
:102BC0003C75696E74385F743E28696E707574293F
:102BD0002C20696E7075742D3E64696D732D3E6492
:102BE0006174612C20696E7075742D3E64696D731B
:102BF0002D3E73697A652C2074666C6974653A3A67
:102C00006D6963726F3A3A47657454656E736F729B
:102C1000446174613C75696E74385F743E286F75E9
:102C200074707574292C206F75747075742D3E64E2
:102C3000696D732D3E646174612C206F75747075BD
:102C4000742D3E64696D732D3E73697A652C207412
:102C5000666C6974653A3A6D6963726F3A3A4765B2
:102C60007454656E736F72446174613C696E743E36
:102C70002861786973292C206E756D5F617869739E
:102C80002C20706172616D732D3E6B6565705F64A1
:102C9000696D732C2074656D705F696E6465782C46
:102CA000207265736F6C7665645F617869732C2040
:102CB00074656D705F62756666657229007265661F
:102CC0006572656E63655F6F70733A3A5175616ED8
:102CD00074697A65644D65616E4F7253756D282015
:102CE00074666C6974653A3A6D6963726F3A3A4713
:102CF000657454656E736F72446174613C75696E7E
:102D000074385F743E28696E707574292C206F705A
:102D10005F646174612D3E696E7075745F7A702CAA
:102D2000206F705F646174612D3E696E7075745FB1
:102D30007363616C652C20696E7075742D3E6469D7
:102D40006D732D3E646174612C20696E7075742DF5
:102D50003E64696D732D3E73697A652C2074666CD0
:102D60006974653A3A6D6963726F3A3A47657454AB
:102D7000656E736F72446174613C75696E74385F1F
:102D8000743E286F7574707574292C206F705F64A1
:102D90006174612D3E6F75747075745F7A702C204C
:102DA0006F705F646174612D3E6F75747075745FD0
:102DB0007363616C652C206F75747075742D3E643F
:102DC000696D732D3E646174612C206F757470752C
:102DD000742D3E64696D732D3E73697A652C207481
:102DE000666C6974653A3A6D6963726F3A3A476521
:102DF0007454656E736F72446174613C696E743EA5
:102E00002861786973292C206E756D5F617869730C
:102E10002C20706172616D732D3E6B6565705F640F
:102E2000696D732C2074656D705F696E6465782CB4
:102E3000207265736F6C7665645F617869732C20AE
:102E400074656D705F6275666665722C2066616C74
:102E500073652900574553545F544F504449522FCE
:102E60006D6F64756C65732F6C69622F74666C6925
:102E700074652D6D6963726F2F74656E736F726602
:102E80006C6F772F6C6974652F6D6963726F2F6B30
:102E900065726E656C732F7265647563652E63630E
:102EA0002043757272656E746C792C206F6E6C792C
:102EB00020666C6F617433322C20696E7438206F19
:102EC000722075696E743820696E7075742074791B
:102ED000706520697320737570706F727465642EED
:102EE00000574553545F544F504449522F6D6F64FF
:102EF000756C65732F6C69622F74666C6974652DCF
:102F00006D6963726F2F74656E736F72666C6F7725
:102F10002F6C6974652F6D6963726F2F6B65726EAC
:102F2000656C732F726573686170652E6363002D25
:102F30003100737472657463685F64696D006E75E7
:102F40006D5F6F75747075745F656C656D656E74BB
:102F500073006E756D5F696E7075745F656C656D1D
:102F6000656E7473004E756D496E70757473286E5E
:102F70006F646529203D3D2031207C7C204E756D9D
:102F8000496E70757473286E6F646529203D3D200D
:102F900032006B54664C6974654F6B005265736800
:102FA0006170654F757470757428636F6E746578A1
:102FB000742C206E6F64652900574553545F544F3D
:102FC000504449522F6D6F64756C65732F6C696244
:102FD0002F74666C6974652D6D6963726F2F7465EB
:102FE0006E736F72666C6F772F6C6974652F6D6985
:102FF00063726F2F6B65726E656C732F7265736988
:103000007A655F62696C696E6561722E6363004EFA
:10301000756D44696D656E73696F6E732873697A37
:1030200065290073697A652D3E747970650057458E
:1030300053545F544F504449522F6D6F64756C6503
:10304000732F6C69622F74666C6974652D6D69638A
:10305000726F2F74656E736F72666C6F772F6C6909
:1030600074652F6D6963726F2F6B65726E656C731B
:103070002F726573697A655F62696C696E656172EA
:103080002E6363204E6F6E20636F6E7374616E7477
:103090002073697A652074656E736F72206E6F7429
:1030A00020737570706F7274656400496620686182
:1030B0006C665F706978656C5F63656E746572736A
:1030C00020697320547275652C20616C69676E5F8E
:1030D000636F726E657273206D7573742062652004
:1030E00046616C73652E004F757470757420747929
:1030F00070652069732025642C2072657175697272
:10310000657320666C6F6174206F7220696E74380D
:103110002E00574553545F544F504449522F6D6F02
:1031200064756C65732F6C69622F74666C69746565
:103130002D6D6963726F2F74656E736F72666C6F3D
:10314000772F6C6974652F6D6963726F2F6B657271
:103150006E656C732F726573697A655F6E656172F7
:103160006573745F6E65696768626F722E63630072
:1031700073697A652D3E64696D732D3E6461746177
:103180005B305D0044796E616D69632074656E73B8
:103190006F72732061726520756E737570706F72D7
:1031A00074656420696E2074666D6963726F2E00A9
:1031B0004F7574707574207479706520697320255B
:1031C000642C20726571756972657320666C6F611D
:1031D000742C2075696E74385F74206F7220696E6C
:1031E00074385F742E00574553545F544F50444910
:1031F000522F6D6F64756C65732F6C69622F7466E6
:103200006C6974652D6D6963726F2F74656E736F71
:1032100072666C6F772F6C6974652F6D6963726F5E
:103220002F6B65726E656C732F726F756E642E6393
:103230006300574553545F544F504449522F6D6FAC
:1032400064756C65732F6C69622F74666C69746544
:103250002D6D6963726F2F74656E736F72666C6F1C
:10326000772F6C6974652F6D6963726F2F6B657250
:103270006E656C732F73686170652E6363004F75A4
:103280007470757420747970652025732028256406
:1032900029206E6F7420737570706F727465642E60
:1032A00000574553545F544F504449522F6D6F643B
:1032B000756C65732F6C69622F74666C6974652D0B
:1032C0006D6963726F2F74656E736F72666C6F7762
:1032D0002F6C6974652F6D6963726F2F6B65726EE9
:1032E000656C732F736F66746D61785F636F6D6D5E
:1032F0006F6E2E6363006E6F64652D3E757365722D
:103300005F6461746120213D206E756C6C70747215
:10331000007261775F6578705F6C757420213D2065
:103320006E756C6C707472006F6E655F6F7665722F
:103330005F6F6E655F706C75735F785F6C7574201E
:10334000213D206E756C6C7074720025733A256493
:10335000202573206E6F74206E65617220257320A6
:1033600028256620213D2025662900312E66202F44
:10337000203332373638006F75747075742D3E7097
:103380006172616D732E7363616C65002D3332372A
:10339000363800312E66202F203635353336002D55
:1033A000313238006F75747075742D3E70617261C2
:1033B0006D732E7363616C65203D3D20312E662058
:1033C0002F2032353600574553545F544F504449EF
:1033D000522F6D6F64756C65732F6C69622F746604
:1033E0006C6974652D6D6963726F2F74656E736F90
:1033F00072666C6F772F6C6974652F6D6963726F7D
:103400002F6B65726E656C732F73706163655F748B
:103410006F5F62617463685F6E642E63630057451B
:1034200053545F544F504449522F6D6F64756C650F
:10343000732F6C69622F74666C6974652D6D696396
:10344000726F2F74656E736F72666C6F772F6C6915
:1034500074652F6D6963726F2F6B65726E656C7327
:103460002F73706163655F746F5F64657074682E3D
:103470006363006F75747075745F686569676874FD
:10348000202A20626C6F636B5F73697A6500696ED6
:103490007075745F686569676874006F75747075BE
:1034A000745F7769647468202A20626C6F636B5F55
:1034B00073697A6500696E7075745F7769647468A2
:1034C0000053504143455F544F5F4445505448209A
:1034D0006F6E6C7920737570706F72747320464CC8
:1034E0004F4154333220616E6420494E54382C20B1
:1034F000676F742025732E00574553545F544F5007
:103500004449522F6D6F64756C65732F6C69622F1F
:1035100074666C6974652D6D6963726F2F74656E66
:10352000736F72666C6F772F6C6974652F6D69634A
:10353000726F2F6B65726E656C732F73706C69742C
:103540002E636300574553545F544F504449522FE4
:103550006D6F64756C65732F6C69622F74666C692E
:1035600074652D6D6963726F2F74656E736F72660B
:103570006C6F772F6C6974652F6D6963726F2F6B39
:1035800065726E656C732F73706C69742E63632043
:103590004E6F6E20636F6E7374616E742061786914
:1035A000732074656E736F72206E6F742073757004
:1035B000706F7274656400617869735F76616C75B1
:1035C00065203E3D203000617869735F76616C75DF
:1035D00065203C20696E7075742D3E64696D732D95
:1035E0003E73697A65005479706520257320637590
:1035F0007272656E746C79206E6F74207375707062
:103600006F727465642E00574553545F544F504495
:1036100049522F6D6F64756C65732F6C69622F74DE
:10362000666C6974652D6D6963726F2F74656E7356
:103630006F72666C6F772F6C6974652F6D6963723A
:103640006F2F6B65726E656C732F73706C69745F2E
:10365000762E636300574553545F544F504449528C
:103660002F6D6F64756C65732F6C69622F74666C57
:103670006974652D6D6963726F2F74656E736F72F7
:10368000666C6F772F6C6974652F6D6963726F2F2D
:103690006B65726E656C732F73706C69745F762ED8
:1036A0006363204E6F6E20636F6E7374616E74205F
:1036B000617869732074656E736F72206E6F742009
:1036C000737570706F7274656400574553545F541E
:1036D0004F504449522F6D6F64756C65732F6C6940
:1036E000622F74666C6974652D6D6963726F2F74D7
:1036F000656E736F72666C6F772F6C6974652F6D72
:103700006963726F2F6B65726E656C732F73717561
:1037100065657A652E636300696E7075745F6E759A
:103720006D5F64696D73203C3D206D61785F7371DE
:103730007565657A655F64696D730063757272653E
:103740006E74203E3D2030202626206375727265FF
:103750006E74203C20696E7075745F6E756D5F6469
:10376000696D7320262620696E7075745F64696DBB
:10377000732D3E646174615B63757272656E745D16
:10378000203D3D2031006F705F636F6E746578740B
:103790002E6F75747075742D3E6279746573006F49
:1037A000705F636F6E746578742E696E7075742DBA
:1037B0003E627974657300574553545F544F5044CB
:1037C00049522F6D6F64756C65732F6C69622F742D
:1037D000666C6974652D6D6963726F2F74656E73A5
:1037E0006F72666C6F772F6C6974652F6D69637289
:1037F0006F2F6B65726E656C732F7374726964657D
:10380000645F736C6963652E6363207374726964AB
:10381000652076616C75652068617320746F206225
:1038200065206E6F6E2D7A65726F00574553545F39
:10383000544F504449522F6D6F64756C65732F6CF3
:1038400069622F74666C6974652D6D6963726F2F80
:1038500074656E736F72666C6F772F6C6974652F09
:103860006D6963726F2F6B65726E656C732F737405
:1038700072696465645F736C6963652E6363006479
:10388000696D5F7368617065006F75747075745FE2
:1038900073686170652D3E646174615B736861700B
:1038A000655F73697A655D0073686170655F7369F0
:1038B0007A65006F75747075745F73686170652DDB
:1038C0003E73697A6500574553545F544F504449DD
:1038D000522F6D6F64756C65732F6C69622F7466FF
:1038E0006C6974652D6D6963726F2F74656E736F8B
:1038F00072666C6F772F6C6974652F6D6963726F78
:103900002F6B65726E656C732F7374726964656476
:103910005F736C6963652E636320696E70757420D4
:1039200064696D2073686F756C64206E6F742065B8
:103930007863656564203400574553545F544F5095
:103940004449522F6D6F64756C65732F6C69622FDB
:1039500074666C6974652D6D6963726F2F74656E22
:10396000736F72666C6F772F6C6974652F6D696306
:10397000726F2F6B65726E656C732F7375622E6339
:1039800063005175616E74697A656420747970653D
:10399000202573206E6F742063757272656E746C6F
:1039A0007920737570706F727465642E005745537B
:1039B000545F544F504449522F6D6F64756C65735A
:1039C0002F6C69622F74666C6974652D6D69637202
:1039D0006F2F74656E736F72666C6F772F6C69747E
:1039E000652F6D6963726F2F6B65726E656C732FD7
:1039F000737664665F636F6D6D6F6E2E63630077C1
:103A00006569676874735F666561747572652021A6
:103A10003D206E756C6C70747200776569676874B0
:103A2000735F74696D6520213D206E756C6C7074D8
:103A3000720061637469766174696F6E5F7374613B
:103A4000746520213D206E756C6C707472006E750B
:103A50006D5F66696C7465727320252072616E6B90
:103A60000062617463685F73697A65006F75747072
:103A700075742D3E64696D732D3E646174615B30B5
:103A80005D006E756D5F756E697473006F7574702F
:103A900075742D3E64696D732D3E646174615B3194
:103AA0005D004E756D44696D656E73696F6E732848
:103AB000776569676874735F666561747572652997
:103AC00000696E7075745F73697A65007765696700
:103AD0006874735F666561747572652D3E64696DA7
:103AE000732D3E646174615B315D004E756D446998
:103AF0006D656E73696F6E73287765696768747337
:103B00005F74696D652900776569676874735F74B0
:103B1000696D652D3E64696D732D3E646174615BF2
:103B2000305D006D656D6F72795F73697A650077DE
:103B30006569676874735F74696D652D3E64696D4E
:103B4000732D3E646174615B315D00626961732D48
:103B50003E64696D732D3E646174615B305D004E3F
:103B6000756D44696D656E73696F6E7328616374FA
:103B700069766174696F6E5F737461746529006141
:103B8000637469766174696F6E5F73746174652DB7
:103B90003E64696D732D3E646174615B305D006DE0
:103BA000656D6F72795F73697A65202A206E756D15
:103BB0005F66696C746572730061637469766174C1
:103BC000696F6E5F73746174652D3E64696D732DEA
:103BD0003E646174615B315D0074727565006163A0
:103BE0007469766174696F6E5F73746174652D3E7C
:103BF00069735F7661726961626C65007765696798
:103C00006874735F666561747572652D3E74797052
:103C10006500776569676874735F74696D652D3ECB
:103C2000747970650061637469766174696F6E5F41
:103C300073746174652D3E74797065006269617397
:103C40002D3E74797065007374643A3A616273282A
:103C50007374617469635F636173743C646F7562EC
:103C60006C653E28626961732D3E706172616D738F
:103C70002E7363616C6529202D20737461746963F0
:103C80005F636173743C646F75626C653E28616349
:103C90007469766174696F6E5F73746174652D3ECB
:103CA000706172616D732E7363616C65202A207779
:103CB0006569676874735F74696D652D3E706172C4
:103CC000616D732E7363616C652929203C20316519
:103CD0002D3500574553545F544F504449522F6D72
:103CE0006F64756C65732F6C69622F74666C697490
:103CF000652D6D6963726F2F74656E736F72666C7C
:103D00006F772F6C6974652F6D6963726F2F6B65A8
:103D1000726E656C732F74616E682E636300574515
:103D200053545F544F504449522F6D6F64756C6506
:103D3000732F6C69622F74666C6974652D6D69638D
:103D4000726F2F74656E736F72666C6F772F6C690C
:103D500074652F6D6963726F2F6B65726E656C731E
:103D60002F7472616E73706F73652E6363005745B5
:103D700053545F544F504449522F6D6F64756C65B6
:103D8000732F6C69622F74666C6974652D6D69633D
:103D9000726F2F74656E736F72666C6F772F6C69BC
:103DA00074652F6D6963726F2F6B65726E656C73CE
:103DB0002F7472616E73706F73652E63632054721B
:103DC000616E73706F7365206F70206F6E6C7920F9
:103DD000737570706F7274732031442D354420698F
:103DE0006E707574206172726179732E006F705FEE
:103DF000636F6E746578742E6F75747075742D3E74
:103E000074797065006F705F636F6E746578742E7F
:103E1000696E7075742D3E74797065004E756D44D1
:103E2000696D656E73696F6E73286F705F636F6E17
:103E3000746578742E7065726D29006F705F636FA2
:103E40006E746578742E7065726D2D3E64696D7345
:103E50002D3E646174615B305D00574553545F547F
:103E60004F504449522F6D6F64756C65732F6C69A8
:103E7000622F74666C6974652D6D6963726F2F743F
:103E8000656E736F72666C6F772F6C6974652F6DDA
:103E90006963726F2F6B65726E656C732F747261DC
:103EA0006E73706F73652E6363205472616E7370EE
:103EB0006F7365206F70207065726D7574617469C1
:103EC0006F6E73206172726179206973206F7574EF
:103ED000206F6620626F756E64732E005479706572
:103EE0002025732069732063757272656E746C7916
:103EF000206E6F7420737570706F727465642062C9
:103F000079205472616E73706F73652E204F6E6CE2
:103F10007920666C6F6174333220616E6420696E43
:103F2000743820697320737570706F7274656400E3
:103F3000574553545F544F504449522F6D6F647529
:103F40006C65732F6C69622F74666C6974652D6D76
:103F50006963726F2F74656E736F72666C6F772F03
:103F60006C6974652F6D6963726F2F6B65726E6516
:103F70006C732F7472616E73706F73655F636F6EB5
:103F8000762E636300616666696E655F7175616E4A
:103F900074697A6174696F6E2D3E7A65726F5F70B5
:103FA0006F696E74006861735F62696173207C7C05
:103FB000206E6F64652D3E696E707574732D3E734F
:103FC000697A65203D3D203300574553545F544F77
:103FD000504449522F6D6F64756C65732F6C696224
:103FE0002F74666C6974652D6D6963726F2F7465CB
:103FF0006E736F72666C6F772F6C6974652F6D6965
:1040000063726F2F6B65726E656C732F7472616E65
:1040100073706F73655F636F6E762E63632048798C
:1040200062726964206D6F64656C732061726520D3
:104030006E6F7420737570706F72746564206F6E2C
:104040002054464C697465204D6963726F2E00548C
:104050007970652027257327206973206E6F74207F
:10406000737570706F7274656420627920756E70FC
:1040700061636B2E006D61696E007A65706879729C
:104080002D76332E312E302D3538332D673833656C
:10409000346635646435383636002A2A2A20426F61
:1040A0006F74696E67205A6570687972204F53206B
:1040B0006275696C64202573202573202A2A2A0AD8
:1040C00000737973776F726B7100002020202020BD
:1040D00020202020282828282820202020202020B8
:1040E00020202020202020202020208810101010A8
:1040F00010101010101010101010100404040404FC
:104100000404040404101010101010104141414127
:10411000414101010101010101010101010101010F
:104120000101010101011010101010104242424221
:1041300042420202020202020202020202020202DF
:104140000202020202021010101020000000000003
:10415000000000000000000000000000000000005F
:10416000000000000000000000000000000000004F
:10417000000000000000000000000000000000003F
:10418000000000000000000000000000000000002F
:10419000000000000000000000000000000000001F
:1041A000000000000000000000000000000000000F
:1041B00000000000000000000000000000000000FF
:1041C0000000000000000000000000232D302B2024
:1041D00000686C4C006566674546470030313233F5
:1041E0003435363738396162636465660052454557
:1041F0004E54206D616C6C6F6320737563636565ED
:10420000646564002F5F5F772F5F74656D702F7733
:104210006F726B73706163652F6275696C642F2EAA
:104220006275696C642F61726D2D7A657068797240
:104230002D656162692F7372632F6E65776C696299
:104240002D6E616E6F2F6E65776C69622F6C69627F
:10425000632F7374646C69622F72616E642E6300E5
:10426000E0D802003104020000000000000000005D
:10427000000000000000000000000000000000003E
:10428000000000000000000000000000000000002E
:10429000000000000000000000000000000000001E
:1042A000000000000000000000000000000000000E
:1042B00000000000000000000000000000000000FE
:1042C00000000000000000000000000000000000EE
:1042D00000000000A8000020C800002000C201006B
:1042E00000000800000000000000000000000000C6
:1042F0004543000080000000454100000000000030
:10430000454100008000000080F60220000000000F
:10431000000000000000000000000000000000009D
:10432000000000000004000080FA022000000000ED
:10433000000000000000000000000000000000007D
:104340000000000000040000FFFFFFFFF30D02006B
:10435000ED0D02000000000000000000CDD00220A2
:10436000200000000000000000000000000000002D
:10437000EFD002202000000000000000000000003C
:1043800000C2010000010300F40000200000000052
:10439000CBD00220CCD002200000000000000000A2
:1043A00000C201000001030008010020000000001D
:1043B000EDD00220EED00220000000000090D003DB
:1043C00000000000000000000000000000000000ED
:1043D00000000000000000000000000000000000DD
:1043E00000000000000000000000000000000000CD
:1043F00000000000000000000000000000000000BD
:1044000000000000000000000000000000000000AC
:10441000000000000000000000000000000000009C
:10442000000000000000000000000000000000008C
:10443000FF0000000000000000000000FFFF0F0070
:10444000FAE302007D2901007F500200291A0100D1
:10445000212001000000000000000000000000001A
:1044600000000000040200200402002010020020CE
:10447000000000000CE102002CE10200ECE0020070
:10448000000000000000000000000000000000002C
:10449000000000000000000000000000000000001C
:1044A000000000000000000000000000000000000C
:1044B00000000000000000000000000000000000FC
:1044C00000000000000000000000000000000000EC
:0144D000FFEC
:0344D100FFFFFFEB
:1044D40000000000000000000000000000000000D8
:0844E4000000000000000000D0
:1044EC008C0200208C020020000000002000000044
:1044FC001400000000F40220000000000000000086
:10450C00AC020020AC020020000000000000000003
:10451C000E000000C0020020C002002000000000BD
:10452C00000000000E000000D4020020D402002085
:10453C0000000000000000000E000000E802002057
:10454C00E802002000000000000000000E00000047
:10455C000000000000000000000000000803002024
:04456C000803002020
:104570001201000200000040E32F000101030102CC
:10458000030109020000000100E032080B000202F2
:1045900002000009040000010202000005240010CE
:1045A000010524010201042402020524060001077A
:1045B00005800310000A09040100020A0000000738
:1045C00005800240000007050002400000040309C6
:1045D000040E035A455048595200000000000024C0
:1045E000035A657068797220555342206169727769
:1045F00061790000000000000000000000000000E1
:104600000000002203303132333435363738394137
:104610004243444546000000000000000000000046
:074620000000000000000093
:01462700FF93
:1046280000000000330300202B0C0200A14500000D
:104638000945000000000000000000000300000021
:0446480090000020BE
:0400000300004E515A
:00000001FF
