#include "model.hpp" 
alignas(8) const unsigned char g_model[] = {
  0x20, 0x00, 0x00, 0x00, 0x54, 0x46, 0x4c, 0x33, 0x00, 0x00, 0x00, 0x00,
  0x14, 0x00, 0x20, 0x00, 0x1c, 0x00, 0x18, 0x00, 0x14, 0x00, 0x10, 0x00,
  0x0c, 0x00, 0x00, 0x00, 0x08, 0x00, 0x04, 0x00, 0x14, 0x00, 0x00, 0x00,
  0x1c, 0x00, 0x00, 0x00, 0x80, 0x00, 0x00, 0x00, 0xd0, 0x00, 0x00, 0x00,
  0x68, 0x52, 0x00, 0x00, 0x78, 0x52, 0x00, 0x00, 0x64, 0x7f, 0x00, 0x00,
  0x03, 0x00, 0x00, 0x00, 0x01, 0x00, 0x00, 0x00, 0x04, 0x00, 0x00, 0x00,
  0x02, 0xa7, 0xff, 0xff, 0x0c, 0x00, 0x00, 0x00, 0x1c, 0x00, 0x00, 0x00,
  0x38, 0x00, 0x00, 0x00, 0x0f, 0x00, 0x00, 0x00, 0x73, 0x65, 0x72, 0x76,
  0x69, 0x6e, 0x67, 0x5f, 0x64, 0x65, 0x66, 0x61, 0x75, 0x6c, 0x74, 0x00,
  0x01, 0x00, 0x00, 0x00, 0x04, 0x00, 0x00, 0x00, 0x98, 0xa8, 0xff, 0xff,
  0x39, 0x00, 0x00, 0x00, 0x04, 0x00, 0x00, 0x00, 0x07, 0x00, 0x00, 0x00,
  0x64, 0x65, 0x6e, 0x73, 0x65, 0x5f, 0x34, 0x00, 0x01, 0x00, 0x00, 0x00,
  0x04, 0x00, 0x00, 0x00, 0x96, 0xa7, 0xff, 0xff, 0x04, 0x00, 0x00, 0x00,
  0x07, 0x00, 0x00, 0x00, 0x69, 0x6e, 0x70, 0x75, 0x74, 0x5f, 0x32, 0x00,
  0x02, 0x00, 0x00, 0x00, 0x2c, 0x00, 0x00, 0x00, 0x04, 0x00, 0x00, 0x00,
  0xd8, 0xa8, 0xff, 0xff, 0x3c, 0x00, 0x00, 0x00, 0x04, 0x00, 0x00, 0x00,
  0x13, 0x00, 0x00, 0x00, 0x43, 0x4f, 0x4e, 0x56, 0x45, 0x52, 0x53, 0x49,
  0x4f, 0x4e, 0x5f, 0x4d, 0x45, 0x54, 0x41, 0x44, 0x41, 0x54, 0x41, 0x00,
  0xfc, 0xa8, 0xff, 0xff, 0x3b, 0x00, 0x00, 0x00, 0x04, 0x00, 0x00, 0x00,
  0x13, 0x00, 0x00, 0x00, 0x6d, 0x69, 0x6e, 0x5f, 0x72, 0x75, 0x6e, 0x74,
  0x69, 0x6d, 0x65, 0x5f, 0x76, 0x65, 0x72, 0x73, 0x69, 0x6f, 0x6e, 0x00,
  0x3d, 0x00, 0x00, 0x00, 0x94, 0x51, 0x00, 0x00, 0x8c, 0x51, 0x00, 0x00,
  0x70, 0x51, 0x00, 0x00, 0x54, 0x51, 0x00, 0x00, 0x38, 0x51, 0x00, 0x00,
  0x18, 0x51, 0x00, 0x00, 0x44, 0x50, 0x00, 0x00, 0x24, 0x50, 0x00, 0x00,
  0x00, 0x50, 0x00, 0x00, 0xec, 0x4f, 0x00, 0x00, 0xcc, 0x4f, 0x00, 0x00,
  0xb4, 0x4f, 0x00, 0x00, 0x34, 0x4f, 0x00, 0x00, 0x34, 0x36, 0x00, 0x00,
  0x34, 0x1d, 0x00, 0x00, 0xe8, 0x1c, 0x00, 0x00, 0xd4, 0x1c, 0x00, 0x00,
  0xec, 0x12, 0x00, 0x00, 0x88, 0x12, 0x00, 0x00, 0x80, 0x12, 0x00, 0x00,
  0x78, 0x12, 0x00, 0x00, 0xd0, 0x0d, 0x00, 0x00, 0xec, 0x0c, 0x00, 0x00,
  0x3c, 0x0a, 0x00, 0x00, 0x2c, 0x05, 0x00, 0x00, 0xdc, 0x03, 0x00, 0x00,
  0x8c, 0x02, 0x00, 0x00, 0x8c, 0x01, 0x00, 0x00, 0x84, 0x01, 0x00, 0x00,
  0x7c, 0x01, 0x00, 0x00, 0x74, 0x01, 0x00, 0x00, 0x6c, 0x01, 0x00, 0x00,
  0x64, 0x01, 0x00, 0x00, 0x5c, 0x01, 0x00, 0x00, 0x54, 0x01, 0x00, 0x00,
  0x4c, 0x01, 0x00, 0x00, 0x44, 0x01, 0x00, 0x00, 0x3c, 0x01, 0x00, 0x00,
  0x34, 0x01, 0x00, 0x00, 0x2c, 0x01, 0x00, 0x00, 0x24, 0x01, 0x00, 0x00,
  0x1c, 0x01, 0x00, 0x00, 0x14, 0x01, 0x00, 0x00, 0x0c, 0x01, 0x00, 0x00,
  0x04, 0x01, 0x00, 0x00, 0xfc, 0x00, 0x00, 0x00, 0xf4, 0x00, 0x00, 0x00,
  0xec, 0x00, 0x00, 0x00, 0xe4, 0x00, 0x00, 0x00, 0xdc, 0x00, 0x00, 0x00,
  0xd4, 0x00, 0x00, 0x00, 0xcc, 0x00, 0x00, 0x00, 0xc4, 0x00, 0x00, 0x00,
  0xbc, 0x00, 0x00, 0x00, 0xb4, 0x00, 0x00, 0x00, 0xac, 0x00, 0x00, 0x00,
  0xa4, 0x00, 0x00, 0x00, 0x9c, 0x00, 0x00, 0x00, 0x94, 0x00, 0x00, 0x00,
  0x74, 0x00, 0x00, 0x00, 0x04, 0x00, 0x00, 0x00, 0xf6, 0xa8, 0xff, 0xff,
  0x04, 0x00, 0x00, 0x00, 0x60, 0x00, 0x00, 0x00, 0x0c, 0x00, 0x00, 0x00,
  0x08, 0x00, 0x0e, 0x00, 0x08, 0x00, 0x04, 0x00, 0x08, 0x00, 0x00, 0x00,
  0x14, 0x00, 0x00, 0x00, 0x30, 0x00, 0x00, 0x00, 0x00, 0x00, 0x0a, 0x00,
  0x0c, 0x00, 0x08, 0x00, 0x00, 0x00, 0x07, 0x00, 0x0a, 0x00, 0x00, 0x00,
  0x00, 0x00, 0x00, 0x01, 0x04, 0x00, 0x00, 0x00, 0x01, 0x00, 0x00, 0x00,
  0xeb, 0x03, 0x00, 0x00, 0x00, 0x00, 0x0a, 0x00, 0x10, 0x00, 0x0c, 0x00,
  0x08, 0x00, 0x04, 0x00, 0x0a, 0x00, 0x00, 0x00, 0x02, 0x00, 0x00, 0x00,
  0x02, 0x00, 0x00, 0x00, 0x04, 0x00, 0x00, 0x00, 0x05, 0x00, 0x00, 0x00,
  0x32, 0x2e, 0x39, 0x2e, 0x33, 0x00, 0x00, 0x00, 0x62, 0xa9, 0xff, 0xff,
  0x04, 0x00, 0x00, 0x00, 0x10, 0x00, 0x00, 0x00, 0x32, 0x2e, 0x30, 0x2e,
  0x30, 0x00, 0x00, 0x00, 0x00, 0x00, 0x00, 0x00, 0x00, 0x00, 0x00, 0x00,
  0xbc, 0x83, 0xff, 0xff, 0xc0, 0x83, 0xff, 0xff, 0xc4, 0x83, 0xff, 0xff,
  0xc8, 0x83, 0xff, 0xff, 0xcc, 0x83, 0xff, 0xff, 0xd0, 0x83, 0xff, 0xff,
  0xd4, 0x83, 0xff, 0xff, 0xd8, 0x83, 0xff, 0xff, 0xdc, 0x83, 0xff, 0xff,
  0xe0, 0x83, 0xff, 0xff, 0xe4, 0x83, 0xff, 0xff, 0xe8, 0x83, 0xff, 0xff,
  0xec, 0x83, 0xff, 0xff, 0xf0, 0x83, 0xff, 0xff, 0xf4, 0x83, 0xff, 0xff,
  0xf8, 0x83, 0xff, 0xff, 0xfc, 0x83, 0xff, 0xff, 0x00, 0x84, 0xff, 0xff,
  0x04, 0x84, 0xff, 0xff, 0x08, 0x84, 0xff, 0xff, 0x0c, 0x84, 0xff, 0xff,
  0x10, 0x84, 0xff, 0xff, 0x14, 0x84, 0xff, 0xff, 0x18, 0x84, 0xff, 0xff,
  0x1c, 0x84, 0xff, 0xff, 0x20, 0x84, 0xff, 0xff, 0x24, 0x84, 0xff, 0xff,
  0x28, 0x84, 0xff, 0xff, 0x2c, 0x84, 0xff, 0xff, 0x30, 0x84, 0xff, 0xff,
  0x34, 0x84, 0xff, 0xff, 0xfa, 0xa9, 0xff, 0xff, 0x04, 0x00, 0x00, 0x00,
  0xf0, 0x00, 0x00, 0x00, 0x31, 0x95, 0xc1, 0xf2, 0x24, 0x6f, 0x34, 0x78,
  0xd6, 0xdc, 0x35, 0x5e, 0x22, 0x91, 0x7e, 0x56, 0x0a, 0x58, 0x69, 0x17,
  0x3f, 0x04, 0x1e, 0x52, 0x0b, 0x3b, 0xa5, 0x2e, 0x53, 0xe9, 0xa8, 0x24,
  0x23, 0xcf, 0xf5, 0x59, 0xa2, 0xf1, 0x8d, 0x2b, 0xe7, 0x95, 0xa6, 0x59,
  0x6f, 0x28, 0xdc, 0x7f, 0x13, 0x73, 0x4a, 0x28, 0x2f, 0x38, 0x9d, 0xb0,
  0xab, 0xab, 0xbf, 0x9a, 0xb1, 0x8c, 0xc6, 0x62, 0x9d, 0x13, 0x49, 0x06,
  0xd4, 0x4c, 0xc7, 0xc9, 0x97, 0x88, 0x09, 0x99, 0x89, 0xe9, 0xbb, 0x91,
  0x89, 0xfd, 0xcb, 0x86, 0x7b, 0xa9, 0xfe, 0x00, 0xa8, 0x8d, 0xd5, 0xaa,
  0xbd, 0x93, 0x60, 0x0e, 0xe3, 0x4a, 0xab, 0xb6, 0x9d, 0x9f, 0x18, 0x40,
  0x74, 0x16, 0xf8, 0x37, 0x73, 0x94, 0xd9, 0x13, 0xc7, 0x45, 0x8e, 0xc5,
  0xc0, 0x43, 0xb7, 0x52, 0xdc, 0x59, 0x1b, 0xbf, 0x5a, 0x57, 0xe6, 0x0b,
  0xe0, 0x15, 0xea, 0x26, 0x27, 0xcf, 0x13, 0x48, 0xe4, 0xcc, 0xa9, 0x36,
  0x4a, 0xe1, 0x4d, 0x64, 0xc9, 0xc4, 0x7f, 0xb3, 0xd0, 0x35, 0x1c, 0x1c,
  0x41, 0x87, 0xab, 0xb3, 0xb4, 0x19, 0x28, 0x50, 0x20, 0x69, 0x3b, 0x0a,
  0x1c, 0xb2, 0xd0, 0x69, 0x33, 0x71, 0x97, 0x50, 0x34, 0xa8, 0x04, 0xd6,
  0x07, 0xf1, 0x9f, 0x5c, 0x28, 0xc6, 0x62, 0x35, 0x37, 0xeb, 0xd0, 0x6f,
  0xab, 0xb9, 0x89, 0xbe, 0x5c, 0x41, 0x15, 0x8e, 0xd1, 0xc0, 0x77, 0x89,
  0x0d, 0x9e, 0xae, 0x6f, 0x21, 0xc5, 0x4d, 0xa6, 0x2f, 0xb8, 0x6d, 0x5d,
  0xc6, 0xbe, 0xcc, 0x99, 0x7c, 0x04, 0x39, 0x6b, 0x87, 0x2c, 0xe3, 0x1b,
  0xce, 0xc2, 0xf7, 0x08, 0x52, 0xda, 0x19, 0x6a, 0xb6, 0x0a, 0x9f, 0x70,
  0xe1, 0x9d, 0x9a, 0x4c, 0xf6, 0xaa, 0xff, 0xff, 0x04, 0x00, 0x00, 0x00,
  0x40, 0x01, 0x00, 0x00, 0x35, 0x9a, 0x91, 0x77, 0xdb, 0x7c, 0xea, 0xd0,
  0x9c, 0xc1, 0xce, 0x8c, 0xff, 0x94, 0xcb, 0xcb, 0x37, 0xe7, 0x0d, 0xa9,
  0x2a, 0x17, 0x8f, 0x75, 0xdd, 0x52, 0x2f, 0x44, 0xd0, 0x2b, 0xa4, 0xe4,
  0xdd, 0x8d, 0xef, 0xc0, 0x6f, 0x1f, 0x01, 0x60, 0x39, 0xf3, 0x78, 0xb3,
  0xce, 0xe0, 0x7b, 0x4d, 0x3b, 0x48, 0x99, 0x23, 0x45, 0x06, 0x39, 0xd6,
  0xb2, 0xb0, 0x85, 0xeb, 0x19, 0x0a, 0xe7, 0x19, 0x5d, 0x5b, 0xd5, 0x75,
  0xa9, 0x66, 0xbd, 0xa4, 0xed, 0x22, 0xb3, 0x7b, 0x7a, 0xf0, 0xeb, 0x09,
  0xf3, 0x18, 0xcb, 0x91, 0x8d, 0x21, 0x5e, 0xa7, 0x5a, 0xde, 0x00, 0x0e,
  0x7c, 0x9e, 0x16, 0x52, 0x77, 0xa1, 0x85, 0xf6, 0x3e, 0x23, 0xb4, 0xe4,
  0x48, 0x0e, 0xbc, 0x87, 0x5e, 0x2b, 0x06, 0x33, 0xbe, 0x5f, 0xd5, 0x51,
  0xb0, 0x9b, 0x7f, 0x35, 0x4e, 0xe9, 0x4b, 0x50, 0x69, 0xc6, 0x34, 0x5a,
  0xbd, 0x9d, 0xda, 0x02, 0xb4, 0x94, 0xef, 0x1e, 0x4d, 0x7f, 0xba, 0x15,
  0x40, 0x90, 0x25, 0xb6, 0x72, 0x18, 0x8e, 0xf5, 0xdb, 0x67, 0xe0, 0xbc,
  0x10, 0x73, 0x0b, 0x9f, 0xe6, 0x45, 0xe8, 0x82, 0x9f, 0x4b, 0xbd, 0x2b,
  0x79, 0x93, 0x83, 0x52, 0xca, 0xc2, 0x20, 0x16, 0xf0, 0x8c, 0x4e, 0x63,
  0x03, 0xba, 0x7b, 0x98, 0x95, 0x0c, 0x7e, 0xaf, 0x71, 0x38, 0x83, 0xa5,
  0xbc, 0x52, 0xbd, 0xb3, 0x2f, 0xfa, 0x88, 0x42, 0x62, 0xc7, 0x85, 0xf5,
  0x66, 0x3d, 0xea, 0x42, 0xc0, 0xd4, 0xa1, 0x04, 0x4b, 0x8c, 0x1e, 0x1d,
  0x0d, 0x29, 0xee, 0x97, 0x9e, 0x68, 0x4a, 0x58, 0x8c, 0x89, 0x57, 0x79,
  0xf6, 0xa7, 0x3c, 0x65, 0x95, 0xb0, 0x8b, 0x42, 0x79, 0x35, 0x01, 0xe6,
  0x3b, 0xb9, 0xa5, 0x08, 0x14, 0xfe, 0xe4, 0xc2, 0x7a, 0x50, 0x66, 0x59,
  0x0e, 0xa7, 0x34, 0xc9, 0xbe, 0xbc, 0x14, 0x26, 0x88, 0xef, 0x7a, 0x9b,
  0xd5, 0xc8, 0x73, 0x8c, 0x29, 0xb1, 0x49, 0xb5, 0x02, 0x55, 0xd0, 0xb8,
  0x41, 0x58, 0x88, 0x54, 0x41, 0x4e, 0x19, 0x36, 0x73, 0x6d, 0x6a, 0x7e,
  0xaa, 0xe1, 0xca, 0x2e, 0xb9, 0xfe, 0xb3, 0x9d, 0xcc, 0x73, 0xc4, 0x78,
  0x58, 0x0a, 0x4f, 0x04, 0x72, 0xa7, 0xae, 0x70, 0xf7, 0xbf, 0xa0, 0x86,
  0xd1, 0x68, 0x7a, 0xf8, 0x93, 0xfa, 0xb8, 0x5c, 0xd0, 0x12, 0x70, 0x68,
  0x42, 0xac, 0xff, 0xff, 0x04, 0x00, 0x00, 0x00, 0x40, 0x01, 0x00, 0x00,
  0x7b, 0x43, 0x39, 0x37, 0x6a, 0x36, 0x94, 0x5a, 0x98, 0x35, 0xd3, 0xab,
  0xdf, 0x27, 0xdf, 0x27, 0x6e, 0x6d, 0x72, 0xe2, 0x75, 0xe8, 0xbd, 0xa3,
  0x93, 0xca, 0x5a, 0x9f, 0x78, 0xe8, 0x13, 0x2b, 0xaf, 0xe5, 0x91, 0x41,
  0x7b, 0xd2, 0x0e, 0x89, 0x24, 0xc9, 0xc4, 0x61, 0xa1, 0x0c, 0xe2, 0x59,
  0x8e, 0x9c, 0x77, 0xbf, 0x5e, 0x94, 0x5f, 0x5d, 0x33, 0x9e, 0x0c, 0x0e,
  0x16, 0x1f, 0x0a, 0x0d, 0x9f, 0x79, 0x9d, 0x18, 0xb5, 0x91, 0xee, 0xda,
  0x2f, 0x2c, 0xe5, 0x9e, 0x59, 0xfc, 0x3b, 0xbd, 0xfd, 0x77, 0x9e, 0xf9,
  0x46, 0x2a, 0xb5, 0x81, 0xe6, 0xb5, 0x23, 0xed, 0xdb, 0xc9, 0x70, 0xee,
  0x50, 0xcd, 0x6f, 0x20, 0xdd, 0xd5, 0x9d, 0xac, 0xb7, 0x45, 0x30, 0x6a,
  0x4d, 0xa2, 0x7c, 0xc4, 0xf9, 0xc5, 0x85, 0x00, 0x97, 0x69, 0x49, 0xcd,
  0x0a, 0xd0, 0x32, 0x2c, 0x27, 0x05, 0xba, 0x65, 0xeb, 0x29, 0xb0, 0xe6,
  0x03, 0xd2, 0xf8, 0x4f, 0x39, 0x2d, 0x48, 0x91, 0x5f, 0x48, 0x07, 0x36,
  0x4a, 0xa1, 0xde, 0x03, 0xca, 0xe2, 0x35, 0xce, 0xa2, 0x51, 0x98, 0xda,
  0x05, 0x03, 0x49, 0x59, 0xc3, 0xd2, 0x96, 0x02, 0xcd, 0xca, 0x83, 0xa0,
  0x2e, 0x96, 0x44, 0xb4, 0xa8, 0xf9, 0x3e, 0x56, 0x0e, 0xfb, 0xfd, 0x8b,
  0x14, 0xa3, 0x66, 0xfe, 0x37, 0xe9, 0x57, 0xb8, 0xb8, 0xf4, 0xad, 0x19,
  0x7e, 0xae, 0x6f, 0x09, 0x56, 0x49, 0xdc, 0x9e, 0xc4, 0xbe, 0x22, 0x1d,
  0x4d, 0xf0, 0x68, 0x45, 0xff, 0x01, 0x1a, 0x4f, 0xf5, 0xc7, 0xc5, 0xcf,
  0x69, 0xd2, 0x44, 0x4c, 0x2d, 0xf5, 0x78, 0xb0, 0x1b, 0xda, 0x13, 0x0a,
  0xf2, 0x70, 0x47, 0x0f, 0x99, 0x77, 0x65, 0xca, 0x42, 0x21, 0x93, 0x56,
  0xc9, 0xbe, 0x9c, 0x0a, 0x03, 0xe8, 0x68, 0x18, 0xac, 0x76, 0x7d, 0x7f,
  0x3e, 0x59, 0xfa, 0x28, 0xef, 0x0b, 0x6c, 0x58, 0x0c, 0x4b, 0x29, 0xee,
  0x36, 0x08, 0xef, 0x6d, 0xea, 0x6c, 0xc6, 0xb5, 0xca, 0xf8, 0x08, 0x0e,
  0x28, 0x6d, 0xc7, 0x31, 0xa7, 0xe6, 0x8b, 0xbd, 0xd7, 0xbc, 0x52, 0xe3,
  0x4e, 0x37, 0x19, 0x82, 0x05, 0x75, 0x2b, 0x2d, 0x92, 0xb1, 0x10, 0x54,
  0x77, 0x18, 0xc9, 0x2b, 0x9f, 0x3b, 0xf5, 0xa5, 0x12, 0x36, 0x1b, 0x1c,
  0xbb, 0x3d, 0x06, 0xe8, 0x73, 0xca, 0x28, 0xad, 0x8e, 0xad, 0xff, 0xff,
  0x04, 0x00, 0x00, 0x00, 0x00, 0x05, 0x00, 0x00, 0xe6, 0x5d, 0x49, 0x23,
  0x71, 0x77, 0xe5, 0x2c, 0xfb, 0x6a, 0xc2, 0xf6, 0x4f, 0x3a, 0x55, 0xe4,
  0x19, 0xff, 0x5b, 0xfa, 0x86, 0x49, 0xe2, 0x6c, 0x4c, 0xd9, 0xf0, 0xa1,
  0x92, 0x3e, 0x34, 0x90, 0xc3, 0x4b, 0x50, 0xf1, 0x0e, 0xec, 0x8f, 0x00,
  0xe0, 0x83, 0x1f, 0xf3, 0xe1, 0xfb, 0x53, 0xc2, 0x23, 0x5f, 0x09, 0x64,
  0x48, 0xba, 0x55, 0xd5, 0x3f, 0xeb, 0x60, 0x20, 0xad, 0xa9, 0x82, 0x2b,
  0x5e, 0xfa, 0x0a, 0x71, 0x88, 0x98, 0x13, 0x42, 0x1a, 0x59, 0xf1, 0x95,
  0x98, 0x78, 0xf0, 0x40, 0xae, 0xde, 0xf1, 0x03, 0x82, 0x6a, 0xf4, 0x4f,
  0x4f, 0xc8, 0x1d, 0xf4, 0x0a, 0x73, 0x4e, 0x50, 0x5c, 0xa9, 0x2c, 0x1f,
  0xb0, 0xb7, 0x79, 0x97, 0x5f, 0xe1, 0xc0, 0x0b, 0x82, 0xcb, 0xd2, 0xe4,
  0xdf, 0x5b, 0x05, 0x6d, 0x29, 0x4c, 0xb9, 0x2a, 0x3a, 0x91, 0x83, 0x77,
  0x55, 0x0f, 0x2a, 0xc3, 0x8a, 0x0a, 0xcf, 0x55, 0x99, 0xf2, 0x68, 0xff,
  0xa3, 0xd7, 0x06, 0x65, 0x90, 0x06, 0x70, 0x6d, 0x0d, 0x5a, 0x2c, 0xc3,
  0xe9, 0x78, 0x2e, 0xa5, 0x24, 0x0d, 0xd7, 0xe0, 0x08, 0x6a, 0xd0, 0x3d,
  0x22, 0x46, 0x85, 0x16, 0x1f, 0x71, 0xfb, 0x24, 0x7c, 0xcc, 0x79, 0xff,
  0x6d, 0x37, 0xb5, 0xc9, 0x3f, 0x47, 0x25, 0xf3, 0x5a, 0x0e, 0x28, 0x77,
  0xd0, 0x87, 0xd5, 0x26, 0x18, 0x9b, 0x87, 0x3d, 0xb0, 0xcb, 0xe9, 0xd4,
  0x2a, 0xa8, 0x96, 0x54, 0x37, 0x71, 0xc4, 0x05, 0xd9, 0xf4, 0xe9, 0xd5,
  0x30, 0x77, 0xed, 0x2f, 0xff, 0x6c, 0x15, 0x3d, 0x84, 0xce, 0xe7, 0xb1,
  0x74, 0x2e, 0x94, 0xf9, 0x21, 0x98, 0x78, 0x93, 0x04, 0x61, 0x66, 0xfe,
  0xc4, 0x42, 0xf1, 0xff, 0xcc, 0x8a, 0x03, 0x29, 0x46, 0xd8, 0x0a, 0xcf,
  0xac, 0x9f, 0xbe, 0x77, 0xea, 0xff, 0xdb, 0xd5, 0xc4, 0x8e, 0xdb, 0xf5,
  0x9a, 0x9a, 0xe9, 0x75, 0x03, 0xf2, 0xf4, 0xfb, 0x93, 0x23, 0x8f, 0xd5,
  0xf6, 0xdf, 0x6c, 0x0b, 0xf0, 0xa6, 0x92, 0x5c, 0x9c, 0xa0, 0x7a, 0x71,
  0x00, 0x0f, 0x7b, 0x7c, 0x76, 0xc3, 0xf3, 0xb5, 0xbf, 0xe1, 0x26, 0x2f,
  0x0e, 0x7c, 0x60, 0xc3, 0xa0, 0x78, 0x7e, 0xaa, 0x8f, 0xf7, 0x85, 0x78,
  0x65, 0xa3, 0x92, 0xbb, 0x37, 0xf4, 0xab, 0x20, 0xb9, 0x18, 0x81, 0xc0,
  0x7c, 0x42, 0xe1, 0xb8, 0x4e, 0xe2, 0x76, 0xb2, 0x63, 0x6a, 0xb7, 0x56,
  0x7c, 0x40, 0x4b, 0xb9, 0xc7, 0x3b, 0x8c, 0x2b, 0xc1, 0x99, 0x21, 0x42,
  0x8d, 0xff, 0x29, 0x76, 0x88, 0x82, 0xeb, 0xb2, 0x54, 0x4e, 0xcc, 0xbc,
  0x3b, 0x62, 0x00, 0xb9, 0xa4, 0xf2, 0x2a, 0xd5, 0x96, 0xdd, 0xca, 0x45,
  0xb0, 0x55, 0xe3, 0x3e, 0x02, 0x40, 0x41, 0x4f, 0xbf, 0x43, 0x45, 0x83,
  0x69, 0x17, 0xc8, 0x1a, 0x4e, 0x26, 0x3e, 0x4b, 0x7b, 0x56, 0xd0, 0xda,
  0xc9, 0x40, 0x85, 0xe0, 0x9a, 0xa7, 0xce, 0x28, 0x71, 0xd2, 0xf9, 0xb4,
  0x9f, 0x46, 0xe7, 0xd3, 0xac, 0xd5, 0x3c, 0x25, 0x25, 0xac, 0xa2, 0xd2,
  0xf3, 0x60, 0x65, 0xf1, 0x4f, 0x44, 0x15, 0x9e, 0xaa, 0xd7, 0x83, 0x15,
  0xfa, 0x0c, 0x42, 0xdc, 0x98, 0xfe, 0x9f, 0x46, 0xe7, 0x25, 0x2e, 0x5d,
  0xdb, 0x21, 0x09, 0x16, 0x1e, 0x4f, 0x63, 0x78, 0xbc, 0xf3, 0x37, 0xb6,
  0xee, 0x60, 0xb4, 0x76, 0x34, 0x4a, 0xea, 0x3d, 0x96, 0x62, 0x69, 0x36,
  0xd8, 0x34, 0xbf, 0xcb, 0x2d, 0x99, 0xa7, 0x87, 0xa9, 0x60, 0x68, 0x7e,
  0xa4, 0x06, 0x06, 0xbe, 0x5d, 0x30, 0x17, 0xcb, 0x31, 0x1c, 0x51, 0x59,
  0x1c, 0xe6, 0x07, 0x08, 0xfa, 0x3a, 0xc3, 0xff, 0x87, 0xea, 0x18, 0x8e,
  0x5a, 0x91, 0xaf, 0x9f, 0xc7, 0x32, 0x0e, 0xa6, 0x26, 0xb9, 0xc4, 0x4c,
  0xf1, 0x5e, 0x61, 0xfa, 0xea, 0xec, 0xd7, 0xd7, 0x17, 0x4e, 0x40, 0xce,
  0xb2, 0x21, 0xdd, 0x44, 0xd0, 0x46, 0x74, 0xf5, 0xf5, 0x31, 0x25, 0x03,
  0x95, 0x96, 0xc9, 0x3a, 0x0b, 0x77, 0x17, 0x9e, 0x46, 0xc2, 0xe1, 0x42,
  0x6e, 0xbf, 0x1f, 0xc2, 0xaf, 0xe7, 0xcd, 0x3e, 0xb2, 0x51, 0x55, 0xcb,
  0xed, 0xa6, 0xe3, 0x4a, 0x42, 0xcf, 0xc1, 0x24, 0xab, 0xa0, 0xfb, 0xf1,
  0xc2, 0xd3, 0x2d, 0xc4, 0x26, 0xbe, 0x28, 0xc4, 0xce, 0xbc, 0x90, 0x59,
  0x15, 0x58, 0x83, 0x22, 0xf7, 0x0c, 0x5f, 0xfc, 0x67, 0x94, 0xdb, 0xa6,
  0x61, 0xb6, 0x3d, 0x4c, 0x2e, 0xc7, 0x70, 0xb8, 0xa9, 0x31, 0xa0, 0x87,
  0xb1, 0x9f, 0x4e, 0x63, 0xd4, 0x86, 0xaa, 0xe3, 0x98, 0x58, 0x13, 0x17,
  0x94, 0xf1, 0x6e, 0x9d, 0x5d, 0x62, 0x37, 0x65, 0xc6, 0x67, 0x7b, 0x47,
  0xcd, 0x3e, 0x01, 0x1a, 0x56, 0x69, 0x32, 0x82, 0x4b, 0xe5, 0xc6, 0xa4,
  0xfd, 0x3e, 0x48, 0xb0, 0x5f, 0xd7, 0x3e, 0x8d, 0xdc, 0x17, 0xaf, 0x23,
  0xaa, 0x27, 0xd4, 0xef, 0xd6, 0x23, 0x5e, 0x7b, 0x38, 0x97, 0xe9, 0x02,
  0xf2, 0x71, 0x08, 0xce, 0x9c, 0x6e, 0xc9, 0x50, 0x4e, 0xd2, 0xc9, 0x09,
  0x97, 0x72, 0xa8, 0x23, 0x7d, 0xdc, 0xb4, 0x8c, 0xd9, 0x91, 0xe1, 0x50,
  0xda, 0x84, 0xf7, 0x2b, 0x6a, 0x17, 0x7e, 0x47, 0x7c, 0xf2, 0x0f, 0x79,
  0x09, 0x92, 0x7e, 0xbf, 0x58, 0x92, 0x4a, 0x30, 0x86, 0xe0, 0xf7, 0xe8,
  0x70, 0x54, 0x93, 0xdb, 0xd8, 0xfd, 0x39, 0x98, 0x21, 0x2a, 0xbe, 0xbe,
  0x8c, 0xfa, 0x5c, 0x7e, 0x8d, 0xe1, 0xec, 0x76, 0x28, 0x5e, 0x76, 0xf0,
  0xe4, 0x72, 0x20, 0x73, 0x53, 0x67, 0x4f, 0x48, 0xfb, 0xc6, 0xbb, 0x35,
  0x16, 0x1f, 0xad, 0xfa, 0x60, 0x49, 0xb1, 0xb5, 0xa8, 0x68, 0x4e, 0x5c,
  0x4b, 0xf3, 0xcf, 0x6c, 0xb5, 0xe1, 0x0e, 0xa2, 0x66, 0x9e, 0x08, 0x5f,
  0xce, 0x02, 0x5c, 0x33, 0xda, 0x62, 0x6d, 0xcd, 0x56, 0x4e, 0xe9, 0xd3,
  0x33, 0x7b, 0x74, 0xfd, 0xe0, 0x35, 0xca, 0xe2, 0x4b, 0xa0, 0x29, 0x9c,
  0xbd, 0x41, 0x66, 0xc6, 0x43, 0x03, 0xe6, 0xe1, 0xab, 0xd1, 0x2b, 0x93,
  0xfc, 0x61, 0x23, 0xce, 0x61, 0x45, 0x2b, 0x9b, 0xc8, 0x15, 0xce, 0x65,
  0x63, 0x77, 0xde, 0x11, 0x6a, 0x44, 0x3e, 0x9b, 0x71, 0x59, 0x78, 0x86,
  0xd1, 0x2c, 0x78, 0x10, 0x98, 0xf7, 0x44, 0x51, 0xe2, 0x77, 0x07, 0xf3,
  0x21, 0x92, 0xfe, 0xbc, 0xf1, 0xa9, 0x41, 0xd7, 0x0a, 0x29, 0xb0, 0xc3,
  0x36, 0x86, 0x60, 0x7c, 0x7b, 0x39, 0x00, 0x9e, 0x0a, 0xe7, 0x44, 0xa5,
  0x95, 0xce, 0xfe, 0x59, 0x9c, 0x6d, 0x33, 0x05, 0xcb, 0x61, 0xae, 0xe1,
  0xbe, 0xd6, 0xec, 0x14, 0x62, 0xe0, 0xa2, 0x9e, 0xbf, 0x60, 0xdc, 0x85,
  0xa1, 0xb7, 0x5b, 0x04, 0xd2, 0x0b, 0xb0, 0x78, 0xbe, 0xce, 0xfb, 0x68,
  0xf0, 0x6c, 0x61, 0x16, 0x44, 0xad, 0x85, 0x79, 0xd0, 0xbe, 0xf7, 0x14,
  0xb9, 0xcd, 0x66, 0xaa, 0x9e, 0x20, 0xa3, 0xd5, 0x25, 0x86, 0xca, 0x57,
  0x72, 0x7f, 0x23, 0x29, 0xfc, 0x98, 0x38, 0x70, 0x7e, 0xaf, 0xd9, 0xbd,
  0x6a, 0x8a, 0xdd, 0x24, 0xd4, 0x89, 0x09, 0x60, 0xfb, 0x43, 0xb9, 0xe9,
  0xcb, 0x78, 0x8a, 0xa8, 0xb9, 0x72, 0xaa, 0xe3, 0x9c, 0x01, 0x61, 0x64,
  0x45, 0x5e, 0x56, 0x7d, 0xac, 0xe5, 0x73, 0x49, 0x1d, 0xf6, 0x44, 0x2e,
  0x88, 0x56, 0xa3, 0x66, 0x37, 0xa0, 0x57, 0xf3, 0xb0, 0x04, 0x8f, 0x44,
  0x07, 0x16, 0xc6, 0x05, 0x22, 0x5f, 0x7b, 0xa4, 0x0c, 0x16, 0x67, 0xff,
  0xe3, 0x0d, 0x8d, 0x56, 0x10, 0xab, 0x30, 0x74, 0xd3, 0x6b, 0xb8, 0x9f,
  0xf2, 0xfe, 0xb8, 0x11, 0x76, 0x7e, 0x03, 0xfc, 0xa5, 0x46, 0x3b, 0xf0,
  0x6e, 0x20, 0xdd, 0xe5, 0xbc, 0xab, 0xfe, 0x7e, 0x0d, 0xf2, 0xdc, 0x47,
  0xf4, 0xba, 0x24, 0x5f, 0x9f, 0x8e, 0xa2, 0x9a, 0x2d, 0xf0, 0x2a, 0xa8,
  0xe0, 0x1a, 0x9f, 0x0e, 0x9e, 0xf7, 0x6f, 0x68, 0xc7, 0x4e, 0xa9, 0x33,
  0xbe, 0xd7, 0x71, 0xaf, 0xb5, 0x9d, 0x59, 0x36, 0x9e, 0x77, 0x50, 0xef,
  0xeb, 0xab, 0xcc, 0x4a, 0xe8, 0x1e, 0x13, 0x82, 0x22, 0xc4, 0x09, 0x2d,
  0xea, 0x4e, 0x18, 0xc3, 0xb2, 0x9c, 0x72, 0xc2, 0x4c, 0x78, 0xd5, 0xa4,
  0x0b, 0xbd, 0x3f, 0x51, 0x40, 0xb0, 0x7c, 0x7e, 0x4a, 0x07, 0x3a, 0xf9,
  0x63, 0xc8, 0x18, 0x56, 0x55, 0xf3, 0xc2, 0x97, 0x09, 0x3e, 0xff, 0xf5,
  0x03, 0xcc, 0xc3, 0x8b, 0xf9, 0x42, 0xe8, 0xf6, 0x14, 0x4c, 0x78, 0x57,
  0x75, 0x95, 0xcb, 0x1e, 0xca, 0x66, 0x18, 0xfd, 0xb5, 0x31, 0xcf, 0x42,
  0x96, 0xcc, 0x4e, 0xab, 0xd5, 0x4b, 0x3f, 0xe8, 0xf2, 0x7f, 0xf2, 0x42,
  0x31, 0x1e, 0x4a, 0xd3, 0x36, 0xa0, 0xbc, 0x47, 0x27, 0x90, 0x63, 0xc8,
  0xaa, 0x2a, 0x37, 0x41, 0x09, 0x70, 0xc0, 0x59, 0xc0, 0xf6, 0x34, 0xf4,
  0xc0, 0x3c, 0x4c, 0xc0, 0x48, 0x29, 0x3c, 0x01, 0x5b, 0x9e, 0x49, 0xcb,
  0xd7, 0x55, 0xc6, 0xdc, 0x40, 0x23, 0x46, 0xa8, 0x68, 0xa1, 0x47, 0x1b,
  0x18, 0x94, 0x91, 0x6b, 0xd5, 0x79, 0x8a, 0x5d, 0xda, 0x3a, 0x26, 0x33,
  0x2a, 0xf2, 0x0f, 0x02, 0xab, 0x91, 0x6c, 0x97, 0xac, 0x39, 0x6d, 0x72,
  0xc4, 0x0b, 0xa0, 0x81, 0xd6, 0x30, 0x23, 0xd4, 0xb5, 0x44, 0x32, 0x43,
  0xb4, 0x4c, 0xbc, 0xa5, 0x75, 0xe3, 0x3d, 0xd3, 0x7b, 0x09, 0x78, 0x74,
  0xe7, 0xfa, 0xec, 0x32, 0xac, 0xaf, 0x4a, 0xca, 0x76, 0xda, 0xb3, 0x32,
  0x6f, 0xda, 0x59, 0x82, 0x92, 0xb3, 0xe2, 0x8d, 0x25, 0x53, 0x27, 0x6f,
  0x18, 0x83, 0x03, 0x18, 0x9a, 0xb2, 0xff, 0xff, 0x04, 0x00, 0x00, 0x00,
  0xa0, 0x02, 0x00, 0x00, 0x65, 0x53, 0x2c, 0x13, 0x7f, 0x7d, 0x88, 0x31,
  0x93, 0x49, 0x77, 0xcb, 0xf6, 0xec, 0x7a, 0xaf, 0x82, 0x97, 0x22, 0x20,
  0x4e, 0x8b, 0x2b, 0x3c, 0xb2, 0xd2, 0x48, 0xd5, 0xfc, 0xcd, 0x33, 0xef,
  0x32, 0x1a, 0xa7, 0xd1, 0xf3, 0xcb, 0xff, 0x51, 0x9d, 0x0d, 0x20, 0xef,
  0xdc, 0x97, 0x92, 0x5e, 0x27, 0x46, 0xfb, 0xdb, 0x91, 0x47, 0x71, 0x88,
  0xba, 0xa9, 0x47, 0x4a, 0xb7, 0x26, 0xfa, 0x14, 0x60, 0xc3, 0x0e, 0x4a,
  0x3d, 0xad, 0xfd, 0xc1, 0x68, 0x0b, 0x8f, 0x95, 0x9c, 0x63, 0xa5, 0x46,
  0x27, 0xe5, 0x28, 0x46, 0xbc, 0xa0, 0x25, 0x0d, 0x4a, 0xb2, 0x55, 0x74,
  0xd1, 0xee, 0xce, 0x23, 0x23, 0x19, 0xb2, 0x6a, 0xf5, 0x73, 0x42, 0xf6,
  0x55, 0x3f, 0x86, 0x97, 0xbe, 0x50, 0xb3, 0x22, 0x9e, 0x31, 0xed, 0x97,
  0x87, 0x93, 0xbf, 0x8b, 0xe7, 0xa3, 0x01, 0x89, 0x1f, 0x3f, 0x00, 0xde,
  0x35, 0x52, 0xe5, 0x35, 0x86, 0x07, 0x1d, 0xf9, 0x69, 0x25, 0xbc, 0x35,
  0x9e, 0x36, 0x9a, 0xae, 0xb4, 0xe1, 0x78, 0x29, 0x34, 0x4f, 0xe3, 0xa7,
  0x9c, 0xb2, 0xfb, 0x95, 0xd6, 0x99, 0x68, 0x63, 0xa5, 0x94, 0x18, 0x23,
  0x4c, 0xbd, 0x7b, 0x79, 0xf1, 0x53, 0xdb, 0xd4, 0x44, 0xa4, 0xdc, 0x4e,
  0x18, 0x48, 0xb2, 0x50, 0x48, 0x0e, 0x9c, 0x6e, 0xe6, 0x5b, 0x69, 0x2b,
  0x67, 0xa3, 0xe3, 0xf6, 0x99, 0x91, 0xea, 0x5a, 0xec, 0xd0, 0xd2, 0xfe,
  0x5c, 0x60, 0x6c, 0xfd, 0xca, 0xf5, 0xfd, 0x85, 0x34, 0x1c, 0xbb, 0x39,
  0x24, 0x34, 0x17, 0xbb, 0x43, 0xa7, 0x27, 0x7b, 0xed, 0xe6, 0x62, 0x2a,
  0xef, 0x0c, 0x9a, 0x3d, 0xbc, 0xa3, 0xa7, 0xf4, 0x51, 0x35, 0x5c, 0xe3,
  0x58, 0x95, 0xd7, 0x13, 0x2d, 0x94, 0x81, 0x3f, 0x7c, 0xac, 0xe0, 0xc7,
  0x84, 0x4a, 0x3c, 0xc7, 0x17, 0x96, 0x93, 0x09, 0x41, 0x38, 0x95, 0x5c,
  0x06, 0x04, 0x3d, 0xe2, 0xbf, 0x3d, 0xb4, 0xcf, 0xde, 0x61, 0x9c, 0x23,
  0x1b, 0x7b, 0x83, 0x5c, 0xb1, 0x28, 0x50, 0xce, 0xd1, 0x6c, 0xa6, 0xcd,
  0xa6, 0x83, 0xe9, 0xda, 0x3b, 0x20, 0x3b, 0x35, 0x25, 0x55, 0xa9, 0x92,
  0xd6, 0x31, 0x6d, 0x2e, 0xd7, 0xb5, 0x2d, 0x25, 0x67, 0x6d, 0x04, 0xad,
  0x21, 0x78, 0x36, 0x85, 0x53, 0x97, 0x58, 0x89, 0x8a, 0x50, 0x98, 0xf1,
  0x67, 0x34, 0x56, 0x63, 0x57, 0xf3, 0xf7, 0xd0, 0x21, 0x27, 0xca, 0x46,
  0x54, 0xb2, 0x3e, 0x83, 0x85, 0xcf, 0xe0, 0x93, 0x40, 0x02, 0x87, 0x4e,
  0xae, 0xf1, 0x97, 0x5d, 0x40, 0xe7, 0xbd, 0xae, 0x45, 0xe0, 0x35, 0x04,
  0x6f, 0x4d, 0xe2, 0x41, 0x13, 0xae, 0x41, 0x93, 0xa6, 0xfa, 0xdc, 0x37,
  0xc1, 0x6f, 0x3b, 0x88, 0xb4, 0xee, 0x14, 0x16, 0xa3, 0x91, 0x49, 0xea,
  0x11, 0xd2, 0x7b, 0xbe, 0x73, 0xdd, 0xcd, 0xc9, 0xcf, 0x37, 0x00, 0xa9,
  0xd4, 0x5f, 0x59, 0x4e, 0x24, 0xc8, 0xb7, 0x32, 0xfe, 0xfb, 0x3b, 0x04,
  0xbb, 0x3b, 0x2c, 0xb4, 0x62, 0x85, 0x6b, 0x08, 0x92, 0x68, 0x90, 0x16,
  0x59, 0xa5, 0xce, 0x3e, 0x65, 0x7a, 0x06, 0x8e, 0x38, 0xbd, 0xbf, 0x41,
  0x85, 0xe8, 0xa4, 0xa0, 0xac, 0x46, 0xa6, 0xa4, 0xe9, 0x46, 0x51, 0x21,
  0x4b, 0xac, 0xa3, 0xf3, 0xfa, 0x90, 0x78, 0xa3, 0xbd, 0xf8, 0xe7, 0x72,
  0x55, 0xb4, 0xca, 0x72, 0xd2, 0x50, 0xc7, 0x09, 0x8a, 0x2d, 0xff, 0xe0,
  0x95, 0x69, 0xe0, 0x0a, 0xe6, 0x70, 0xa4, 0xec, 0xbe, 0xd4, 0x16, 0x0e,
  0xae, 0x4e, 0xf8, 0xbc, 0xe8, 0x45, 0x5d, 0x79, 0x1b, 0x12, 0x17, 0x19,
  0x64, 0x86, 0x10, 0x2b, 0x4e, 0xa0, 0xd6, 0xd9, 0x1f, 0xc0, 0x7a, 0xcc,
  0xff, 0x6d, 0x76, 0x8b, 0x05, 0x45, 0xd2, 0xe2, 0xc5, 0x9e, 0x9d, 0x75,
  0x49, 0xb6, 0x31, 0xf5, 0x8c, 0x86, 0x15, 0x41, 0xb5, 0x21, 0xa9, 0x21,
  0xc5, 0xff, 0x7e, 0x1c, 0xde, 0x8d, 0x31, 0xb7, 0x93, 0x9f, 0xc5, 0xf8,
  0x68, 0xec, 0xa1, 0x22, 0x02, 0xd4, 0x24, 0x8c, 0x08, 0x9f, 0xa7, 0xd1,
  0x49, 0xd0, 0x17, 0xc7, 0x71, 0x5b, 0x0a, 0xe1, 0x65, 0x07, 0x11, 0x4b,
  0x97, 0x4c, 0x2e, 0x2d, 0x89, 0x18, 0x16, 0x72, 0xe7, 0x20, 0x20, 0xc8,
  0x1e, 0xaa, 0xaf, 0xc7, 0x32, 0x28, 0x2c, 0x7e, 0x89, 0xc0, 0x38, 0x52,
  0x0f, 0xd5, 0xaa, 0x23, 0x58, 0x28, 0x69, 0x87, 0x23, 0x04, 0xcb, 0xdf,
  0xac, 0x79, 0x4b, 0xe5, 0x92, 0x44, 0x99, 0x4b, 0x74, 0xc2, 0xa6, 0x67,
  0xc9, 0x7e, 0xcb, 0x36, 0xd0, 0x9c, 0xd8, 0x3b, 0x2c, 0xf0, 0xdf, 0x09,
  0x14, 0xca, 0x98, 0x05, 0x1a, 0xbf, 0xa8, 0x72, 0x27, 0x28, 0x54, 0x53,
  0x18, 0xa7, 0x8b, 0x26, 0xf1, 0xf6, 0x54, 0xd6, 0x96, 0x17, 0x87, 0xc3,
  0x8b, 0x6d, 0xb4, 0x69, 0xf5, 0x13, 0x28, 0xe4, 0x6a, 0x9f, 0x6d, 0xcd,
  0x9e, 0x44, 0x32, 0x4c, 0xae, 0x45, 0x65, 0x7a, 0x88, 0xd0, 0x24, 0xa1,
  0x69, 0x8b, 0x19, 0x39, 0x46, 0xb5, 0xff, 0xff, 0x04, 0x00, 0x00, 0x00,
  0xd2, 0x00, 0x00, 0x00, 0x0f, 0x98, 0xcf, 0xbc, 0xf0, 0x8f, 0x95, 0xec,
  0xaa, 0xeb, 0x84, 0x44, 0xd7, 0x7f, 0x7a, 0x5c, 0x8a, 0xd1, 0x2d, 0x81,
  0x1f, 0x24, 0xc9, 0xd2, 0xf4, 0xc3, 0x7f, 0x81, 0x6d, 0x7f, 0xa9, 0xba,
  0x59, 0x03, 0xd6, 0x54, 0xbc, 0x72, 0x63, 0x24, 0x32, 0xe0, 0x81, 0x92,
  0x81, 0xd8, 0x9e, 0x6d, 0x7f, 0x63, 0xe8, 0x90, 0x44, 0xb1, 0x32, 0xee,
  0x81, 0x3d, 0x81, 0x4a, 0x33, 0x72, 0x39, 0x7b, 0xdf, 0x40, 0xeb, 0xa9,
  0x85, 0x6b, 0x32, 0x1a, 0x9f, 0x39, 0x38, 0x7c, 0x50, 0x40, 0x70, 0x6b,
  0xae, 0xaa, 0x1d, 0x3c, 0x06, 0xf1, 0x22, 0x7d, 0x99, 0x8f, 0xda, 0x2e,
  0x97, 0x36, 0x7f, 0x0a, 0x18, 0xbb, 0x31, 0x31, 0x97, 0xfb, 0xb4, 0xab,
  0x14, 0x9b, 0x76, 0x68, 0xb7, 0x61, 0xe1, 0x1c, 0x53, 0xc9, 0x7f, 0x90,
  0x93, 0x7c, 0xcc, 0x6b, 0x81, 0x23, 0x40, 0x81, 0x63, 0x81, 0x3a, 0x7f,
  0x0c, 0x18, 0x66, 0x77, 0x4f, 0x5e, 0xcd, 0x1c, 0x6f, 0x81, 0x49, 0x30,
  0x60, 0x58, 0x0f, 0x2b, 0x81, 0x4e, 0x6b, 0xb6, 0x34, 0x21, 0x99, 0x25,
  0x97, 0xa6, 0x75, 0x49, 0x28, 0x37, 0x63, 0xdd, 0x86, 0xb2, 0x87, 0x41,
  0x81, 0x8e, 0x69, 0x45, 0x01, 0xe6, 0x8f, 0x81, 0xb7, 0x88, 0x1c, 0xbd,
  0x46, 0xac, 0x2b, 0x59, 0xf3, 0x9c, 0x93, 0x56, 0xd8, 0xe7, 0xb8, 0x50,
  0x84, 0x70, 0xcd, 0xc6, 0x75, 0x81, 0x29, 0x18, 0x7f, 0x16, 0x74, 0x91,
  0x65, 0x81, 0xef, 0x12, 0xe3, 0xb1, 0xff, 0x39, 0xca, 0xce, 0x00, 0x00,
  0x26, 0xb6, 0xff, 0xff, 0x04, 0x00, 0x00, 0x00, 0x98, 0x04, 0x00, 0x00,
  0x82, 0x26, 0x24, 0x5b, 0xd8, 0x6e, 0x7a, 0x16, 0xcf, 0x1a, 0x30, 0x11,
  0x10, 0xc3, 0x2f, 0x45, 0x4c, 0x4e, 0x27, 0xe4, 0xc5, 0x4c, 0xa4, 0x5c,
  0x4e, 0x8a, 0x4d, 0xbc, 0xdd, 0x61, 0x43, 0xe6, 0x03, 0x70, 0xb2, 0xac,
  0xe2, 0x01, 0x81, 0x7f, 0x11, 0x22, 0x39, 0x08, 0x2a, 0xa7, 0x2b, 0xc9,
  0xd7, 0x81, 0x31, 0x61, 0x66, 0x42, 0x3e, 0x32, 0xf2, 0x50, 0x3e, 0x59,
  0x33, 0xdf, 0x3a, 0x84, 0x97, 0xfa, 0x14, 0x95, 0x69, 0x3b, 0xdd, 0x69,
  0xc5, 0x55, 0x36, 0x6c, 0x91, 0xe4, 0x24, 0xb1, 0xd2, 0xeb, 0xcb, 0x6a,
  0x47, 0x18, 0xd0, 0x00, 0x64, 0x8e, 0x70, 0x25, 0xb3, 0xfd, 0x71, 0x7f,
  0xc4, 0x91, 0xfc, 0x9b, 0xae, 0xff, 0xa2, 0x28, 0x86, 0xbe, 0x20, 0x36,
  0x99, 0x5c, 0x09, 0xdc, 0xea, 0x5a, 0xcf, 0xb8, 0x06, 0x6d, 0x3f, 0x65,
  0xb4, 0x65, 0x34, 0x55, 0x1a, 0x83, 0x7d, 0x39, 0xb6, 0xec, 0x08, 0x47,
  0xcf, 0xe9, 0xa5, 0x30, 0xb8, 0x3f, 0xfd, 0xc1, 0xea, 0x66, 0xe0, 0x17,
  0xea, 0x49, 0x6a, 0x3b, 0xe2, 0x73, 0xfb, 0x83, 0x4b, 0xff, 0xc2, 0x70,
  0xba, 0x8e, 0x53, 0x9b, 0xa2, 0xb3, 0x75, 0x09, 0xd7, 0x2f, 0xf1, 0xd8,
  0xc3, 0x95, 0x21, 0x8d, 0xeb, 0xb7, 0x92, 0xef, 0x3e, 0x5f, 0x07, 0xd6,
  0xd5, 0x35, 0x1d, 0xc0, 0x9b, 0xd9, 0x76, 0x86, 0x41, 0x93, 0x8a, 0xea,
  0x37, 0xa9, 0x7f, 0xc0, 0x07, 0x3e, 0x38, 0x69, 0x07, 0x90, 0x30, 0x7b,
  0xc6, 0x98, 0x48, 0x71, 0xd9, 0x54, 0xe4, 0xd3, 0x6e, 0xde, 0xb3, 0xe2,
  0xdb, 0xbc, 0xe3, 0x53, 0xb0, 0x83, 0x60, 0xd1, 0x4e, 0x88, 0xab, 0x00,
  0x2a, 0x2b, 0x69, 0x9c, 0xdf, 0x2d, 0x3d, 0x77, 0x94, 0x6b, 0x5e, 0x72,
  0x77, 0x6b, 0x11, 0xdb, 0x78, 0xa7, 0xcc, 0x8a, 0xf0, 0xc9, 0x32, 0xd7,
  0x92, 0xf0, 0x7a, 0xbd, 0x8e, 0xec, 0x4b, 0xba, 0x24, 0xbc, 0x31, 0x35,
  0x40, 0x60, 0xa1, 0x33, 0xee, 0x68, 0x02, 0x4d, 0x3e, 0x7c, 0x7f, 0x72,
  0xd9, 0x4b, 0xf8, 0x91, 0x0a, 0xc6, 0xe0, 0x72, 0xb5, 0x9b, 0xd7, 0x88,
  0x7f, 0x8d, 0x9e, 0xa9, 0x2f, 0x8b, 0xbb, 0x5c, 0x08, 0x76, 0x1d, 0x79,
  0x81, 0xed, 0x32, 0x54, 0x0a, 0xd7, 0x09, 0x87, 0x30, 0xcb, 0x9b, 0x06,
  0xdc, 0xc6, 0xf8, 0xfc, 0xa0, 0xb4, 0x75, 0xd7, 0xf3, 0x40, 0x4d, 0xf7,
  0x7d, 0x8e, 0x40, 0xae, 0xa9, 0x48, 0x18, 0x79, 0x7d, 0xb5, 0xa8, 0x6f,
  0x83, 0xee, 0xe9, 0x16, 0xd5, 0x47, 0x93, 0x24, 0xe4, 0x4e, 0xb8, 0x14,
  0x42, 0x31, 0xc7, 0x24, 0xe7, 0x8f, 0xbd, 0x9c, 0x05, 0x53, 0x04, 0xa1,
  0x3a, 0xd1, 0x94, 0x5c, 0xbd, 0xae, 0xfe, 0xcc, 0x78, 0x89, 0xe0, 0x2e,
  0xce, 0xfe, 0xdd, 0x17, 0x7a, 0x7b, 0x05, 0x47, 0xd4, 0x8e, 0x81, 0x70,
  0x0c, 0x6b, 0x7b, 0xbc, 0x05, 0x5a, 0x26, 0x39, 0x50, 0x3c, 0x01, 0x52,
  0x45, 0x01, 0x20, 0xe3, 0x19, 0x24, 0x5c, 0x7c, 0xce, 0xe4, 0x9c, 0x0f,
  0x5a, 0xac, 0x58, 0x75, 0x2b, 0x81, 0x55, 0x57, 0x97, 0xf6, 0x14, 0x95,
  0x5b, 0xc9, 0x8d, 0x55, 0xf8, 0x8f, 0xdf, 0x82, 0x5a, 0x6c, 0xd7, 0x6a,
  0xf0, 0xaa, 0x78, 0x0e, 0xdd, 0xf7, 0x33, 0x6c, 0x67, 0xf1, 0xfe, 0x83,
  0xf8, 0x65, 0x4b, 0x4e, 0x33, 0xcc, 0x55, 0xe6, 0x3f, 0xb0, 0x74, 0xc9,
  0x6e, 0x52, 0x8b, 0x20, 0x7a, 0xd0, 0xee, 0xa1, 0x0a, 0x5f, 0x87, 0x2c,
  0x43, 0xfb, 0x7b, 0xd4, 0x36, 0x7f, 0xe5, 0x08, 0xca, 0x84, 0xc1, 0x85,
  0x6e, 0x4f, 0x9e, 0x1d, 0xd2, 0x84, 0x76, 0xdc, 0xbd, 0xb1, 0x11, 0xfe,
  0xf9, 0x51, 0x60, 0xa8, 0x94, 0xd8, 0x95, 0x3b, 0xcc, 0xed, 0x40, 0xc0,
  0x2a, 0x48, 0xd6, 0xf4, 0x5c, 0x87, 0xd7, 0x46, 0x1f, 0x42, 0x45, 0xe0,
  0x47, 0x3e, 0x68, 0x04, 0x12, 0x1e, 0x07, 0x28, 0x4d, 0xbd, 0x2f, 0x3f,
  0x81, 0xa5, 0x6b, 0x23, 0x5c, 0x39, 0x51, 0x46, 0xf9, 0x83, 0x49, 0xe5,
  0x9e, 0xc2, 0x7e, 0x21, 0xee, 0x2e, 0x94, 0x25, 0xb5, 0xd0, 0xe4, 0x9b,
  0xb3, 0x69, 0x27, 0x37, 0xe8, 0xb9, 0x35, 0xf1, 0xc4, 0x88, 0xa7, 0xdf,
  0x27, 0x7e, 0x57, 0x12, 0x48, 0x78, 0xc0, 0xda, 0x51, 0xf2, 0x76, 0x1e,
  0x69, 0x62, 0x43, 0xb6, 0xb8, 0x3a, 0x24, 0x38, 0x4d, 0x74, 0x41, 0x86,
  0x96, 0xd7, 0x9c, 0xba, 0xd2, 0x2a, 0x3d, 0x24, 0x5d, 0x74, 0x40, 0xa0,
  0x0e, 0xd7, 0x97, 0x97, 0xc0, 0x7b, 0x9c, 0x29, 0xf0, 0xce, 0xe0, 0xa5,
  0xed, 0x74, 0x8a, 0xd0, 0xa7, 0x12, 0x5a, 0x33, 0xec, 0xa2, 0x02, 0x2a,
  0x67, 0xb0, 0x08, 0xa8, 0xc8, 0x5b, 0x6f, 0x7a, 0x1b, 0x26, 0x14, 0x3a,
  0x64, 0x6f, 0x0e, 0xbc, 0xbe, 0x68, 0x65, 0xd8, 0x67, 0xae, 0xfc, 0x11,
  0xb7, 0x84, 0x7e, 0xd3, 0x08, 0x8d, 0x27, 0xc4, 0x8a, 0xfc, 0xa6, 0xc1,
  0x2c, 0x50, 0x84, 0x9e, 0xe1, 0x10, 0x5b, 0xd2, 0x29, 0x19, 0x25, 0x66,
  0x15, 0xa4, 0xbe, 0xa4, 0x8f, 0x63, 0x8b, 0x8d, 0x8e, 0x86, 0xbb, 0x14,
  0xa6, 0xfd, 0x34, 0x1b, 0x67, 0xf7, 0x52, 0x3e, 0x8f, 0x45, 0x0a, 0x1b,
  0x35, 0x3e, 0x53, 0xc7, 0x77, 0x12, 0x1e, 0xd9, 0x98, 0xfa, 0xe9, 0xa0,
  0x0c, 0x91, 0x0f, 0xb3, 0xa1, 0x99, 0x65, 0x05, 0x3a, 0xe9, 0xd6, 0x02,
  0xcd, 0xfe, 0x78, 0x16, 0x07, 0x9f, 0xf5, 0xe0, 0x03, 0xf5, 0xe6, 0xe9,
  0xf6, 0x47, 0x40, 0x3f, 0xad, 0x0f, 0x97, 0x92, 0xee, 0x6e, 0xa4, 0x88,
  0x4e, 0x58, 0x3a, 0xdc, 0x18, 0x6e, 0x77, 0x6c, 0x37, 0xdc, 0x31, 0xa6,
  0xce, 0x44, 0x23, 0x9f, 0x61, 0x25, 0x6d, 0x9a, 0x93, 0xd5, 0x4b, 0xde,
  0xca, 0xbd, 0xb5, 0xc5, 0x63, 0xa8, 0x96, 0x33, 0xf4, 0x81, 0xba, 0x95,
  0xf5, 0x36, 0x6c, 0x25, 0xb9, 0xab, 0xbd, 0x40, 0x21, 0xb1, 0x6a, 0x5d,
  0x9b, 0x69, 0x06, 0xcb, 0x7f, 0xd8, 0x19, 0xef, 0x5c, 0x90, 0x04, 0x57,
  0xc0, 0x10, 0x7f, 0xaf, 0xa3, 0x3e, 0x14, 0x63, 0x35, 0xc0, 0xe5, 0x83,
  0xc1, 0xc8, 0x44, 0xe2, 0x65, 0x4d, 0x0f, 0x40, 0xf3, 0xfd, 0x5c, 0x3b,
  0x5e, 0xb0, 0xd3, 0x2f, 0x7f, 0x8c, 0x71, 0xa6, 0x1c, 0x2e, 0xc1, 0xad,
  0x7a, 0xc9, 0x81, 0x7e, 0x3f, 0xb9, 0x00, 0x52, 0x03, 0x99, 0x65, 0xdb,
  0x40, 0xd4, 0xe0, 0x78, 0xce, 0x16, 0x2f, 0xb9, 0x61, 0xf4, 0x24, 0x17,
  0x83, 0xd6, 0xc2, 0xb0, 0xc1, 0xa9, 0x7d, 0x72, 0x26, 0x32, 0x06, 0x12,
  0x3e, 0x7b, 0x92, 0x6a, 0x8a, 0xe0, 0xb4, 0x82, 0x30, 0x3f, 0xe5, 0x3f,
  0x5a, 0xbf, 0xbb, 0x7f, 0xd9, 0xd5, 0xbd, 0x0c, 0x20, 0xd0, 0xac, 0xae,
  0x5f, 0xce, 0xd3, 0xbc, 0x0c, 0xc8, 0xa1, 0x6d, 0x40, 0x3b, 0x71, 0x30,
  0x49, 0xb0, 0x5d, 0xf0, 0xf6, 0x90, 0xa6, 0x8a, 0x94, 0xad, 0xbf, 0x6a,
  0xf9, 0xf9, 0x50, 0xfa, 0x23, 0x64, 0x37, 0xbc, 0xa2, 0x97, 0xe4, 0x14,
  0x74, 0x8e, 0x7b, 0x81, 0xee, 0x77, 0x61, 0xd2, 0x45, 0x35, 0x1f, 0xfa,
  0xb8, 0x65, 0x22, 0x29, 0x01, 0x29, 0x94, 0x5c, 0xff, 0x3c, 0xbe, 0xb5,
  0xc8, 0xca, 0x26, 0x8a, 0x1f, 0x28, 0x06, 0x39, 0x77, 0x8b, 0xc1, 0x9e,
  0xd3, 0x42, 0x5f, 0xb7, 0x7f, 0x91, 0x81, 0x77, 0x39, 0xfa, 0xaa, 0x88,
  0x54, 0x74, 0xe1, 0x56, 0x25, 0x79, 0x1b, 0x9c, 0x51, 0xba, 0x8c, 0x02,
  0xcc, 0xd7, 0x79, 0xda, 0x0c, 0x7a, 0xe9, 0x65, 0x25, 0xb8, 0x53, 0x15,
  0x97, 0x82, 0x2a, 0x83, 0x15, 0xb4, 0xa0, 0x49, 0x69, 0x19, 0xed, 0x84,
  0xbc, 0x22, 0x9c, 0xe0, 0x49, 0xd1, 0x3f, 0x04, 0xb3, 0xff, 0xe6, 0xa8,
  0x04, 0x84, 0x22, 0xac, 0x10, 0xde, 0x17, 0x64, 0x62, 0xd8, 0x00, 0xe6,
  0x6b, 0xee, 0xc0, 0xa9, 0x76, 0x29, 0x76, 0xfd, 0x81, 0x4c, 0xfe, 0xcd,
  0x3a, 0x0d, 0xc9, 0xd7, 0x92, 0x61, 0x5b, 0x74, 0x7d, 0x24, 0x59, 0x50,
  0xf1, 0xa2, 0x81, 0xbf, 0x3a, 0x98, 0x23, 0xe3, 0x48, 0x58, 0x82, 0xc5,
  0x63, 0x6b, 0x85, 0x8b, 0xd2, 0xed, 0x78, 0x21, 0x2b, 0xd7, 0x68, 0x3b,
  0x6a, 0xe7, 0x72, 0x84, 0x51, 0x83, 0x3b, 0x0e, 0x4a, 0x33, 0x4e, 0x5d,
  0xc2, 0xc4, 0x71, 0x86, 0x51, 0x1e, 0xad, 0x7b, 0x51, 0x49, 0x91, 0xfb,
  0x1b, 0xd1, 0x4a, 0x83, 0x4d, 0x70, 0xdf, 0xa0, 0x9f, 0x4f, 0x8d, 0x1a,
  0x77, 0x68, 0x20, 0x85, 0xaf, 0x59, 0x14, 0x9b, 0x84, 0x30, 0x67, 0xbc,
  0x2e, 0x5d, 0x0b, 0x89, 0xcf, 0xca, 0x39, 0x8c, 0x3c, 0xc9, 0x51, 0x02,
  0x97, 0x96, 0x79, 0xb6, 0x86, 0x3b, 0x9e, 0x06, 0xb6, 0x3d, 0x95, 0x0c,
  0x87, 0xbf, 0x82, 0xea, 0x7d, 0x7a, 0xac, 0x7f, 0xd5, 0x53, 0xe9, 0x0e,
  0x08, 0x95, 0xff, 0xff, 0x0c, 0x95, 0xff, 0xff, 0xd2, 0xba, 0xff, 0xff,
  0x04, 0x00, 0x00, 0x00, 0x54, 0x00, 0x00, 0x00, 0x00, 0x00, 0x00, 0x00,
  0x00, 0x00, 0x00, 0x00, 0x00, 0x00, 0x00, 0x00, 0x00, 0x00, 0x00, 0x00,
  0x00, 0x00, 0x00, 0x00, 0x00, 0x00, 0x00, 0x00, 0x00, 0x00, 0x00, 0x00,
  0x00, 0x00, 0x00, 0x00, 0x00, 0x00, 0x00, 0x00, 0x00, 0x00, 0x00, 0x00,
  0x00, 0x00, 0x00, 0x00, 0x00, 0x00, 0x00, 0x00, 0x00, 0x00, 0x00, 0x00,
  0x00, 0x00, 0x00, 0x00, 0x00, 0x00, 0x00, 0x00, 0x00, 0x00, 0x00, 0x00,
  0x00, 0x00, 0x00, 0x00, 0x00, 0x00, 0x00, 0x00, 0x00, 0x00, 0x00, 0x00,
  0x00, 0x00, 0x00, 0x00, 0x00, 0x00, 0x00, 0x00, 0x32, 0xbb, 0xff, 0xff,
  0x04, 0x00, 0x00, 0x00, 0xd8, 0x09, 0x00, 0x00, 0x68, 0xef, 0x9a, 0x31,
  0xe5, 0xf0, 0x5a, 0xbe, 0x05, 0xa9, 0x4d, 0xdc, 0x50, 0x43, 0x03, 0x4d,
  0xa5, 0xe7, 0x02, 0x25, 0xe0, 0x28, 0x61, 0x87, 0x06, 0xaf, 0xf4, 0x1e,
  0xbd, 0xd8, 0xc7, 0x13, 0xe5, 0xb0, 0x24, 0x7a, 0xb3, 0x6d, 0xd9, 0xc2,
  0x87, 0x77, 0x2e, 0x9a, 0xfd, 0x45, 0xa1, 0x66, 0x1e, 0x6f, 0x1f, 0xff,
  0x24, 0x28, 0xa6, 0x34, 0xa6, 0x8f, 0x12, 0x65, 0x27, 0x29, 0x9f, 0x1f,
  0x77, 0xce, 0x36, 0x1b, 0x28, 0x2a, 0x0b, 0xa3, 0x05, 0x04, 0x39, 0xf4,
  0x75, 0x85, 0x1c, 0xdc, 0x1d, 0x0e, 0x09, 0x7c, 0xd3, 0xcd, 0xc4, 0xca,
  0x89, 0x51, 0x95, 0xa4, 0x2a, 0x29, 0x46, 0x65, 0x81, 0x4d, 0xde, 0xa1,
  0x97, 0x9c, 0x0c, 0x60, 0x36, 0x32, 0xbe, 0x4c, 0x6e, 0xc4, 0xae, 0x17,
  0x91, 0xe9, 0xb1, 0x0f, 0x33, 0x63, 0xf2, 0x9b, 0x1c, 0x05, 0x3d, 0x61,
  0x08, 0x93, 0xa3, 0x8f, 0x09, 0x5d, 0x10, 0xb1, 0x5b, 0x73, 0x11, 0xea,
  0x3a, 0x20, 0x11, 0xff, 0x06, 0x81, 0xe1, 0x93, 0xda, 0x5f, 0x0f, 0xf3,
  0x39, 0x19, 0x43, 0xf8, 0xe0, 0xf5, 0x13, 0xcb, 0xa6, 0xe6, 0x56, 0x1f,
  0xaf, 0xe7, 0x2a, 0xc6, 0xd3, 0x7c, 0xd5, 0xd2, 0x00, 0xc1, 0x22, 0x75,
  0x7d, 0x58, 0x3f, 0xa5, 0x52, 0x5e, 0x36, 0xf2, 0x5a, 0xa5, 0x44, 0x71,
  0xe8, 0x0a, 0xe3, 0xf1, 0xc0, 0x2a, 0x8d, 0x2e, 0xbc, 0x03, 0x59, 0x3f,
  0xa5, 0xcf, 0x87, 0x33, 0x85, 0xee, 0x36, 0x57, 0x96, 0xfa, 0x9b, 0x28,
  0x0e, 0x97, 0x2f, 0xd4, 0x7f, 0x45, 0x90, 0x9b, 0x2c, 0x3a, 0x3b, 0xd8,
  0x6a, 0xa2, 0x8a, 0x2c, 0x26, 0x83, 0x6c, 0x00, 0xd0, 0x6c, 0x2e, 0x8f,
  0x33, 0x60, 0x93, 0xa2, 0xe3, 0xa6, 0x2d, 0x97, 0x74, 0xd1, 0xb2, 0x58,
  0x89, 0xd8, 0x28, 0x0c, 0x36, 0x39, 0x15, 0x33, 0x1e, 0xf5, 0x16, 0x01,
  0xfd, 0xb4, 0x0f, 0xeb, 0x16, 0x7f, 0x4f, 0x99, 0x19, 0x02, 0x22, 0x5e,
  0x89, 0xa1, 0xbb, 0xe4, 0xe0, 0xe6, 0x52, 0x38, 0xec, 0x70, 0x16, 0x8b,
  0x3d, 0x6e, 0x43, 0xfb, 0xf6, 0xd2, 0x22, 0xe0, 0x66, 0x67, 0x15, 0xce,
  0x85, 0x0f, 0xe3, 0xe3, 0x60, 0xde, 0xab, 0xd4, 0x4a, 0x23, 0xb9, 0x8b,
  0x7d, 0x9c, 0xaf, 0x39, 0x27, 0xaa, 0xe0, 0x4f, 0xc8, 0xc0, 0xda, 0x31,
  0x15, 0x8a, 0x7e, 0x8f, 0x6a, 0x27, 0x76, 0x7b, 0xd7, 0xea, 0x09, 0xb6,
  0xc1, 0x3d, 0x4c, 0x02, 0x41, 0x5a, 0x4b, 0x46, 0xa5, 0x79, 0x11, 0x48,
  0x52, 0xe1, 0x40, 0xe6, 0xf0, 0x17, 0x19, 0x95, 0x64, 0x13, 0xcc, 0x1e,
  0x0e, 0x89, 0xe7, 0x6c, 0x3b, 0x7e, 0xcd, 0xf4, 0xa8, 0xc0, 0xfe, 0x72,
  0x77, 0xff, 0xf6, 0x45, 0x6a, 0xdf, 0xe8, 0x86, 0xb3, 0xe8, 0xb8, 0xc4,
  0xab, 0xae, 0x5b, 0x61, 0x98, 0x29, 0xee, 0xc7, 0xc8, 0x8f, 0x34, 0x8f,
  0x26, 0xbb, 0x19, 0xfd, 0x2a, 0x71, 0xfb, 0x84, 0x78, 0x39, 0x15, 0x55,
  0x35, 0x8e, 0xb6, 0xed, 0x6a, 0xd1, 0x6a, 0xc0, 0xf7, 0x48, 0xa3, 0x9c,
  0x7e, 0x65, 0xb3, 0xe5, 0xf7, 0xed, 0x59, 0x67, 0x0f, 0x34, 0x63, 0xce,
  0xaf, 0x92, 0xf4, 0xa3, 0x9d, 0x87, 0x64, 0xb0, 0xef, 0xb0, 0x9c, 0x0e,
  0xff, 0x6e, 0xdb, 0x5d, 0x47, 0x12, 0xf2, 0x92, 0x9a, 0xd3, 0x34, 0xe5,
  0x5b, 0x26, 0x13, 0x49, 0xd2, 0x10, 0x6a, 0x96, 0x0b, 0xb0, 0x45, 0x65,
  0xac, 0x6f, 0xc1, 0x46, 0x7f, 0x52, 0x78, 0x13, 0x26, 0x31, 0xb6, 0x69,
  0x13, 0x70, 0xe8, 0xf0, 0xf2, 0x3d, 0xe5, 0xe6, 0x32, 0x17, 0xc2, 0x89,
  0x8e, 0x1b, 0x0e, 0x81, 0x3d, 0xb5, 0x1f, 0x21, 0x00, 0xc5, 0xc1, 0xae,
  0xa7, 0x4b, 0xd2, 0x89, 0x18, 0x6c, 0x69, 0xca, 0xc7, 0x86, 0x77, 0xfc,
  0xfd, 0x45, 0x3f, 0x49, 0xa0, 0x1f, 0x64, 0x11, 0x39, 0x39, 0x3e, 0xab,
  0x06, 0x53, 0xf0, 0x3d, 0xc7, 0x45, 0x78, 0x01, 0x63, 0x0d, 0x88, 0xfb,
  0xd6, 0xc7, 0xdc, 0x66, 0x8f, 0xec, 0xf7, 0xb7, 0xf6, 0x6a, 0xcb, 0x21,
  0xe0, 0xce, 0x1e, 0xd0, 0x9b, 0x55, 0xc1, 0x29, 0x66, 0xe3, 0x60, 0x22,
  0xd6, 0x44, 0x76, 0xea, 0xf8, 0x8e, 0x50, 0x17, 0xb7, 0x1e, 0x69, 0x8e,
  0x2a, 0xbe, 0x08, 0x0a, 0x12, 0xab, 0x3a, 0x70, 0xa3, 0xef, 0x83, 0xb5,
  0x86, 0x05, 0xf2, 0x88, 0x72, 0x84, 0x95, 0x3d, 0x25, 0x81, 0xac, 0x0a,
  0x3f, 0x0a, 0xba, 0x52, 0x67, 0x3c, 0x08, 0x4b, 0xc0, 0x5c, 0x0e, 0x10,
  0xe4, 0x14, 0xbb, 0x16, 0x25, 0x9d, 0x6c, 0xd2, 0x9f, 0x8b, 0x63, 0x41,
  0xe9, 0xc9, 0xe0, 0xac, 0x17, 0x5b, 0x1a, 0x7a, 0x81, 0xe3, 0x4d, 0xe8,
  0x25, 0x66, 0x44, 0x51, 0xc7, 0x56, 0x9e, 0x73, 0x73, 0x88, 0x12, 0x97,
  0x43, 0xfc, 0x69, 0xda, 0xcf, 0xd0, 0x20, 0xf3, 0xe8, 0xe8, 0xb6, 0xed,
  0x6b, 0x29, 0x43, 0x33, 0xd5, 0x23, 0x5c, 0xa6, 0x45, 0x59, 0x8d, 0x70,
  0x7e, 0xf8, 0x5e, 0x62, 0xcb, 0xd7, 0x34, 0x6e, 0x1b, 0x04, 0xf4, 0x7b,
  0x30, 0x8c, 0x59, 0x3b, 0xae, 0x36, 0x8a, 0x06, 0x27, 0xc9, 0xe0, 0xe2,
  0xde, 0xe9, 0xab, 0x96, 0xed, 0x33, 0x7b, 0xfc, 0x41, 0x4b, 0x8e, 0x75,
  0x37, 0xe2, 0x65, 0xa4, 0x67, 0x20, 0x37, 0x93, 0xc0, 0x87, 0xbd, 0xb9,
  0xd8, 0xf2, 0x3c, 0x1a, 0x5e, 0x93, 0x02, 0x6e, 0xe2, 0xca, 0x28, 0x7e,
  0x51, 0x37, 0x59, 0x8a, 0x97, 0x1d, 0x0d, 0xc8, 0x99, 0x6d, 0x85, 0x2c,
  0x9e, 0x16, 0x79, 0x34, 0x00, 0x63, 0x90, 0x0a, 0xa4, 0x99, 0x81, 0xd3,
  0x8a, 0x4d, 0xe2, 0x9d, 0x7c, 0x1f, 0xcc, 0xc1, 0xe3, 0x42, 0x64, 0xb2,
  0x04, 0xf9, 0x35, 0x8f, 0x8a, 0xdc, 0xc9, 0x39, 0x3a, 0x46, 0xe5, 0x7c,
  0x5e, 0xd0, 0x1d, 0x95, 0xe7, 0xc3, 0xe3, 0x43, 0x31, 0xae, 0x07, 0xdb,
  0x06, 0x94, 0xd2, 0xea, 0x70, 0x20, 0xe3, 0xd5, 0x9e, 0xb9, 0x7b, 0x74,
  0xea, 0x8a, 0xe7, 0x23, 0x00, 0xaf, 0x6a, 0x4f, 0xf3, 0xee, 0x97, 0x7d,
  0x46, 0xd9, 0x1c, 0xea, 0xdf, 0xf6, 0xb7, 0x61, 0x8a, 0x0b, 0x78, 0x29,
  0x50, 0xd6, 0x4e, 0x5e, 0x5e, 0x9f, 0x69, 0x9f, 0x64, 0x63, 0x9a, 0xae,
  0x95, 0xcb, 0x83, 0x00, 0xa7, 0x3b, 0x2b, 0x27, 0x58, 0x11, 0xc9, 0x9c,
  0xdf, 0xf3, 0x59, 0x67, 0xda, 0x17, 0xd7, 0x6d, 0x81, 0xaf, 0x5d, 0x62,
  0xf7, 0xba, 0xc9, 0x36, 0x63, 0xcb, 0x67, 0x08, 0xe4, 0x4e, 0xca, 0x37,
  0x34, 0x40, 0x89, 0x8f, 0x24, 0xfe, 0x95, 0xe4, 0x5f, 0x6f, 0x40, 0x02,
  0x36, 0xd1, 0x41, 0x8a, 0x06, 0x99, 0xf2, 0x12, 0x41, 0xc7, 0xed, 0xed,
  0x70, 0x8e, 0x94, 0xf7, 0xe7, 0xce, 0x71, 0xbf, 0xa5, 0xa0, 0x30, 0x47,
  0x57, 0xe3, 0x60, 0xcd, 0x8e, 0x55, 0xfc, 0x70, 0x30, 0x91, 0x8e, 0x9f,
  0xf9, 0x11, 0x2f, 0x59, 0x72, 0xff, 0x91, 0x41, 0x75, 0x21, 0x96, 0xb5,
  0xbf, 0x2f, 0xf4, 0xbe, 0x77, 0xc7, 0xe2, 0x49, 0x91, 0x4f, 0x7d, 0x3f,
  0x7c, 0x62, 0x38, 0x8d, 0x8a, 0x30, 0x85, 0x26, 0xf9, 0xd2, 0x03, 0x7d,
  0x1b, 0x0f, 0x26, 0x0a, 0x4f, 0x36, 0x1a, 0xa7, 0xfe, 0x67, 0x35, 0x78,
  0x43, 0x4f, 0x55, 0xd7, 0x9c, 0xb4, 0xe9, 0x2c, 0x7a, 0x72, 0xdf, 0xb0,
  0x8e, 0xa8, 0x69, 0xdc, 0x55, 0x75, 0x33, 0x0d, 0xd0, 0x30, 0xc4, 0x1c,
  0x32, 0x0f, 0x30, 0x44, 0x0d, 0xa4, 0xc1, 0x19, 0xca, 0xc4, 0xef, 0x28,
  0x8e, 0x65, 0xdd, 0xef, 0x01, 0xdd, 0x38, 0x7f, 0xfc, 0x4a, 0xe0, 0xb5,
  0x0e, 0xf5, 0x82, 0x8c, 0x40, 0xdc, 0x3b, 0x84, 0xcf, 0x81, 0xc3, 0x5f,
  0x1f, 0x2c, 0x0b, 0x0a, 0x6e, 0xcf, 0x83, 0x91, 0xf6, 0x7d, 0x2a, 0x1f,
  0xa4, 0x24, 0x34, 0x3b, 0x5b, 0x47, 0x5e, 0xf2, 0xec, 0x08, 0xc1, 0xe9,
  0x78, 0x52, 0xd7, 0x34, 0x76, 0x58, 0x41, 0x94, 0xca, 0x20, 0x17, 0x7a,
  0xe5, 0x65, 0x23, 0x46, 0xc4, 0xc1, 0xda, 0x9d, 0xff, 0x4d, 0xdc, 0xa7,
  0x74, 0x00, 0x6c, 0x84, 0x41, 0xf7, 0x8d, 0x90, 0x93, 0xd7, 0x78, 0x62,
  0x1f, 0xda, 0x29, 0x65, 0xe2, 0xc5, 0xde, 0x8a, 0x62, 0x04, 0x11, 0xd3,
  0x20, 0xe3, 0x19, 0xc8, 0x6d, 0x89, 0xcc, 0xa6, 0xf8, 0xb4, 0x45, 0xe0,
  0xf4, 0xeb, 0x16, 0x3f, 0x71, 0x17, 0xb6, 0x13, 0x3f, 0x29, 0x31, 0x2a,
  0x9b, 0x0c, 0xe9, 0xb6, 0x65, 0x05, 0xb3, 0x98, 0xdd, 0x1e, 0x7a, 0x1b,
  0xec, 0x7d, 0x8b, 0x95, 0xd9, 0x56, 0x59, 0x87, 0xa5, 0xe2, 0x8f, 0x34,
  0x28, 0x77, 0x08, 0xbd, 0xe8, 0x20, 0x67, 0x10, 0x22, 0x74, 0x65, 0x85,
  0xe5, 0xdf, 0x3d, 0x2a, 0x36, 0xfc, 0xea, 0xe6, 0x15, 0xbb, 0x3e, 0x6b,
  0x55, 0x1b, 0x60, 0x47, 0xe3, 0x66, 0x7d, 0xc2, 0xc3, 0x8e, 0x5b, 0xbf,
  0x34, 0xd2, 0x26, 0x38, 0x53, 0xe8, 0x13, 0x3d, 0xb9, 0x40, 0xa8, 0x01,
  0xb7, 0xd3, 0xb5, 0x8d, 0x4f, 0x0b, 0x81, 0x7f, 0xc0, 0x00, 0x87, 0xcf,
  0x44, 0x17, 0x91, 0xb1, 0x5a, 0xc6, 0x1f, 0x11, 0x3f, 0x17, 0x5b, 0x23,
  0xfd, 0x0f, 0x8f, 0x06, 0x81, 0x2f, 0x99, 0x23, 0x15, 0x94, 0x7b, 0x89,
  0x4d, 0x3c, 0x9e, 0xfc, 0xf3, 0x13, 0xd2, 0x64, 0x04, 0x18, 0x0d, 0x94,
  0xd9, 0x82, 0x22, 0x1c, 0xce, 0xa2, 0xcf, 0x86, 0xca, 0xfd, 0x3c, 0x37,
  0x4b, 0x8a, 0x61, 0xd1, 0x9e, 0x7b, 0xa5, 0x73, 0x76, 0xce, 0x21, 0xf5,
  0x16, 0xc8, 0xd3, 0x26, 0x3a, 0xc1, 0x32, 0x7b, 0x23, 0xfb, 0x2a, 0xa2,
  0xa6, 0x5f, 0x53, 0xf7, 0x7a, 0xca, 0x33, 0x08, 0x2b, 0xd2, 0xcd, 0x87,
  0x12, 0x7a, 0x9e, 0xc9, 0x65, 0xd6, 0x35, 0x5b, 0xc0, 0xce, 0xcd, 0xf9,
  0xa1, 0x3c, 0xef, 0x24, 0x42, 0xde, 0x87, 0x40, 0xb0, 0x0a, 0x2c, 0xb5,
  0x22, 0x07, 0xe1, 0xdb, 0x47, 0x3a, 0xd6, 0xd3, 0xc9, 0x46, 0x8c, 0x2f,
  0xa9, 0x66, 0xfb, 0x40, 0x40, 0xab, 0xcf, 0x75, 0x54, 0xfb, 0x32, 0x3f,
  0xfc, 0xf1, 0x09, 0x99, 0x58, 0x5a, 0xea, 0x4c, 0x98, 0x83, 0x8e, 0xf6,
  0x51, 0xa7, 0xc1, 0xb7, 0x93, 0xad, 0xcd, 0xd6, 0x3e, 0xb6, 0xfe, 0x6d,
  0xda, 0xd5, 0xd8, 0x86, 0xd5, 0x1d, 0xb3, 0xf9, 0xbb, 0x3a, 0x86, 0x0f,
  0x08, 0x57, 0x6a, 0x48, 0x2c, 0x56, 0xf1, 0x23, 0xf2, 0x7c, 0x98, 0x1c,
  0xa0, 0xcf, 0x1e, 0xb0, 0xdf, 0x6c, 0xf8, 0x4c, 0x9c, 0xa3, 0xc5, 0x64,
  0xed, 0x6a, 0x2b, 0xf3, 0x9c, 0x12, 0xa8, 0xe3, 0x72, 0x17, 0x44, 0xfb,
  0x2f, 0x7f, 0x90, 0xf6, 0x00, 0x3d, 0xaf, 0x2c, 0x93, 0xea, 0x1f, 0x91,
  0x61, 0x83, 0x34, 0xe4, 0xd5, 0xa9, 0xa7, 0xca, 0x32, 0xb1, 0x82, 0x73,
  0xb2, 0x4d, 0x27, 0x66, 0x67, 0x0e, 0x3c, 0x79, 0xe9, 0x35, 0xe5, 0x7f,
  0x02, 0xba, 0x41, 0x47, 0xf5, 0xda, 0x78, 0x90, 0xb3, 0x6b, 0x22, 0x42,
  0x85, 0x5e, 0xb0, 0xf3, 0x2d, 0x1f, 0x35, 0xa2, 0x35, 0x71, 0x95, 0xcf,
  0x7d, 0x37, 0x21, 0x41, 0x9b, 0x96, 0xb4, 0xb4, 0xa0, 0x3c, 0xb8, 0x9d,
  0xcd, 0x2a, 0xba, 0x30, 0x03, 0xdd, 0x91, 0xc0, 0x31, 0x85, 0xd8, 0x6b,
  0x8c, 0x48, 0xe4, 0x41, 0x06, 0xf4, 0xf0, 0xa0, 0xd2, 0x6f, 0x56, 0xcb,
  0x35, 0x5d, 0xee, 0xe9, 0xc0, 0xad, 0x37, 0x76, 0x2a, 0x21, 0x32, 0x6e,
  0x13, 0x7b, 0xa0, 0x4e, 0xc2, 0x3c, 0x77, 0x7a, 0x7c, 0x30, 0xe8, 0xd3,
  0x24, 0x75, 0x6d, 0x5d, 0x95, 0x55, 0xab, 0xe3, 0xe7, 0xff, 0x28, 0x24,
  0x3e, 0x65, 0x13, 0xb5, 0xa4, 0xfc, 0x56, 0xbf, 0x56, 0xaf, 0x81, 0x67,
  0x61, 0x59, 0x76, 0x87, 0x35, 0x7c, 0x32, 0xbc, 0x84, 0x78, 0x45, 0xde,
  0x45, 0x13, 0x66, 0x30, 0x68, 0x8b, 0x74, 0x13, 0x52, 0x3b, 0xab, 0x91,
  0x27, 0xc6, 0x37, 0xb0, 0x96, 0x94, 0x31, 0x2b, 0xf7, 0x98, 0xda, 0x8e,
  0x1f, 0x91, 0x67, 0x2e, 0x3d, 0x9b, 0x5a, 0x18, 0xe9, 0x23, 0xd5, 0x12,
  0x6e, 0x75, 0x62, 0xe8, 0xbe, 0x91, 0x13, 0xcf, 0xcf, 0x17, 0xd5, 0x1d,
  0xb3, 0x67, 0x5f, 0xbb, 0xa2, 0x4e, 0xf0, 0xfe, 0x3e, 0xc0, 0x79, 0x4a,
  0x74, 0x0f, 0x29, 0x6c, 0x16, 0xe5, 0x77, 0xd0, 0x70, 0x22, 0xa1, 0xaf,
  0x12, 0xe5, 0xbd, 0x8b, 0x4c, 0xf0, 0x9b, 0x49, 0xbd, 0x27, 0x17, 0x3f,
  0x49, 0xd9, 0xf0, 0x58, 0x10, 0x81, 0x09, 0x6f, 0x1d, 0x0e, 0xeb, 0x1e,
  0x47, 0x60, 0xc3, 0xe3, 0xbf, 0xa5, 0xd2, 0xc9, 0xa6, 0x4b, 0xc9, 0xfd,
  0x5d, 0xdd, 0x7c, 0x84, 0x78, 0x46, 0x84, 0xf4, 0xda, 0xe5, 0x72, 0xaa,
  0xfe, 0x5d, 0xb9, 0x16, 0x1f, 0xd2, 0x4a, 0x3b, 0xe8, 0x55, 0x04, 0xf3,
  0x39, 0xff, 0x70, 0x6c, 0xd4, 0x77, 0x27, 0x93, 0x72, 0x12, 0x7f, 0x87,
  0x67, 0x4f, 0x1c, 0x11, 0x26, 0xd0, 0xd1, 0x4a, 0xf8, 0x01, 0x12, 0x9e,
  0x3f, 0x63, 0xaf, 0x05, 0x7e, 0xab, 0x38, 0x8f, 0xa4, 0x1d, 0x97, 0xf5,
  0x74, 0x2a, 0x2e, 0xd0, 0xdf, 0x87, 0x4c, 0xca, 0x58, 0x0d, 0xbc, 0x8d,
  0xee, 0x12, 0x58, 0x3d, 0xab, 0x70, 0x43, 0x55, 0x28, 0x04, 0x79, 0x77,
  0x9b, 0x8f, 0xd4, 0xc6, 0x5f, 0x8b, 0x8d, 0x7a, 0x8a, 0x4c, 0xd8, 0x8b,
  0x0e, 0xea, 0x65, 0xae, 0xbe, 0x2b, 0x3c, 0x14, 0xb1, 0xa6, 0x15, 0x8e,
  0xa5, 0xc5, 0x29, 0xa8, 0xe5, 0x4a, 0xf2, 0x54, 0x5a, 0x04, 0xf3, 0x83,
  0xa2, 0xc8, 0x1c, 0x9d, 0x1c, 0x3c, 0x11, 0x17, 0xa8, 0x11, 0x3a, 0x97,
  0x37, 0x2c, 0xce, 0x3e, 0x20, 0x4d, 0xba, 0xd2, 0xad, 0xbd, 0x98, 0x54,
  0xdc, 0x87, 0xc2, 0xce, 0x12, 0x5a, 0x27, 0xf3, 0x84, 0xfb, 0x84, 0x20,
  0x4f, 0x95, 0x45, 0xad, 0x9c, 0x7f, 0x31, 0x78, 0xf6, 0xc7, 0x14, 0x2e,
  0xcb, 0x2b, 0x1c, 0xdc, 0x89, 0x2a, 0xd8, 0xbd, 0x3a, 0xa9, 0xf4, 0xe8,
  0x98, 0x68, 0xca, 0xe6, 0xd1, 0x55, 0x8d, 0xe3, 0x17, 0xde, 0x9f, 0x79,
  0xed, 0x18, 0x0d, 0x2c, 0x61, 0xef, 0xd2, 0x6b, 0x10, 0x9c, 0xff, 0x4b,
  0x27, 0x2a, 0x73, 0x00, 0x2a, 0x85, 0xf6, 0x69, 0x9f, 0x6b, 0x6a, 0xb9,
  0x4b, 0x6c, 0xa6, 0x28, 0x1c, 0xaa, 0x14, 0xe3, 0xd5, 0x85, 0xc8, 0x00,
  0xe7, 0xe3, 0x19, 0x3d, 0xe8, 0xcb, 0x5e, 0x7e, 0x16, 0x21, 0xad, 0x6d,
  0xd9, 0x10, 0xff, 0x72, 0xaf, 0x4c, 0xa7, 0xd2, 0x1a, 0x61, 0x19, 0x19,
  0xa4, 0xc2, 0x9d, 0xca, 0x2e, 0x03, 0xce, 0x97, 0x91, 0x5d, 0x96, 0x67,
  0xdf, 0xe4, 0xff, 0xc8, 0x09, 0x3a, 0x9b, 0x91, 0xe8, 0xcf, 0x24, 0x4b,
  0x1a, 0x6e, 0xd2, 0xb4, 0x1f, 0x6c, 0xd2, 0xd4, 0x31, 0xc4, 0x2b, 0xd8,
  0x2e, 0xbe, 0x2f, 0x93, 0xef, 0x76, 0xb1, 0x0f, 0x75, 0x98, 0x5c, 0xcf,
  0xf5, 0x51, 0x50, 0xa8, 0x1a, 0xd4, 0x59, 0x5b, 0x7a, 0x76, 0x5b, 0x29,
  0xb9, 0xc4, 0x51, 0x1f, 0x61, 0x6e, 0x81, 0x41, 0x97, 0x9f, 0x15, 0x6d,
  0xc9, 0x0f, 0x39, 0xc0, 0xeb, 0xef, 0x6a, 0xf2, 0xb2, 0x5a, 0x5f, 0xd8,
  0x8f, 0xbe, 0xf0, 0x03, 0xe1, 0x06, 0x1a, 0x5c, 0xc9, 0x6f, 0xd9, 0x15,
  0x4f, 0x48, 0x51, 0x53, 0xa3, 0xb0, 0x96, 0xad, 0xe2, 0xf3, 0x7a, 0x93,
  0xd6, 0xdd, 0x58, 0x85, 0x78, 0x0b, 0xc5, 0x99, 0x65, 0x73, 0x7e, 0xcd,
  0x2f, 0x3b, 0x90, 0x93, 0x52, 0x8a, 0xd9, 0x2c, 0xc5, 0x88, 0x37, 0x8e,
  0x27, 0x99, 0x3e, 0x2d, 0x35, 0x40, 0xe6, 0xd8, 0xe6, 0xee, 0xd0, 0xa4,
  0x2b, 0x2a, 0xfb, 0x0b, 0xbc, 0xfd, 0x4d, 0x28, 0xf5, 0xd2, 0xf4, 0xe7,
  0xba, 0x00, 0x4c, 0x4a, 0xa3, 0xfc, 0x65, 0x7f, 0x1d, 0xc6, 0x8b, 0x28,
  0x7e, 0xaa, 0x21, 0x5a, 0xe9, 0x02, 0x42, 0x46, 0x0e, 0xe3, 0x69, 0x8a,
  0xc7, 0x56, 0xfd, 0xc7, 0xed, 0xcb, 0x62, 0x99, 0x5a, 0x40, 0x31, 0x65,
  0xff, 0x67, 0x64, 0x73, 0x2e, 0x99, 0x8f, 0x69, 0x67, 0x1b, 0xce, 0x50,
  0xa9, 0xb7, 0xb1, 0x59, 0x1d, 0xf8, 0x11, 0x56, 0xc8, 0x01, 0x3d, 0x75,
  0x41, 0x33, 0xbf, 0x8f, 0xb1, 0x4a, 0x61, 0x2c, 0xe4, 0x78, 0x97, 0xc5,
  0x47, 0x2a, 0xc9, 0x86, 0xd0, 0x0a, 0x6f, 0x51, 0x44, 0xbe, 0x6a, 0x5c,
  0x9f, 0x5a, 0xda, 0x61, 0x22, 0x15, 0x1a, 0x92, 0xf6, 0xeb, 0x15, 0xa4,
  0xa5, 0xe3, 0x3c, 0xc8, 0xb0, 0xc9, 0x0f, 0xe6, 0x7c, 0x00, 0xd8, 0x60,
  0xbc, 0x92, 0x20, 0x84, 0x49, 0xaa, 0xa2, 0x1a, 0x2b, 0xd9, 0x9f, 0xfa,
  0xf5, 0xfc, 0xe0, 0x8a, 0x50, 0x25, 0x66, 0xba, 0xa4, 0x95, 0x3c, 0x0c,
  0x7f, 0x78, 0x02, 0x52, 0x5f, 0xb2, 0x43, 0x58, 0x2d, 0x36, 0xb9, 0xd9,
  0x41, 0x3b, 0x0d, 0xdc, 0x8c, 0x5a, 0xeb, 0x73, 0x66, 0xdd, 0xc5, 0x68,
  0xb4, 0x95, 0xfd, 0x3a, 0xcd, 0xaf, 0xa7, 0xd0, 0x37, 0x09, 0x27, 0xe0,
  0x82, 0x8d, 0xee, 0xc7, 0xda, 0x40, 0x6d, 0xc1, 0x9d, 0x47, 0x5c, 0x29,
  0x6a, 0xcb, 0xcd, 0x87, 0x37, 0x0a, 0x67, 0x56, 0x65, 0xd1, 0x3b, 0xd7,
  0xf6, 0xeb, 0x31, 0xf4, 0xfa, 0xbb, 0x8e, 0x5e, 0x84, 0x2c, 0xf8, 0xa2,
  0x6e, 0x40, 0x03, 0x25, 0x64, 0x92, 0xfc, 0x2e, 0xa3, 0xf4, 0x9d, 0xee,
  0x59, 0xdc, 0x55, 0x93, 0x58, 0xc2, 0x08, 0x84, 0x48, 0xd2, 0xd5, 0x3f,
  0x55, 0x23, 0xf4, 0x32, 0x27, 0x8d, 0x7a, 0x40, 0x25, 0x46, 0xff, 0xe5,
  0x3b, 0xef, 0xf7, 0x3a, 0xd9, 0xe8, 0xc7, 0x3f, 0x02, 0xc3, 0xe4, 0x7e,
  0x7a, 0x16, 0xc3, 0x90, 0x12, 0xca, 0xfd, 0x48, 0x2f, 0xc0, 0x9e, 0x8b,
  0x91, 0x1e, 0xd1, 0x41, 0x03, 0xb3, 0x28, 0x57, 0x2e, 0xde, 0xdf, 0x01,
  0xa9, 0xd4, 0x6f, 0x7f, 0x24, 0xd1, 0xc7, 0x0b, 0x78, 0xdc, 0xdb, 0x82,
  0x69, 0xdb, 0x7c, 0x81, 0x44, 0x48, 0x6f, 0xa9, 0x07, 0xce, 0x5e, 0xd4,
  0x7d, 0x00, 0x36, 0x6e, 0xca, 0x71, 0x8f, 0xb4, 0x82, 0x79, 0x31, 0x50,
  0xe1, 0xc1, 0xdd, 0x30, 0x7c, 0x7b, 0xba, 0x4d, 0x92, 0x2a, 0xb5, 0xac,
  0x30, 0x27, 0xa2, 0x97, 0x72, 0x0e, 0x70, 0xb0, 0x27, 0x66, 0xd2, 0x37,
  0x5a, 0x43, 0xed, 0xa1, 0xe5, 0xeb, 0x21, 0xe6, 0x0c, 0x4e, 0x7f, 0xe6,
  0x3d, 0x9b, 0x8b, 0x43, 0x23, 0x11, 0x4e, 0x92, 0x56, 0x76, 0x8d, 0xd9,
  0x12, 0xfc, 0x89, 0xa9, 0x69, 0xec, 0x5e, 0x96, 0x69, 0x56, 0x40, 0x7f,
  0xc9, 0x4f, 0x4a, 0xae, 0x99, 0x4f, 0xc0, 0xce, 0xaa, 0xb5, 0x22, 0x1e,
  0xe8, 0x74, 0x4f, 0xb4, 0x61, 0x9d, 0x1a, 0x7f, 0x92, 0xc5, 0x1b, 0xce,
  0xd7, 0xcb, 0x03, 0x64, 0x9b, 0xea, 0xbe, 0xc8, 0xb3, 0x91, 0xc0, 0x41,
  0xb6, 0x1e, 0xa8, 0x9b, 0x2f, 0x41, 0xa5, 0x4c, 0x3c, 0x7c, 0x14, 0x95,
  0xe4, 0x60, 0xaf, 0x72, 0xd0, 0xfe, 0x21, 0x2e, 0x52, 0x9c, 0xf1, 0xee,
  0x59, 0x68, 0xc7, 0x73, 0xc6, 0x07, 0xe9, 0x8b, 0x16, 0xc5, 0xff, 0xff,
  0x04, 0x00, 0x00, 0x00, 0x04, 0x00, 0x00, 0x00, 0x00, 0x00, 0x00, 0x00,
  0x26, 0xc5, 0xff, 0xff, 0x04, 0x00, 0x00, 0x00, 0x3c, 0x00, 0x00, 0x00,
  0xe2, 0xaa, 0xf6, 0x24, 0xbf, 0x28, 0x5a, 0xac, 0x90, 0x8c, 0x09, 0x25,
  0x6f, 0x7f, 0x41, 0x36, 0x45, 0xc5, 0x8c, 0x4a, 0xcf, 0x2f, 0xe0, 0x4f,
  0x65, 0xaf, 0xb6, 0x50, 0x35, 0x7c, 0x35, 0xaa, 0x94, 0x32, 0xb4, 0xc1,
  0xe5, 0xa8, 0x62, 0x6e, 0x60, 0xe5, 0x75, 0xda, 0xbe, 0x8b, 0xfc, 0x7a,
  0x78, 0x20, 0xf7, 0xfc, 0xef, 0x6e, 0x8c, 0xef, 0xf0, 0xc3, 0xb7, 0xf7,
  0x6e, 0xc5, 0xff, 0xff, 0x04, 0x00, 0x00, 0x00, 0xf0, 0x18, 0x00, 0x00,
  0x00, 0x00, 0x00, 0x00, 0x00, 0x00, 0x00, 0x00, 0x00, 0x00, 0x00, 0x00,
  0x00, 0x00, 0x00, 0x00, 0x00, 0x00, 0x00, 0x00, 0x00, 0x00, 0x00, 0x00,
  0x00, 0x00, 0x00, 0x00, 0x00, 0x00, 0x00, 0x00, 0x00, 0x00, 0x00, 0x00,
  0x00, 0x00, 0x00, 0x00, 0x00, 0x00, 0x00, 0x00, 0x00, 0x00, 0x00, 0x00,
  0x00, 0x00, 0x00, 0x00, 0x00, 0x00, 0x00, 0x00, 0x00, 0x00, 0x00, 0x00,
  0x00, 0x00, 0x00, 0x00, 0x00, 0x00, 0x00, 0x00, 0x00, 0x00, 0x00, 0x00,
  0x00, 0x00, 0x00, 0x00, 0x00, 0x00, 0x00, 0x00, 0x00, 0x00, 0x00, 0x00,
  0x00, 0x00, 0x00, 0x00, 0x00, 0x00, 0x00, 0x00, 0x00, 0x00, 0x00, 0x00,
  0x00, 0x00, 0x00, 0x00, 0x00, 0x00, 0x00, 0x00, 0x00, 0x00, 0x00, 0x00,
  0x00, 0x00, 0x00, 0x00, 0x00, 0xf9, 0xf2, 0xeb, 0xe4, 0xdd, 0xd6, 0xcf,
  0xc9, 0xc3, 0xbc, 0xb7, 0xb1, 0xab, 0xa6, 0xa1, 0x9d, 0x98, 0x94, 0x91,
  0x8e, 0x8b, 0x88, 0x86, 0x84, 0x83, 0x82, 0x81, 0x81, 0x81, 0x82, 0x83,
  0x84, 0x86, 0x88, 0x8b, 0x8e, 0x91, 0x94, 0x98, 0x9d, 0xa1, 0xa6, 0xab,
  0xb1, 0xb7, 0xbc, 0xc3, 0xc9, 0xcf, 0xd6, 0xdd, 0xe4, 0xeb, 0xf2, 0xf9,
  0x00, 0x07, 0x0e, 0x15, 0x1c, 0x23, 0x2a, 0x31, 0x37, 0x3d, 0x44, 0x49,
  0x4f, 0x55, 0x5a, 0x5f, 0x63, 0x68, 0x6c, 0x6f, 0x72, 0x75, 0x78, 0x7a,
  0x7c, 0x7d, 0x7e, 0x7f, 0x7f, 0x7f, 0x7e, 0x7d, 0x7c, 0x7a, 0x78, 0x75,
  0x72, 0x6f, 0x6c, 0x68, 0x63, 0x5f, 0x5a, 0x55, 0x4f, 0x49, 0x44, 0x3d,
  0x37, 0x31, 0x2a, 0x23, 0x1c, 0x15, 0x0e, 0x07, 0x00, 0xf2, 0xe4, 0xd6,
  0xc9, 0xbc, 0xb1, 0xa6, 0x9d, 0x94, 0x8e, 0x88, 0x84, 0x82, 0x81, 0x82,
  0x84, 0x88, 0x8e, 0x94, 0x9d, 0xa6, 0xb1, 0xbc, 0xc9, 0xd6, 0xe4, 0xf2,
  0x00, 0x0e, 0x1c, 0x2a, 0x37, 0x44, 0x4f, 0x5a, 0x63, 0x6c, 0x72, 0x78,
  0x7c, 0x7e, 0x7f, 0x7e, 0x7c, 0x78, 0x72, 0x6c, 0x63, 0x5a, 0x4f, 0x44,
  0x37, 0x2a, 0x1c, 0x0e, 0x00, 0xf2, 0xe4, 0xd6, 0xc9, 0xbc, 0xb1, 0xa6,
  0x9d, 0x94, 0x8e, 0x88, 0x84, 0x82, 0x81, 0x82, 0x84, 0x88, 0x8e, 0x94,
  0x9d, 0xa6, 0xb1, 0xbc, 0xc9, 0xd6, 0xe4, 0xf2, 0x00, 0x0e, 0x1c, 0x2a,
  0x37, 0x44, 0x4f, 0x5a, 0x63, 0x6c, 0x72, 0x78, 0x7c, 0x7e, 0x7f, 0x7e,
  0x7c, 0x78, 0x72, 0x6c, 0x63, 0x5a, 0x4f, 0x44, 0x37, 0x2a, 0x1c, 0x0e,
  0x00, 0xeb, 0xd6, 0xc3, 0xb1, 0xa1, 0x94, 0x8b, 0x84, 0x81, 0x82, 0x86,
  0x8e, 0x98, 0xa6, 0xb7, 0xc9, 0xdd, 0xf2, 0x07, 0x1c, 0x31, 0x44, 0x55,
  0x63, 0x6f, 0x78, 0x7d, 0x7f, 0x7d, 0x78, 0x6f, 0x63, 0x55, 0x44, 0x31,
  0x1c, 0x07, 0xf2, 0xdd, 0xc9, 0xb7, 0xa6, 0x98, 0x8e, 0x86, 0x82, 0x81,
  0x84, 0x8b, 0x94, 0xa1, 0xb1, 0xc3, 0xd6, 0xeb, 0x00, 0x15, 0x2a, 0x3d,
  0x4f, 0x5f, 0x6c, 0x75, 0x7c, 0x7f, 0x7e, 0x7a, 0x72, 0x68, 0x5a, 0x49,
  0x37, 0x23, 0x0e, 0xf9, 0xe4, 0xcf, 0xbc, 0xab, 0x9d, 0x91, 0x88, 0x83,
  0x81, 0x83, 0x88, 0x91, 0x9d, 0xab, 0xbc, 0xcf, 0xe4, 0xf9, 0x0e, 0x23,
  0x37, 0x49, 0x5a, 0x68, 0x72, 0x7a, 0x7e, 0x7f, 0x7c, 0x75, 0x6c, 0x5f,
  0x4f, 0x3d, 0x2a, 0x15, 0x00, 0xe4, 0xc9, 0xb1, 0x9d, 0x8e, 0x84, 0x81,
  0x84, 0x8e, 0x9d, 0xb1, 0xc9, 0xe4, 0x00, 0x1c, 0x37, 0x4f, 0x63, 0x72,
  0x7c, 0x7f, 0x7c, 0x72, 0x63, 0x4f, 0x37, 0x1c, 0x00, 0xe4, 0xc9, 0xb1,
  0x9d, 0x8e, 0x84, 0x81, 0x84, 0x8e, 0x9d, 0xb1, 0xc9, 0xe4, 0x00, 0x1c,
  0x37, 0x4f, 0x63, 0x72, 0x7c, 0x7f, 0x7c, 0x72, 0x63, 0x4f, 0x37, 0x1c,
  0x00, 0xe4, 0xc9, 0xb1, 0x9d, 0x8e, 0x84, 0x81, 0x84, 0x8e, 0x9d, 0xb1,
  0xc9, 0xe4, 0x00, 0x1c, 0x37, 0x4f, 0x63, 0x72, 0x7c, 0x7f, 0x7c, 0x72,
  0x63, 0x4f, 0x37, 0x1c, 0x00, 0xe4, 0xc9, 0xb1, 0x9d, 0x8e, 0x84, 0x81,
  0x84, 0x8e, 0x9d, 0xb1, 0xc9, 0xe4, 0x00, 0x1c, 0x37, 0x4f, 0x63, 0x72,
  0x7c, 0x7f, 0x7c, 0x72, 0x63, 0x4f, 0x37, 0x1c, 0x00, 0xdd, 0xbc, 0xa1,
  0x8e, 0x83, 0x82, 0x8b, 0x9d, 0xb7, 0xd6, 0xf9, 0x1c, 0x3d, 0x5a, 0x6f,
  0x7c, 0x7f, 0x78, 0x68, 0x4f, 0x31, 0x0e, 0xeb, 0xc9, 0xab, 0x94, 0x86,
  0x81, 0x86, 0x94, 0xab, 0xc9, 0xeb, 0x0e, 0x31, 0x4f, 0x68, 0x78, 0x7f,
  0x7c, 0x6f, 0x5a, 0x3d, 0x1c, 0xf9, 0xd6, 0xb7, 0x9d, 0x8b, 0x82, 0x83,
  0x8e, 0xa1, 0xbc, 0xdd, 0x00, 0x23, 0x44, 0x5f, 0x72, 0x7d, 0x7e, 0x75,
  0x63, 0x49, 0x2a, 0x07, 0xe4, 0xc3, 0xa6, 0x91, 0x84, 0x81, 0x88, 0x98,
  0xb1, 0xcf, 0xf2, 0x15, 0x37, 0x55, 0x6c, 0x7a, 0x7f, 0x7a, 0x6c, 0x55,
  0x37, 0x15, 0xf2, 0xcf, 0xb1, 0x98, 0x88, 0x81, 0x84, 0x91, 0xa6, 0xc3,
  0xe4, 0x07, 0x2a, 0x49, 0x63, 0x75, 0x7e, 0x7d, 0x72, 0x5f, 0x44, 0x23,
  0x00, 0xd6, 0xb1, 0x94, 0x84, 0x82, 0x8e, 0xa6, 0xc9, 0xf2, 0x1c, 0x44,
  0x63, 0x78, 0x7f, 0x78, 0x63, 0x44, 0x1c, 0xf2, 0xc9, 0xa6, 0x8e, 0x82,
  0x84, 0x94, 0xb1, 0xd6, 0x00, 0x2a, 0x4f, 0x6c, 0x7c, 0x7e, 0x72, 0x5a,
  0x37, 0x0e, 0xe4, 0xbc, 0x9d, 0x88, 0x81, 0x88, 0x9d, 0xbc, 0xe4, 0x0e,
  0x37, 0x5a, 0x72, 0x7e, 0x7c, 0x6c, 0x4f, 0x2a, 0x00, 0xd6, 0xb1, 0x94,
  0x84, 0x82, 0x8e, 0xa6, 0xc9, 0xf2, 0x1c, 0x44, 0x63, 0x78, 0x7f, 0x78,
  0x63, 0x44, 0x1c, 0xf2, 0xc9, 0xa6, 0x8e, 0x82, 0x84, 0x94, 0xb1, 0xd6,
  0x00, 0x2a, 0x4f, 0x6c, 0x7c, 0x7e, 0x72, 0x5a, 0x37, 0x0e, 0xe4, 0xbc,
  0x9d, 0x88, 0x81, 0x88, 0x9d, 0xbc, 0xe4, 0x0e, 0x37, 0x5a, 0x72, 0x7e,
  0x7c, 0x6c, 0x4f, 0x2a, 0x00, 0xcf, 0xa6, 0x8b, 0x81, 0x8b, 0xa6, 0xcf,
  0x00, 0x31, 0x5a, 0x75, 0x7f, 0x75, 0x5a, 0x31, 0x00, 0xcf, 0xa6, 0x8b,
  0x81, 0x8b, 0xa6, 0xcf, 0x00, 0x31, 0x5a, 0x75, 0x7f, 0x75, 0x5a, 0x31,
  0x00, 0xcf, 0xa6, 0x8b, 0x81, 0x8b, 0xa6, 0xcf, 0x00, 0x31, 0x5a, 0x75,
  0x7f, 0x75, 0x5a, 0x31, 0x00, 0xcf, 0xa6, 0x8b, 0x81, 0x8b, 0xa6, 0xcf,
  0x00, 0x31, 0x5a, 0x75, 0x7f, 0x75, 0x5a, 0x31, 0x00, 0xcf, 0xa6, 0x8b,
  0x81, 0x8b, 0xa6, 0xcf, 0x00, 0x31, 0x5a, 0x75, 0x7f, 0x75, 0x5a, 0x31,
  0x00, 0xcf, 0xa6, 0x8b, 0x81, 0x8b, 0xa6, 0xcf, 0x00, 0x31, 0x5a, 0x75,
  0x7f, 0x75, 0x5a, 0x31, 0x00, 0xcf, 0xa6, 0x8b, 0x81, 0x8b, 0xa6, 0xcf,
  0x00, 0x31, 0x5a, 0x75, 0x7f, 0x75, 0x5a, 0x31, 0x00, 0xc9, 0x9d, 0x84,
  0x84, 0x9d, 0xc9, 0x00, 0x37, 0x63, 0x7c, 0x7c, 0x63, 0x37, 0x00, 0xc9,
  0x9d, 0x84, 0x84, 0x9d, 0xc9, 0x00, 0x37, 0x63, 0x7c, 0x7c, 0x63, 0x37,
  0x00, 0xc9, 0x9d, 0x84, 0x84, 0x9d, 0xc9, 0x00, 0x37, 0x63, 0x7c, 0x7c,
  0x63, 0x37, 0x00, 0xc9, 0x9d, 0x84, 0x84, 0x9d, 0xc9, 0x00, 0x37, 0x63,
  0x7c, 0x7c, 0x63, 0x37, 0x00, 0xc9, 0x9d, 0x84, 0x84, 0x9d, 0xc9, 0x00,
  0x37, 0x63, 0x7c, 0x7c, 0x63, 0x37, 0x00, 0xc9, 0x9d, 0x84, 0x84, 0x9d,
  0xc9, 0x00, 0x37, 0x63, 0x7c, 0x7c, 0x63, 0x37, 0x00, 0xc9, 0x9d, 0x84,
  0x84, 0x9d, 0xc9, 0x00, 0x37, 0x63, 0x7c, 0x7c, 0x63, 0x37, 0x00, 0xc9,
  0x9d, 0x84, 0x84, 0x9d, 0xc9, 0x00, 0x37, 0x63, 0x7c, 0x7c, 0x63, 0x37,
  0x00, 0xc3, 0x94, 0x81, 0x8e, 0xb7, 0xf2, 0x31, 0x63, 0x7d, 0x78, 0x55,
  0x1c, 0xdd, 0xa6, 0x86, 0x84, 0xa1, 0xd6, 0x15, 0x4f, 0x75, 0x7e, 0x68,
  0x37, 0xf9, 0xbc, 0x91, 0x81, 0x91, 0xbc, 0xf9, 0x37, 0x68, 0x7e, 0x75,
  0x4f, 0x15, 0xd6, 0xa1, 0x84, 0x86, 0xa6, 0xdd, 0x1c, 0x55, 0x78, 0x7d,
  0x63, 0x31, 0xf2, 0xb7, 0x8e, 0x81, 0x94, 0xc3, 0x00, 0x3d, 0x6c, 0x7f,
  0x72, 0x49, 0x0e, 0xcf, 0x9d, 0x83, 0x88, 0xab, 0xe4, 0x23, 0x5a, 0x7a,
  0x7c, 0x5f, 0x2a, 0xeb, 0xb1, 0x8b, 0x82, 0x98, 0xc9, 0x07, 0x44, 0x6f,
  0x7f, 0x6f, 0x44, 0x07, 0xc9, 0x98, 0x82, 0x8b, 0xb1, 0xeb, 0x2a, 0x5f,
  0x7c, 0x7a, 0x5a, 0x23, 0xe4, 0xab, 0x88, 0x83, 0x9d, 0xcf, 0x0e, 0x49,
  0x72, 0x7f, 0x6c, 0x3d, 0x00, 0xbc, 0x8e, 0x82, 0x9d, 0xd6, 0x1c, 0x5a,
  0x7c, 0x78, 0x4f, 0x0e, 0xc9, 0x94, 0x81, 0x94, 0xc9, 0x0e, 0x4f, 0x78,
  0x7c, 0x5a, 0x1c, 0xd6, 0x9d, 0x82, 0x8e, 0xbc, 0x00, 0x44, 0x72, 0x7e,
  0x63, 0x2a, 0xe4, 0xa6, 0x84, 0x88, 0xb1, 0xf2, 0x37, 0x6c, 0x7f, 0x6c,
  0x37, 0xf2, 0xb1, 0x88, 0x84, 0xa6, 0xe4, 0x2a, 0x63, 0x7e, 0x72, 0x44,
  0x00, 0xbc, 0x8e, 0x82, 0x9d, 0xd6, 0x1c, 0x5a, 0x7c, 0x78, 0x4f, 0x0e,
  0xc9, 0x94, 0x81, 0x94, 0xc9, 0x0e, 0x4f, 0x78, 0x7c, 0x5a, 0x1c, 0xd6,
  0x9d, 0x82, 0x8e, 0xbc, 0x00, 0x44, 0x72, 0x7e, 0x63, 0x2a, 0xe4, 0xa6,
  0x84, 0x88, 0xb1, 0xf2, 0x37, 0x6c, 0x7f, 0x6c, 0x37, 0xf2, 0xb1, 0x88,
  0x84, 0xa6, 0xe4, 0x2a, 0x63, 0x7e, 0x72, 0x44, 0x00, 0xb7, 0x88, 0x86,
  0xb1, 0xf9, 0x44, 0x75, 0x7c, 0x55, 0x0e, 0xc3, 0x8e, 0x83, 0xa6, 0xeb,
  0x37, 0x6f, 0x7e, 0x5f, 0x1c, 0xcf, 0x94, 0x81, 0x9d, 0xdd, 0x2a, 0x68,
  0x7f, 0x68, 0x2a, 0xdd, 0x9d, 0x81, 0x94, 0xcf, 0x1c, 0x5f, 0x7e, 0x6f,
  0x37, 0xeb, 0xa6, 0x83, 0x8e, 0xc3, 0x0e, 0x55, 0x7c, 0x75, 0x44, 0xf9,
  0xb1, 0x86, 0x88, 0xb7, 0x00, 0x49, 0x78, 0x7a, 0x4f, 0x07, 0xbc, 0x8b,
  0x84, 0xab, 0xf2, 0x3d, 0x72, 0x7d, 0x5a, 0x15, 0xc9, 0x91, 0x82, 0xa1,
  0xe4, 0x31, 0x6c, 0x7f, 0x63, 0x23, 0xd6, 0x98, 0x81, 0x98, 0xd6, 0x23,
  0x63, 0x7f, 0x6c, 0x31, 0xe4, 0xa1, 0x82, 0x91, 0xc9, 0x15, 0x5a, 0x7d,
  0x72, 0x3d, 0xf2, 0xab, 0x84, 0x8b, 0xbc, 0x07, 0x4f, 0x7a, 0x78, 0x49,
  0x00, 0xb1, 0x84, 0x8e, 0xc9, 0x1c, 0x63, 0x7f, 0x63, 0x1c, 0xc9, 0x8e,
  0x84, 0xb1, 0x00, 0x4f, 0x7c, 0x72, 0x37, 0xe4, 0x9d, 0x81, 0x9d, 0xe4,
  0x37, 0x72, 0x7c, 0x4f, 0x00, 0xb1, 0x84, 0x8e, 0xc9, 0x1c, 0x63, 0x7f,
  0x63, 0x1c, 0xc9, 0x8e, 0x84, 0xb1, 0x00, 0x4f, 0x7c, 0x72, 0x37, 0xe4,
  0x9d, 0x81, 0x9d, 0xe4, 0x37, 0x72, 0x7c, 0x4f, 0x00, 0xb1, 0x84, 0x8e,
  0xc9, 0x1c, 0x63, 0x7f, 0x63, 0x1c, 0xc9, 0x8e, 0x84, 0xb1, 0x00, 0x4f,
  0x7c, 0x72, 0x37, 0xe4, 0x9d, 0x81, 0x9d, 0xe4, 0x37, 0x72, 0x7c, 0x4f,
  0x00, 0xb1, 0x84, 0x8e, 0xc9, 0x1c, 0x63, 0x7f, 0x63, 0x1c, 0xc9, 0x8e,
  0x84, 0xb1, 0x00, 0x4f, 0x7c, 0x72, 0x37, 0xe4, 0x9d, 0x81, 0x9d, 0xe4,
  0x37, 0x72, 0x7c, 0x4f, 0x00, 0xab, 0x82, 0x98, 0xe4, 0x3d, 0x78, 0x75,
  0x37, 0xdd, 0x94, 0x83, 0xb1, 0x07, 0x5a, 0x7f, 0x63, 0x15, 0xbc, 0x86,
  0x8e, 0xcf, 0x2a, 0x6f, 0x7c, 0x49, 0xf2, 0xa1, 0x81, 0xa1, 0xf2, 0x49,
  0x7c, 0x6f, 0x2a, 0xcf, 0x8e, 0x86, 0xbc, 0x15, 0x63, 0x7f, 0x5a, 0x07,
  0xb1, 0x83, 0x94, 0xdd, 0x37, 0x75, 0x78, 0x3d, 0xe4, 0x98, 0x82, 0xab,
  0x00, 0x55, 0x7e, 0x68, 0x1c, 0xc3, 0x88, 0x8b, 0xc9, 0x23, 0x6c, 0x7d,
  0x4f, 0xf9, 0xa6, 0x81, 0x9d, 0xeb, 0x44, 0x7a, 0x72, 0x31, 0xd6, 0x91,
  0x84, 0xb7, 0x0e, 0x5f, 0x7f, 0x5f, 0x0e, 0xb7, 0x84, 0x91, 0xd6, 0x31,
  0x72, 0x7a, 0x44, 0xeb, 0x9d, 0x81, 0xa6, 0xf9, 0x4f, 0x7d, 0x6c, 0x23,
  0xc9, 0x8b, 0x88, 0xc3, 0x1c, 0x68, 0x7e, 0x55, 0x00, 0xa6, 0x81, 0xa6,
  0x00, 0x5a, 0x7f, 0x5a, 0x00, 0xa6, 0x81, 0xa6, 0x00, 0x5a, 0x7f, 0x5a,
  0x00, 0xa6, 0x81, 0xa6, 0x00, 0x5a, 0x7f, 0x5a, 0x00, 0xa6, 0x81, 0xa6,
  0x00, 0x5a, 0x7f, 0x5a, 0x00, 0xa6, 0x81, 0xa6, 0x00, 0x5a, 0x7f, 0x5a,
  0x00, 0xa6, 0x81, 0xa6, 0x00, 0x5a, 0x7f, 0x5a, 0x00, 0xa6, 0x81, 0xa6,
  0x00, 0x5a, 0x7f, 0x5a, 0x00, 0xa6, 0x81, 0xa6, 0x00, 0x5a, 0x7f, 0x5a,
  0x00, 0xa6, 0x81, 0xa6, 0x00, 0x5a, 0x7f, 0x5a, 0x00, 0xa6, 0x81, 0xa6,
  0x00, 0x5a, 0x7f, 0x5a, 0x00, 0xa6, 0x81, 0xa6, 0x00, 0x5a, 0x7f, 0x5a,
  0x00, 0xa6, 0x81, 0xa6, 0x00, 0x5a, 0x7f, 0x5a, 0x00, 0xa6, 0x81, 0xa6,
  0x00, 0x5a, 0x7f, 0x5a, 0x00, 0xa6, 0x81, 0xa6, 0x00, 0x5a, 0x7f, 0x5a,
  0x00, 0xa1, 0x82, 0xb7, 0x1c, 0x6f, 0x78, 0x31, 0xc9, 0x86, 0x94, 0xeb,
  0x4f, 0x7f, 0x5a, 0xf9, 0x9d, 0x83, 0xbc, 0x23, 0x72, 0x75, 0x2a, 0xc3,
  0x84, 0x98, 0xf2, 0x55, 0x7f, 0x55, 0xf2, 0x98, 0x84, 0xc3, 0x2a, 0x75,
  0x72, 0x23, 0xbc, 0x83, 0x9d, 0xf9, 0x5a, 0x7f, 0x4f, 0xeb, 0x94, 0x86,
  0xc9, 0x31, 0x78, 0x6f, 0x1c, 0xb7, 0x82, 0xa1, 0x00, 0x5f, 0x7e, 0x49,
  0xe4, 0x91, 0x88, 0xcf, 0x37, 0x7a, 0x6c, 0x15, 0xb1, 0x81, 0xa6, 0x07,
  0x63, 0x7d, 0x44, 0xdd, 0x8e, 0x8b, 0xd6, 0x3d, 0x7c, 0x68, 0x0e, 0xab,
  0x81, 0xab, 0x0e, 0x68, 0x7c, 0x3d, 0xd6, 0x8b, 0x8e, 0xdd, 0x44, 0x7d,
  0x63, 0x07, 0xa6, 0x81, 0xb1, 0x15, 0x6c, 0x7a, 0x37, 0xcf, 0x88, 0x91,
  0xe4, 0x49, 0x7e, 0x5f, 0x00, 0x9d, 0x84, 0xc9, 0x37, 0x7c, 0x63, 0x00,
  0x9d, 0x84, 0xc9, 0x37, 0x7c, 0x63, 0x00, 0x9d, 0x84, 0xc9, 0x37, 0x7c,
  0x63, 0x00, 0x9d, 0x84, 0xc9, 0x37, 0x7c, 0x63, 0x00, 0x9d, 0x84, 0xc9,
  0x37, 0x7c, 0x63, 0x00, 0x9d, 0x84, 0xc9, 0x37, 0x7c, 0x63, 0x00, 0x9d,
  0x84, 0xc9, 0x37, 0x7c, 0x63, 0x00, 0x9d, 0x84, 0xc9, 0x37, 0x7c, 0x63,
  0x00, 0x9d, 0x84, 0xc9, 0x37, 0x7c, 0x63, 0x00, 0x9d, 0x84, 0xc9, 0x37,
  0x7c, 0x63, 0x00, 0x9d, 0x84, 0xc9, 0x37, 0x7c, 0x63, 0x00, 0x9d, 0x84,
  0xc9, 0x37, 0x7c, 0x63, 0x00, 0x9d, 0x84, 0xc9, 0x37, 0x7c, 0x63, 0x00,
  0x9d, 0x84, 0xc9, 0x37, 0x7c, 0x63, 0x00, 0x9d, 0x84, 0xc9, 0x37, 0x7c,
  0x63, 0x00, 0x9d, 0x84, 0xc9, 0x37, 0x7c, 0x63, 0x00, 0x98, 0x88, 0xdd,
  0x4f, 0x7f, 0x44, 0xcf, 0x84, 0xa1, 0x0e, 0x6f, 0x72, 0x15, 0xa6, 0x83,
  0xc9, 0x3d, 0x7e, 0x55, 0xe4, 0x8b, 0x94, 0xf9, 0x63, 0x7a, 0x2a, 0xb7,
  0x81, 0xb7, 0x2a, 0x7a, 0x63, 0xf9, 0x94, 0x8b, 0xe4, 0x55, 0x7e, 0x3d,
  0xc9, 0x83, 0xa6, 0x15, 0x72, 0x6f, 0x0e, 0xa1, 0x84, 0xcf, 0x44, 0x7f,
  0x4f, 0xdd, 0x88, 0x98, 0x00, 0x68, 0x78, 0x23, 0xb1, 0x81, 0xbc, 0x31,
  0x7c, 0x5f, 0xf2, 0x91, 0x8e, 0xeb, 0x5a, 0x7d, 0x37, 0xc3, 0x82, 0xab,
  0x1c, 0x75, 0x6c, 0x07, 0x9d, 0x86, 0xd6, 0x49, 0x7f, 0x49, 0xd6, 0x86,
  0x9d, 0x07, 0x6c, 0x75, 0x1c, 0xab, 0x82, 0xc3, 0x37, 0x7d, 0x5a, 0xeb,
  0x8e, 0x91, 0xf2, 0x5f, 0x7c, 0x31, 0xbc, 0x81, 0xb1, 0x23, 0x78, 0x68,
  0x00, 0x94, 0x8e, 0xf2, 0x63, 0x78, 0x1c, 0xa6, 0x84, 0xd6, 0x4f, 0x7e,
  0x37, 0xbc, 0x81, 0xbc, 0x37, 0x7e, 0x4f, 0xd6, 0x84, 0xa6, 0x1c, 0x78,
  0x63, 0xf2, 0x8e, 0x94, 0x00, 0x6c, 0x72, 0x0e, 0x9d, 0x88, 0xe4, 0x5a,
  0x7c, 0x2a, 0xb1, 0x82, 0xc9, 0x44, 0x7f, 0x44, 0xc9, 0x82, 0xb1, 0x2a,
  0x7c, 0x5a, 0xe4, 0x88, 0x9d, 0x0e, 0x72, 0x6c, 0x00, 0x94, 0x8e, 0xf2,
  0x63, 0x78, 0x1c, 0xa6, 0x84, 0xd6, 0x4f, 0x7e, 0x37, 0xbc, 0x81, 0xbc,
  0x37, 0x7e, 0x4f, 0xd6, 0x84, 0xa6, 0x1c, 0x78, 0x63, 0xf2, 0x8e, 0x94,
  0x00, 0x6c, 0x72, 0x0e, 0x9d, 0x88, 0xe4, 0x5a, 0x7c, 0x2a, 0xb1, 0x82,
  0xc9, 0x44, 0x7f, 0x44, 0xc9, 0x82, 0xb1, 0x2a, 0x7c, 0x5a, 0xe4, 0x88,
  0x9d, 0x0e, 0x72, 0x6c, 0x00, 0x91, 0x94, 0x07, 0x72, 0x68, 0xf2, 0x8b,
  0x9d, 0x15, 0x78, 0x5f, 0xe4, 0x86, 0xa6, 0x23, 0x7c, 0x55, 0xd6, 0x83,
  0xb1, 0x31, 0x7e, 0x49, 0xc9, 0x81, 0xbc, 0x3d, 0x7f, 0x3d, 0xbc, 0x81,
  0xc9, 0x49, 0x7e, 0x31, 0xb1, 0x83, 0xd6, 0x55, 0x7c, 0x23, 0xa6, 0x86,
  0xe4, 0x5f, 0x78, 0x15, 0x9d, 0x8b, 0xf2, 0x68, 0x72, 0x07, 0x94, 0x91,
  0x00, 0x6f, 0x6c, 0xf9, 0x8e, 0x98, 0x0e, 0x75, 0x63, 0xeb, 0x88, 0xa1,
  0x1c, 0x7a, 0x5a, 0xdd, 0x84, 0xab, 0x2a, 0x7d, 0x4f, 0xcf, 0x82, 0xb7,
  0x37, 0x7f, 0x44, 0xc3, 0x81, 0xc3, 0x44, 0x7f, 0x37, 0xb7, 0x82, 0xcf,
  0x4f, 0x7d, 0x2a, 0xab, 0x84, 0xdd, 0x5a, 0x7a, 0x1c, 0xa1, 0x88, 0xeb,
  0x63, 0x75, 0x0e, 0x98, 0x8e, 0xf9, 0x6c, 0x6f, 0x00, 0x8e, 0x9d, 0x1c,
  0x7c, 0x4f, 0xc9, 0x81, 0xc9, 0x4f, 0x7c, 0x1c, 0x9d, 0x8e, 0x00, 0x72,
  0x63, 0xe4, 0x84, 0xb1, 0x37, 0x7f, 0x37, 0xb1, 0x84, 0xe4, 0x63, 0x72,
  0x00, 0x8e, 0x9d, 0x1c, 0x7c, 0x4f, 0xc9, 0x81, 0xc9, 0x4f, 0x7c, 0x1c,
  0x9d, 0x8e, 0x00, 0x72, 0x63, 0xe4, 0x84, 0xb1, 0x37, 0x7f, 0x37, 0xb1,
  0x84, 0xe4, 0x63, 0x72, 0x00, 0x8e, 0x9d, 0x1c, 0x7c, 0x4f, 0xc9, 0x81,
  0xc9, 0x4f, 0x7c, 0x1c, 0x9d, 0x8e, 0x00, 0x72, 0x63, 0xe4, 0x84, 0xb1,
  0x37, 0x7f, 0x37, 0xb1, 0x84, 0xe4, 0x63, 0x72, 0x00, 0x8e, 0x9d, 0x1c,
  0x7c, 0x4f, 0xc9, 0x81, 0xc9, 0x4f, 0x7c, 0x1c, 0x9d, 0x8e, 0x00, 0x72,
  0x63, 0xe4, 0x84, 0xb1, 0x37, 0x7f, 0x37, 0xb1, 0x84, 0xe4, 0x63, 0x72,
  0x00, 0x8b, 0xa6, 0x31, 0x7f, 0x31, 0xa6, 0x8b, 0x00, 0x75, 0x5a, 0xcf,
  0x81, 0xcf, 0x5a, 0x75, 0x00, 0x8b, 0xa6, 0x31, 0x7f, 0x31, 0xa6, 0x8b,
  0x00, 0x75, 0x5a, 0xcf, 0x81, 0xcf, 0x5a, 0x75, 0x00, 0x8b, 0xa6, 0x31,
  0x7f, 0x31, 0xa6, 0x8b, 0x00, 0x75, 0x5a, 0xcf, 0x81, 0xcf, 0x5a, 0x75,
  0x00, 0x8b, 0xa6, 0x31, 0x7f, 0x31, 0xa6, 0x8b, 0x00, 0x75, 0x5a, 0xcf,
  0x81, 0xcf, 0x5a, 0x75, 0x00, 0x8b, 0xa6, 0x31, 0x7f, 0x31, 0xa6, 0x8b,
  0x00, 0x75, 0x5a, 0xcf, 0x81, 0xcf, 0x5a, 0x75, 0x00, 0x8b, 0xa6, 0x31,
  0x7f, 0x31, 0xa6, 0x8b, 0x00, 0x75, 0x5a, 0xcf, 0x81, 0xcf, 0x5a, 0x75,
  0x00, 0x8b, 0xa6, 0x31, 0x7f, 0x31, 0xa6, 0x8b, 0x00, 0x75, 0x5a, 0xcf,
  0x81, 0xcf, 0x5a, 0x75, 0x00, 0x88, 0xb1, 0x44, 0x7c, 0x0e, 0x8e, 0xa6,
  0x37, 0x7e, 0x1c, 0x94, 0x9d, 0x2a, 0x7f, 0x2a, 0x9d, 0x94, 0x1c, 0x7e,
  0x37, 0xa6, 0x8e, 0x0e, 0x7c, 0x44, 0xb1, 0x88, 0x00, 0x78, 0x4f, 0xbc,
  0x84, 0xf2, 0x72, 0x5a, 0xc9, 0x82, 0xe4, 0x6c, 0x63, 0xd6, 0x81, 0xd6,
  0x63, 0x6c, 0xe4, 0x82, 0xc9, 0x5a, 0x72, 0xf2, 0x84, 0xbc, 0x4f, 0x78,
  0x00, 0x88, 0xb1, 0x44, 0x7c, 0x0e, 0x8e, 0xa6, 0x37, 0x7e, 0x1c, 0x94,
  0x9d, 0x2a, 0x7f, 0x2a, 0x9d, 0x94, 0x1c, 0x7e, 0x37, 0xa6, 0x8e, 0x0e,
  0x7c, 0x44, 0xb1, 0x88, 0x00, 0x78, 0x4f, 0xbc, 0x84, 0xf2, 0x72, 0x5a,
  0xc9, 0x82, 0xe4, 0x6c, 0x63, 0xd6, 0x81, 0xd6, 0x63, 0x6c, 0xe4, 0x82,
  0xc9, 0x5a, 0x72, 0xf2, 0x84, 0xbc, 0x4f, 0x78, 0x00, 0x86, 0xbc, 0x55,
  0x72, 0xeb, 0x82, 0xcf, 0x63, 0x68, 0xd6, 0x81, 0xe4, 0x6f, 0x5a, 0xc3,
  0x84, 0xf9, 0x78, 0x49, 0xb1, 0x8b, 0x0e, 0x7d, 0x37, 0xa1, 0x94, 0x23,
  0x7f, 0x23, 0x94, 0xa1, 0x37, 0x7d, 0x0e, 0x8b, 0xb1, 0x49, 0x78, 0xf9,
  0x84, 0xc3, 0x5a, 0x6f, 0xe4, 0x81, 0xd6, 0x68, 0x63, 0xcf, 0x82, 0xeb,
  0x72, 0x55, 0xbc, 0x86, 0x00, 0x7a, 0x44, 0xab, 0x8e, 0x15, 0x7e, 0x31,
  0x9d, 0x98, 0x2a, 0x7f, 0x1c, 0x91, 0xa6, 0x3d, 0x7c, 0x07, 0x88, 0xb7,
  0x4f, 0x75, 0xf2, 0x83, 0xc9, 0x5f, 0x6c, 0xdd, 0x81, 0xdd, 0x6c, 0x5f,
  0xc9, 0x83, 0xf2, 0x75, 0x4f, 0xb7, 0x88, 0x07, 0x7c, 0x3d, 0xa6, 0x91,
  0x1c, 0x7f, 0x2a, 0x98, 0x9d, 0x31, 0x7e, 0x15, 0x8e, 0xab, 0x44, 0x7a,
  0x00, 0x84, 0xc9, 0x63, 0x63, 0xc9, 0x84, 0x00, 0x7c, 0x37, 0x9d, 0x9d,
  0x37, 0x7c, 0x00, 0x84, 0xc9, 0x63, 0x63, 0xc9, 0x84, 0x00, 0x7c, 0x37,
  0x9d, 0x9d, 0x37, 0x7c, 0x00, 0x84, 0xc9, 0x63, 0x63, 0xc9, 0x84, 0x00,
  0x7c, 0x37, 0x9d, 0x9d, 0x37, 0x7c, 0x00, 0x84, 0xc9, 0x63, 0x63, 0xc9,
  0x84, 0x00, 0x7c, 0x37, 0x9d, 0x9d, 0x37, 0x7c, 0x00, 0x84, 0xc9, 0x63,
  0x63, 0xc9, 0x84, 0x00, 0x7c, 0x37, 0x9d, 0x9d, 0x37, 0x7c, 0x00, 0x84,
  0xc9, 0x63, 0x63, 0xc9, 0x84, 0x00, 0x7c, 0x37, 0x9d, 0x9d, 0x37, 0x7c,
  0x00, 0x84, 0xc9, 0x63, 0x63, 0xc9, 0x84, 0x00, 0x7c, 0x37, 0x9d, 0x9d,
  0x37, 0x7c, 0x00, 0x84, 0xc9, 0x63, 0x63, 0xc9, 0x84, 0x00, 0x7c, 0x37,
  0x9d, 0x9d, 0x37, 0x7c, 0x00, 0x83, 0xd6, 0x6f, 0x4f, 0xab, 0x94, 0x31,
  0x7c, 0xf9, 0x82, 0xdd, 0x72, 0x49, 0xa6, 0x98, 0x37, 0x7a, 0xf2, 0x81,
  0xe4, 0x75, 0x44, 0xa1, 0x9d, 0x3d, 0x78, 0xeb, 0x81, 0xeb, 0x78, 0x3d,
  0x9d, 0xa1, 0x44, 0x75, 0xe4, 0x81, 0xf2, 0x7a, 0x37, 0x98, 0xa6, 0x49,
  0x72, 0xdd, 0x82, 0xf9, 0x7c, 0x31, 0x94, 0xab, 0x4f, 0x6f, 0xd6, 0x83,
  0x00, 0x7d, 0x2a, 0x91, 0xb1, 0x55, 0x6c, 0xcf, 0x84, 0x07, 0x7e, 0x23,
  0x8e, 0xb7, 0x5a, 0x68, 0xc9, 0x86, 0x0e, 0x7f, 0x1c, 0x8b, 0xbc, 0x5f,
  0x63, 0xc3, 0x88, 0x15, 0x7f, 0x15, 0x88, 0xc3, 0x63, 0x5f, 0xbc, 0x8b,
  0x1c, 0x7f, 0x0e, 0x86, 0xc9, 0x68, 0x5a, 0xb7, 0x8e, 0x23, 0x7e, 0x07,
  0x84, 0xcf, 0x6c, 0x55, 0xb1, 0x91, 0x2a, 0x7d, 0x00, 0x82, 0xe4, 0x78,
  0x37, 0x94, 0xb1, 0x5a, 0x63, 0xbc, 0x8e, 0x2a, 0x7c, 0xf2, 0x81, 0xf2,
  0x7c, 0x2a, 0x8e, 0xbc, 0x63, 0x5a, 0xb1, 0x94, 0x37, 0x78, 0xe4, 0x82,
  0x00, 0x7e, 0x1c, 0x88, 0xc9, 0x6c, 0x4f, 0xa6, 0x9d, 0x44, 0x72, 0xd6,
  0x84, 0x0e, 0x7f, 0x0e, 0x84, 0xd6, 0x72, 0x44, 0x9d, 0xa6, 0x4f, 0x6c,
  0xc9, 0x88, 0x1c, 0x7e, 0x00, 0x82, 0xe4, 0x78, 0x37, 0x94, 0xb1, 0x5a,
  0x63, 0xbc, 0x8e, 0x2a, 0x7c, 0xf2, 0x81, 0xf2, 0x7c, 0x2a, 0x8e, 0xbc,
  0x63, 0x5a, 0xb1, 0x94, 0x37, 0x78, 0xe4, 0x82, 0x00, 0x7e, 0x1c, 0x88,
  0xc9, 0x6c, 0x4f, 0xa6, 0x9d, 0x44, 0x72, 0xd6, 0x84, 0x0e, 0x7f, 0x0e,
  0x84, 0xd6, 0x72, 0x44, 0x9d, 0xa6, 0x4f, 0x6c, 0xc9, 0x88, 0x1c, 0x7e,
  0x00, 0x81, 0xf2, 0x7d, 0x1c, 0x86, 0xd6, 0x75, 0x37, 0x91, 0xbc, 0x68,
  0x4f, 0xa1, 0xa6, 0x55, 0x63, 0xb7, 0x94, 0x3d, 0x72, 0xcf, 0x88, 0x23,
  0x7c, 0xeb, 0x82, 0x07, 0x7f, 0x07, 0x82, 0xeb, 0x7c, 0x23, 0x88, 0xcf,
  0x72, 0x3d, 0x94, 0xb7, 0x63, 0x55, 0xa6, 0xa1, 0x4f, 0x68, 0xbc, 0x91,
  0x37, 0x75, 0xd6, 0x86, 0x1c, 0x7d, 0xf2, 0x81, 0x00, 0x7f, 0x0e, 0x83,
  0xe4, 0x7a, 0x2a, 0x8b, 0xc9, 0x6f, 0x44, 0x98, 0xb1, 0x5f, 0x5a, 0xab,
  0x9d, 0x49, 0x6c, 0xc3, 0x8e, 0x31, 0x78, 0xdd, 0x84, 0x15, 0x7e, 0xf9,
  0x81, 0xf9, 0x7e, 0x15, 0x84, 0xdd, 0x78, 0x31, 0x8e, 0xc3, 0x6c, 0x49,
  0x9d, 0xab, 0x5a, 0x5f, 0xb1, 0x98, 0x44, 0x6f, 0xc9, 0x8b, 0x2a, 0x7a,
  0xe4, 0x83, 0x0e, 0x7f, 0x00, 0x81, 0x00, 0x7f, 0x00, 0x81, 0x00, 0x7f,
  0x00, 0x81, 0x00, 0x7f, 0x00, 0x81, 0x00, 0x7f, 0x00, 0x81, 0x00, 0x7f,
  0x00, 0x81, 0x00, 0x7f, 0x00, 0x81, 0x00, 0x7f, 0x00, 0x81, 0x00, 0x7f,
  0x00, 0x81, 0x00, 0x7f, 0x00, 0x81, 0x00, 0x7f, 0x00, 0x81, 0x00, 0x7f,
  0x00, 0x81, 0x00, 0x7f, 0x00, 0x81, 0x00, 0x7f, 0x00, 0x81, 0x00, 0x7f,
  0x00, 0x81, 0x00, 0x7f, 0x00, 0x81, 0x00, 0x7f, 0x00, 0x81, 0x00, 0x7f,
  0x00, 0x81, 0x00, 0x7f, 0x00, 0x81, 0x00, 0x7f, 0x00, 0x81, 0x00, 0x7f,
  0x00, 0x81, 0x00, 0x7f, 0x00, 0x81, 0x00, 0x7f, 0x00, 0x81, 0x00, 0x7f,
  0x00, 0x81, 0x00, 0x7f, 0x00, 0x81, 0x00, 0x7f, 0x00, 0x81, 0x00, 0x7f,
  0x00, 0x81, 0x00, 0x7f, 0x00, 0x81, 0x00, 0x7f, 0x00, 0x81, 0x0e, 0x7d,
  0xe4, 0x86, 0x2a, 0x75, 0xc9, 0x91, 0x44, 0x68, 0xb1, 0xa1, 0x5a, 0x55,
  0x9d, 0xb7, 0x6c, 0x3d, 0x8e, 0xcf, 0x78, 0x23, 0x84, 0xeb, 0x7e, 0x07,
  0x81, 0x07, 0x7e, 0xeb, 0x84, 0x23, 0x78, 0xcf, 0x8e, 0x3d, 0x6c, 0xb7,
  0x9d, 0x55, 0x5a, 0xa1, 0xb1, 0x68, 0x44, 0x91, 0xc9, 0x75, 0x2a, 0x86,
  0xe4, 0x7d, 0x0e, 0x81, 0x00, 0x7f, 0xf2, 0x83, 0x1c, 0x7a, 0xd6, 0x8b,
  0x37, 0x6f, 0xbc, 0x98, 0x4f, 0x5f, 0xa6, 0xab, 0x63, 0x49, 0x94, 0xc3,
  0x72, 0x31, 0x88, 0xdd, 0x7c, 0x15, 0x82, 0xf9, 0x7f, 0xf9, 0x82, 0x15,
  0x7c, 0xdd, 0x88, 0x31, 0x72, 0xc3, 0x94, 0x49, 0x63, 0xab, 0xa6, 0x5f,
  0x4f, 0x98, 0xbc, 0x6f, 0x37, 0x8b, 0xd6, 0x7a, 0x1c, 0x83, 0xf2, 0x7f,
  0x00, 0x82, 0x1c, 0x78, 0xc9, 0x94, 0x4f, 0x5a, 0x9d, 0xbc, 0x72, 0x2a,
  0x84, 0xf2, 0x7f, 0xf2, 0x84, 0x2a, 0x72, 0xbc, 0x9d, 0x5a, 0x4f, 0x94,
  0xc9, 0x78, 0x1c, 0x82, 0x00, 0x7e, 0xe4, 0x88, 0x37, 0x6c, 0xb1, 0xa6,
  0x63, 0x44, 0x8e, 0xd6, 0x7c, 0x0e, 0x81, 0x0e, 0x7c, 0xd6, 0x8e, 0x44,
  0x63, 0xa6, 0xb1, 0x6c, 0x37, 0x88, 0xe4, 0x7e, 0x00, 0x82, 0x1c, 0x78,
  0xc9, 0x94, 0x4f, 0x5a, 0x9d, 0xbc, 0x72, 0x2a, 0x84, 0xf2, 0x7f, 0xf2,
  0x84, 0x2a, 0x72, 0xbc, 0x9d, 0x5a, 0x4f, 0x94, 0xc9, 0x78, 0x1c, 0x82,
  0x00, 0x7e, 0xe4, 0x88, 0x37, 0x6c, 0xb1, 0xa6, 0x63, 0x44, 0x8e, 0xd6,
  0x7c, 0x0e, 0x81, 0x0e, 0x7c, 0xd6, 0x8e, 0x44, 0x63, 0xa6, 0xb1, 0x6c,
  0x37, 0x88, 0xe4, 0x7e, 0x00, 0x83, 0x2a, 0x6f, 0xb1, 0xab, 0x6c, 0x31,
  0x84, 0xf9, 0x7e, 0xdd, 0x8e, 0x49, 0x5a, 0x98, 0xc9, 0x7a, 0x0e, 0x81,
  0x1c, 0x75, 0xbc, 0xa1, 0x63, 0x3d, 0x88, 0xeb, 0x7f, 0xeb, 0x88, 0x3d,
  0x63, 0xa1, 0xbc, 0x75, 0x1c, 0x81, 0x0e, 0x7a, 0xc9, 0x98, 0x5a, 0x49,
  0x8e, 0xdd, 0x7e, 0xf9, 0x84, 0x31, 0x6c, 0xab, 0xb1, 0x6f, 0x2a, 0x83,
  0x00, 0x7d, 0xd6, 0x91, 0x4f, 0x55, 0x94, 0xcf, 0x7c, 0x07, 0x82, 0x23,
  0x72, 0xb7, 0xa6, 0x68, 0x37, 0x86, 0xf2, 0x7f, 0xe4, 0x8b, 0x44, 0x5f,
  0x9d, 0xc3, 0x78, 0x15, 0x81, 0x15, 0x78, 0xc3, 0x9d, 0x5f, 0x44, 0x8b,
  0xe4, 0x7f, 0xf2, 0x86, 0x37, 0x68, 0xa6, 0xb7, 0x72, 0x23, 0x82, 0x07,
  0x7c, 0xcf, 0x94, 0x55, 0x4f, 0x91, 0xd6, 0x7d, 0x00, 0x84, 0x37, 0x63,
  0x9d, 0xc9, 0x7c, 0x00, 0x84, 0x37, 0x63, 0x9d, 0xc9, 0x7c, 0x00, 0x84,
  0x37, 0x63, 0x9d, 0xc9, 0x7c, 0x00, 0x84, 0x37, 0x63, 0x9d, 0xc9, 0x7c,
  0x00, 0x84, 0x37, 0x63, 0x9d, 0xc9, 0x7c, 0x00, 0x84, 0x37, 0x63, 0x9d,
  0xc9, 0x7c, 0x00, 0x84, 0x37, 0x63, 0x9d, 0xc9, 0x7c, 0x00, 0x84, 0x37,
  0x63, 0x9d, 0xc9, 0x7c, 0x00, 0x84, 0x37, 0x63, 0x9d, 0xc9, 0x7c, 0x00,
  0x84, 0x37, 0x63, 0x9d, 0xc9, 0x7c, 0x00, 0x84, 0x37, 0x63, 0x9d, 0xc9,
  0x7c, 0x00, 0x84, 0x37, 0x63, 0x9d, 0xc9, 0x7c, 0x00, 0x84, 0x37, 0x63,
  0x9d, 0xc9, 0x7c, 0x00, 0x84, 0x37, 0x63, 0x9d, 0xc9, 0x7c, 0x00, 0x84,
  0x37, 0x63, 0x9d, 0xc9, 0x7c, 0x00, 0x84, 0x37, 0x63, 0x9d, 0xc9, 0x7c,
  0x00, 0x86, 0x44, 0x55, 0x8e, 0xeb, 0x7e, 0xcf, 0x9d, 0x68, 0x2a, 0x81,
  0x1c, 0x6f, 0xa6, 0xc3, 0x7c, 0xf9, 0x88, 0x49, 0x4f, 0x8b, 0xf2, 0x7d,
  0xc9, 0xa1, 0x6c, 0x23, 0x81, 0x23, 0x6c, 0xa1, 0xc9, 0x7d, 0xf2, 0x8b,
  0x4f, 0x49, 0x88, 0xf9, 0x7c, 0xc3, 0xa6, 0x6f, 0x1c, 0x81, 0x2a, 0x68,
  0x9d, 0xcf, 0x7e, 0xeb, 0x8e, 0x55, 0x44, 0x86, 0x00, 0x7a, 0xbc, 0xab,
  0x72, 0x15, 0x82, 0x31, 0x63, 0x98, 0xd6, 0x7f, 0xe4, 0x91, 0x5a, 0x3d,
  0x84, 0x07, 0x78, 0xb7, 0xb1, 0x75, 0x0e, 0x83, 0x37, 0x5f, 0x94, 0xdd,
  0x7f, 0xdd, 0x94, 0x5f, 0x37, 0x83, 0x0e, 0x75, 0xb1, 0xb7, 0x78, 0x07,
  0x84, 0x3d, 0x5a, 0x91, 0xe4, 0x7f, 0xd6, 0x98, 0x63, 0x31, 0x82, 0x15,
  0x72, 0xab, 0xbc, 0x7a, 0x00, 0x88, 0x4f, 0x44, 0x84, 0x0e, 0x72, 0xa6,
  0xc9, 0x7e, 0xe4, 0x94, 0x63, 0x2a, 0x81, 0x2a, 0x63, 0x94, 0xe4, 0x7e,
  0xc9, 0xa6, 0x72, 0x0e, 0x84, 0x44, 0x4f, 0x88, 0x00, 0x78, 0xb1, 0xbc,
  0x7c, 0xf2, 0x8e, 0x5a, 0x37, 0x82, 0x1c, 0x6c, 0x9d, 0xd6, 0x7f, 0xd6,
  0x9d, 0x6c, 0x1c, 0x82, 0x37, 0x5a, 0x8e, 0xf2, 0x7c, 0xbc, 0xb1, 0x78,
  0x00, 0x88, 0x4f, 0x44, 0x84, 0x0e, 0x72, 0xa6, 0xc9, 0x7e, 0xe4, 0x94,
  0x63, 0x2a, 0x81, 0x2a, 0x63, 0x94, 0xe4, 0x7e, 0xc9, 0xa6, 0x72, 0x0e,
  0x84, 0x44, 0x4f, 0x88, 0x00, 0x78, 0xb1, 0xbc, 0x7c, 0xf2, 0x8e, 0x5a,
  0x37, 0x82, 0x1c, 0x6c, 0x9d, 0xd6, 0x7f, 0xd6, 0x9d, 0x6c, 0x1c, 0x82,
  0x37, 0x5a, 0x8e, 0xf2, 0x7c, 0xbc, 0xb1, 0x78, 0x00, 0x8b, 0x5a, 0x31,
  0x81, 0x31, 0x5a, 0x8b, 0x00, 0x75, 0xa6, 0xcf, 0x7f, 0xcf, 0xa6, 0x75,
  0x00, 0x8b, 0x5a, 0x31, 0x81, 0x31, 0x5a, 0x8b, 0x00, 0x75, 0xa6, 0xcf,
  0x7f, 0xcf, 0xa6, 0x75, 0x00, 0x8b, 0x5a, 0x31, 0x81, 0x31, 0x5a, 0x8b,
  0x00, 0x75, 0xa6, 0xcf, 0x7f, 0xcf, 0xa6, 0x75, 0x00, 0x8b, 0x5a, 0x31,
  0x81, 0x31, 0x5a, 0x8b, 0x00, 0x75, 0xa6, 0xcf, 0x7f, 0xcf, 0xa6, 0x75,
  0x00, 0x8b, 0x5a, 0x31, 0x81, 0x31, 0x5a, 0x8b, 0x00, 0x75, 0xa6, 0xcf,
  0x7f, 0xcf, 0xa6, 0x75, 0x00, 0x8b, 0x5a, 0x31, 0x81, 0x31, 0x5a, 0x8b,
  0x00, 0x75, 0xa6, 0xcf, 0x7f, 0xcf, 0xa6, 0x75, 0x00, 0x8b, 0x5a, 0x31,
  0x81, 0x31, 0x5a, 0x8b, 0x00, 0x75, 0xa6, 0xcf, 0x7f, 0xcf, 0xa6, 0x75,
  0x00, 0x8e, 0x63, 0x1c, 0x84, 0x4f, 0x37, 0x81, 0x37, 0x4f, 0x84, 0x1c,
  0x63, 0x8e, 0x00, 0x72, 0x9d, 0xe4, 0x7c, 0xb1, 0xc9, 0x7f, 0xc9, 0xb1,
  0x7c, 0xe4, 0x9d, 0x72, 0x00, 0x8e, 0x63, 0x1c, 0x84, 0x4f, 0x37, 0x81,
  0x37, 0x4f, 0x84, 0x1c, 0x63, 0x8e, 0x00, 0x72, 0x9d, 0xe4, 0x7c, 0xb1,
  0xc9, 0x7f, 0xc9, 0xb1, 0x7c, 0xe4, 0x9d, 0x72, 0x00, 0x8e, 0x63, 0x1c,
  0x84, 0x4f, 0x37, 0x81, 0x37, 0x4f, 0x84, 0x1c, 0x63, 0x8e, 0x00, 0x72,
  0x9d, 0xe4, 0x7c, 0xb1, 0xc9, 0x7f, 0xc9, 0xb1, 0x7c, 0xe4, 0x9d, 0x72,
  0x00, 0x8e, 0x63, 0x1c, 0x84, 0x4f, 0x37, 0x81, 0x37, 0x4f, 0x84, 0x1c,
  0x63, 0x8e, 0x00, 0x72, 0x9d, 0xe4, 0x7c, 0xb1, 0xc9, 0x7f, 0xc9, 0xb1,
  0x7c, 0xe4, 0x9d, 0x72, 0x00, 0x91, 0x6c, 0x07, 0x8e, 0x68, 0x0e, 0x8b,
  0x63, 0x15, 0x88, 0x5f, 0x1c, 0x86, 0x5a, 0x23, 0x84, 0x55, 0x2a, 0x83,
  0x4f, 0x31, 0x82, 0x49, 0x37, 0x81, 0x44, 0x3d, 0x81, 0x3d, 0x44, 0x81,
  0x37, 0x49, 0x82, 0x31, 0x4f, 0x83, 0x2a, 0x55, 0x84, 0x23, 0x5a, 0x86,
  0x1c, 0x5f, 0x88, 0x15, 0x63, 0x8b, 0x0e, 0x68, 0x8e, 0x07, 0x6c, 0x91,
  0x00, 0x6f, 0x94, 0xf9, 0x72, 0x98, 0xf2, 0x75, 0x9d, 0xeb, 0x78, 0xa1,
  0xe4, 0x7a, 0xa6, 0xdd, 0x7c, 0xab, 0xd6, 0x7d, 0xb1, 0xcf, 0x7e, 0xb7,
  0xc9, 0x7f, 0xbc, 0xc3, 0x7f, 0xc3, 0xbc, 0x7f, 0xc9, 0xb7, 0x7e, 0xcf,
  0xb1, 0x7d, 0xd6, 0xab, 0x7c, 0xdd, 0xa6, 0x7a, 0xe4, 0xa1, 0x78, 0xeb,
  0x9d, 0x75, 0xf2, 0x98, 0x72, 0xf9, 0x94, 0x6f, 0x00, 0x94, 0x72, 0xf2,
  0x9d, 0x78, 0xe4, 0xa6, 0x7c, 0xd6, 0xb1, 0x7e, 0xc9, 0xbc, 0x7f, 0xbc,
  0xc9, 0x7e, 0xb1, 0xd6, 0x7c, 0xa6, 0xe4, 0x78, 0x9d, 0xf2, 0x72, 0x94,
  0x00, 0x6c, 0x8e, 0x0e, 0x63, 0x88, 0x1c, 0x5a, 0x84, 0x2a, 0x4f, 0x82,
  0x37, 0x44, 0x81, 0x44, 0x37, 0x82, 0x4f, 0x2a, 0x84, 0x5a, 0x1c, 0x88,
  0x63, 0x0e, 0x8e, 0x6c, 0x00, 0x94, 0x72, 0xf2, 0x9d, 0x78, 0xe4, 0xa6,
  0x7c, 0xd6, 0xb1, 0x7e, 0xc9, 0xbc, 0x7f, 0xbc, 0xc9, 0x7e, 0xb1, 0xd6,
  0x7c, 0xa6, 0xe4, 0x78, 0x9d, 0xf2, 0x72, 0x94, 0x00, 0x6c, 0x8e, 0x0e,
  0x63, 0x88, 0x1c, 0x5a, 0x84, 0x2a, 0x4f, 0x82, 0x37, 0x44, 0x81, 0x44,
  0x37, 0x82, 0x4f, 0x2a, 0x84, 0x5a, 0x1c, 0x88, 0x63, 0x0e, 0x8e, 0x6c,
  0x00, 0x98, 0x78, 0xdd, 0xb1, 0x7f, 0xbc, 0xcf, 0x7c, 0xa1, 0xf2, 0x6f,
  0x8e, 0x15, 0x5a, 0x83, 0x37, 0x3d, 0x82, 0x55, 0x1c, 0x8b, 0x6c, 0xf9,
  0x9d, 0x7a, 0xd6, 0xb7, 0x7f, 0xb7, 0xd6, 0x7a, 0x9d, 0xf9, 0x6c, 0x8b,
  0x1c, 0x55, 0x82, 0x3d, 0x37, 0x83, 0x5a, 0x15, 0x8e, 0x6f, 0xf2, 0xa1,
  0x7c, 0xcf, 0xbc, 0x7f, 0xb1, 0xdd, 0x78, 0x98, 0x00, 0x68, 0x88, 0x23,
  0x4f, 0x81, 0x44, 0x31, 0x84, 0x5f, 0x0e, 0x91, 0x72, 0xeb, 0xa6, 0x7d,
  0xc9, 0xc3, 0x7e, 0xab, 0xe4, 0x75, 0x94, 0x07, 0x63, 0x86, 0x2a, 0x49,
  0x81, 0x49, 0x2a, 0x86, 0x63, 0x07, 0x94, 0x75, 0xe4, 0xab, 0x7e, 0xc3,
  0xc9, 0x7d, 0xa6, 0xeb, 0x72, 0x91, 0x0e, 0x5f, 0x84, 0x31, 0x44, 0x81,
  0x4f, 0x23, 0x88, 0x68, 0x00, 0x9d, 0x7c, 0xc9, 0xc9, 0x7c, 0x9d, 0x00,
  0x63, 0x84, 0x37, 0x37, 0x84, 0x63, 0x00, 0x9d, 0x7c, 0xc9, 0xc9, 0x7c,
  0x9d, 0x00, 0x63, 0x84, 0x37, 0x37, 0x84, 0x63, 0x00, 0x9d, 0x7c, 0xc9,
  0xc9, 0x7c, 0x9d, 0x00, 0x63, 0x84, 0x37, 0x37, 0x84, 0x63, 0x00, 0x9d,
  0x7c, 0xc9, 0xc9, 0x7c, 0x9d, 0x00, 0x63, 0x84, 0x37, 0x37, 0x84, 0x63,
  0x00, 0x9d, 0x7c, 0xc9, 0xc9, 0x7c, 0x9d, 0x00, 0x63, 0x84, 0x37, 0x37,
  0x84, 0x63, 0x00, 0x9d, 0x7c, 0xc9, 0xc9, 0x7c, 0x9d, 0x00, 0x63, 0x84,
  0x37, 0x37, 0x84, 0x63, 0x00, 0x9d, 0x7c, 0xc9, 0xc9, 0x7c, 0x9d, 0x00,
  0x63, 0x84, 0x37, 0x37, 0x84, 0x63, 0x00, 0x9d, 0x7c, 0xc9, 0xc9, 0x7c,
  0x9d, 0x00, 0x63, 0x84, 0x37, 0x37, 0x84, 0x63, 0x00, 0xa1, 0x7e, 0xb7,
  0xe4, 0x6f, 0x88, 0x31, 0x37, 0x86, 0x6c, 0xeb, 0xb1, 0x7f, 0xa6, 0xf9,
  0x63, 0x83, 0x44, 0x23, 0x8e, 0x75, 0xd6, 0xc3, 0x7c, 0x98, 0x0e, 0x55,
  0x81, 0x55, 0x0e, 0x98, 0x7c, 0xc3, 0xd6, 0x75, 0x8e, 0x23, 0x44, 0x83,
  0x63, 0xf9, 0xa6, 0x7f, 0xb1, 0xeb, 0x6c, 0x86, 0x37, 0x31, 0x88, 0x6f,
  0xe4, 0xb7, 0x7e, 0xa1, 0x00, 0x5f, 0x82, 0x49, 0x1c, 0x91, 0x78, 0xcf,
  0xc9, 0x7a, 0x94, 0x15, 0x4f, 0x81, 0x5a, 0x07, 0x9d, 0x7d, 0xbc, 0xdd,
  0x72, 0x8b, 0x2a, 0x3d, 0x84, 0x68, 0xf2, 0xab, 0x7f, 0xab, 0xf2, 0x68,
  0x84, 0x3d, 0x2a, 0x8b, 0x72, 0xdd, 0xbc, 0x7d, 0x9d, 0x07, 0x5a, 0x81,
  0x4f, 0x15, 0x94, 0x7a, 0xc9, 0xcf, 0x78, 0x91, 0x1c, 0x49, 0x82, 0x5f,
  0x00, 0xa6, 0x7f, 0xa6, 0x00, 0x5a, 0x81, 0x5a, 0x00, 0xa6, 0x7f, 0xa6,
  0x00, 0x5a, 0x81, 0x5a, 0x00, 0xa6, 0x7f, 0xa6, 0x00, 0x5a, 0x81, 0x5a,
  0x00, 0xa6, 0x7f, 0xa6, 0x00, 0x5a, 0x81, 0x5a, 0x00, 0xa6, 0x7f, 0xa6,
  0x00, 0x5a, 0x81, 0x5a, 0x00, 0xa6, 0x7f, 0xa6, 0x00, 0x5a, 0x81, 0x5a,
  0x00, 0xa6, 0x7f, 0xa6, 0x00, 0x5a, 0x81, 0x5a, 0x00, 0xa6, 0x7f, 0xa6,
  0x00, 0x5a, 0x81, 0x5a, 0x00, 0xa6, 0x7f, 0xa6, 0x00, 0x5a, 0x81, 0x5a,
  0x00, 0xa6, 0x7f, 0xa6, 0x00, 0x5a, 0x81, 0x5a, 0x00, 0xa6, 0x7f, 0xa6,
  0x00, 0x5a, 0x81, 0x5a, 0x00, 0xa6, 0x7f, 0xa6, 0x00, 0x5a, 0x81, 0x5a,
  0x00, 0xa6, 0x7f, 0xa6, 0x00, 0x5a, 0x81, 0x5a, 0x00, 0xa6, 0x7f, 0xa6,
  0x00, 0x5a, 0x81, 0x5a, 0x00, 0xab, 0x7e, 0x98, 0x1c, 0x3d, 0x88, 0x75,
  0xc9, 0xdd, 0x6c, 0x83, 0x4f, 0x07, 0xa6, 0x7f, 0x9d, 0x15, 0x44, 0x86,
  0x72, 0xcf, 0xd6, 0x6f, 0x84, 0x49, 0x0e, 0xa1, 0x7f, 0xa1, 0x0e, 0x49,
  0x84, 0x6f, 0xd6, 0xcf, 0x72, 0x86, 0x44, 0x15, 0x9d, 0x7f, 0xa6, 0x07,
  0x4f, 0x83, 0x6c, 0xdd, 0xc9, 0x75, 0x88, 0x3d, 0x1c, 0x98, 0x7e, 0xab,
  0x00, 0x55, 0x82, 0x68, 0xe4, 0xc3, 0x78, 0x8b, 0x37, 0x23, 0x94, 0x7d,
  0xb1, 0xf9, 0x5a, 0x81, 0x63, 0xeb, 0xbc, 0x7a, 0x8e, 0x31, 0x2a, 0x91,
  0x7c, 0xb7, 0xf2, 0x5f, 0x81, 0x5f, 0xf2, 0xb7, 0x7c, 0x91, 0x2a, 0x31,
  0x8e, 0x7a, 0xbc, 0xeb, 0x63, 0x81, 0x5a, 0xf9, 0xb1, 0x7d, 0x94, 0x23,
  0x37, 0x8b, 0x78, 0xc3, 0xe4, 0x68, 0x82, 0x55, 0x00, 0xb1, 0x7c, 0x8e,
  0x37, 0x1c, 0x9d, 0x7f, 0x9d, 0x1c, 0x37, 0x8e, 0x7c, 0xb1, 0x00, 0x4f,
  0x84, 0x72, 0xc9, 0xe4, 0x63, 0x81, 0x63, 0xe4, 0xc9, 0x72, 0x84, 0x4f,
  0x00, 0xb1, 0x7c, 0x8e, 0x37, 0x1c, 0x9d, 0x7f, 0x9d, 0x1c, 0x37, 0x8e,
  0x7c, 0xb1, 0x00, 0x4f, 0x84, 0x72, 0xc9, 0xe4, 0x63, 0x81, 0x63, 0xe4,
  0xc9, 0x72, 0x84, 0x4f, 0x00, 0xb1, 0x7c, 0x8e, 0x37, 0x1c, 0x9d, 0x7f,
  0x9d, 0x1c, 0x37, 0x8e, 0x7c, 0xb1, 0x00, 0x4f, 0x84, 0x72, 0xc9, 0xe4,
  0x63, 0x81, 0x63, 0xe4, 0xc9, 0x72, 0x84, 0x4f, 0x00, 0xb1, 0x7c, 0x8e,
  0x37, 0x1c, 0x9d, 0x7f, 0x9d, 0x1c, 0x37, 0x8e, 0x7c, 0xb1, 0x00, 0x4f,
  0x84, 0x72, 0xc9, 0xe4, 0x63, 0x81, 0x63, 0xe4, 0xc9, 0x72, 0x84, 0x4f,
  0x00, 0xb7, 0x78, 0x86, 0x4f, 0xf9, 0xbc, 0x75, 0x84, 0x55, 0xf2, 0xc3,
  0x72, 0x83, 0x5a, 0xeb, 0xc9, 0x6f, 0x82, 0x5f, 0xe4, 0xcf, 0x6c, 0x81,
  0x63, 0xdd, 0xd6, 0x68, 0x81, 0x68, 0xd6, 0xdd, 0x63, 0x81, 0x6c, 0xcf,
  0xe4, 0x5f, 0x82, 0x6f, 0xc9, 0xeb, 0x5a, 0x83, 0x72, 0xc3, 0xf2, 0x55,
  0x84, 0x75, 0xbc, 0xf9, 0x4f, 0x86, 0x78, 0xb7, 0x00, 0x49, 0x88, 0x7a,
  0xb1, 0x07, 0x44, 0x8b, 0x7c, 0xab, 0x0e, 0x3d, 0x8e, 0x7d, 0xa6, 0x15,
  0x37, 0x91, 0x7e, 0xa1, 0x1c, 0x31, 0x94, 0x7f, 0x9d, 0x23, 0x2a, 0x98,
  0x7f, 0x98, 0x2a, 0x23, 0x9d, 0x7f, 0x94, 0x31, 0x1c, 0xa1, 0x7e, 0x91,
  0x37, 0x15, 0xa6, 0x7d, 0x8e, 0x3d, 0x0e, 0xab, 0x7c, 0x8b, 0x44, 0x07,
  0xb1, 0x7a, 0x88, 0x49, 0x00, 0xbc, 0x72, 0x82, 0x63, 0xd6, 0xe4, 0x5a,
  0x84, 0x78, 0xb1, 0x0e, 0x37, 0x94, 0x7f, 0x94, 0x37, 0x0e, 0xb1, 0x78,
  0x84, 0x5a, 0xe4, 0xd6, 0x63, 0x82, 0x72, 0xbc, 0x00, 0x44, 0x8e, 0x7e,
  0x9d, 0x2a, 0x1c, 0xa6, 0x7c, 0x88, 0x4f, 0xf2, 0xc9, 0x6c, 0x81, 0x6c,
  0xc9, 0xf2, 0x4f, 0x88, 0x7c, 0xa6, 0x1c, 0x2a, 0x9d, 0x7e, 0x8e, 0x44,
  0x00, 0xbc, 0x72, 0x82, 0x63, 0xd6, 0xe4, 0x5a, 0x84, 0x78, 0xb1, 0x0e,
  0x37, 0x94, 0x7f, 0x94, 0x37, 0x0e, 0xb1, 0x78, 0x84, 0x5a, 0xe4, 0xd6,
  0x63, 0x82, 0x72, 0xbc, 0x00, 0x44, 0x8e, 0x7e, 0x9d, 0x2a, 0x1c, 0xa6,
  0x7c, 0x88, 0x4f, 0xf2, 0xc9, 0x6c, 0x81, 0x6c, 0xc9, 0xf2, 0x4f, 0x88,
  0x7c, 0xa6, 0x1c, 0x2a, 0x9d, 0x7e, 0x8e, 0x44, 0x00, 0xc3, 0x6c, 0x81,
  0x72, 0xb7, 0x0e, 0x31, 0x9d, 0x7d, 0x88, 0x55, 0xe4, 0xdd, 0x5a, 0x86,
  0x7c, 0xa1, 0x2a, 0x15, 0xb1, 0x75, 0x82, 0x68, 0xc9, 0xf9, 0x44, 0x91,
  0x7f, 0x91, 0x44, 0xf9, 0xc9, 0x68, 0x82, 0x75, 0xb1, 0x15, 0x2a, 0xa1,
  0x7c, 0x86, 0x5a, 0xdd, 0xe4, 0x55, 0x88, 0x7d, 0x9d, 0x31, 0x0e, 0xb7,
  0x72, 0x81, 0x6c, 0xc3, 0x00, 0x3d, 0x94, 0x7f, 0x8e, 0x49, 0xf2, 0xcf,
  0x63, 0x83, 0x78, 0xab, 0x1c, 0x23, 0xa6, 0x7a, 0x84, 0x5f, 0xd6, 0xeb,
  0x4f, 0x8b, 0x7e, 0x98, 0x37, 0x07, 0xbc, 0x6f, 0x81, 0x6f, 0xbc, 0x07,
  0x37, 0x98, 0x7e, 0x8b, 0x4f, 0xeb, 0xd6, 0x5f, 0x84, 0x7a, 0xa6, 0x23,
  0x1c, 0xab, 0x78, 0x83, 0x63, 0xcf, 0xf2, 0x49, 0x8e, 0x7f, 0x94, 0x3d,
  0x00, 0xc9, 0x63, 0x84, 0x7c, 0x9d, 0x37, 0x00, 0xc9, 0x63, 0x84, 0x7c,
  0x9d, 0x37, 0x00, 0xc9, 0x63, 0x84, 0x7c, 0x9d, 0x37, 0x00, 0xc9, 0x63,
  0x84, 0x7c, 0x9d, 0x37, 0x00, 0xc9, 0x63, 0x84, 0x7c, 0x9d, 0x37, 0x00,
  0xc9, 0x63, 0x84, 0x7c, 0x9d, 0x37, 0x00, 0xc9, 0x63, 0x84, 0x7c, 0x9d,
  0x37, 0x00, 0xc9, 0x63, 0x84, 0x7c, 0x9d, 0x37, 0x00, 0xc9, 0x63, 0x84,
  0x7c, 0x9d, 0x37, 0x00, 0xc9, 0x63, 0x84, 0x7c, 0x9d, 0x37, 0x00, 0xc9,
  0x63, 0x84, 0x7c, 0x9d, 0x37, 0x00, 0xc9, 0x63, 0x84, 0x7c, 0x9d, 0x37,
  0x00, 0xc9, 0x63, 0x84, 0x7c, 0x9d, 0x37, 0x00, 0xc9, 0x63, 0x84, 0x7c,
  0x9d, 0x37, 0x00, 0xc9, 0x63, 0x84, 0x7c, 0x9d, 0x37, 0x00, 0xc9, 0x63,
  0x84, 0x7c, 0x9d, 0x37, 0x00, 0xcf, 0x5a, 0x8b, 0x7f, 0x8b, 0x5a, 0xcf,
  0x00, 0x31, 0xa6, 0x75, 0x81, 0x75, 0xa6, 0x31, 0x00, 0xcf, 0x5a, 0x8b,
  0x7f, 0x8b, 0x5a, 0xcf, 0x00, 0x31, 0xa6, 0x75, 0x81, 0x75, 0xa6, 0x31,
  0x00, 0xcf, 0x5a, 0x8b, 0x7f, 0x8b, 0x5a, 0xcf, 0x00, 0x31, 0xa6, 0x75,
  0x81, 0x75, 0xa6, 0x31, 0x00, 0xcf, 0x5a, 0x8b, 0x7f, 0x8b, 0x5a, 0xcf,
  0x00, 0x31, 0xa6, 0x75, 0x81, 0x75, 0xa6, 0x31, 0x00, 0xcf, 0x5a, 0x8b,
  0x7f, 0x8b, 0x5a, 0xcf, 0x00, 0x31, 0xa6, 0x75, 0x81, 0x75, 0xa6, 0x31,
  0x00, 0xcf, 0x5a, 0x8b, 0x7f, 0x8b, 0x5a, 0xcf, 0x00, 0x31, 0xa6, 0x75,
  0x81, 0x75, 0xa6, 0x31, 0x00, 0xcf, 0x5a, 0x8b, 0x7f, 0x8b, 0x5a, 0xcf,
  0x00, 0x31, 0xa6, 0x75, 0x81, 0x75, 0xa6, 0x31, 0x00, 0xd6, 0x4f, 0x94,
  0x7c, 0x82, 0x72, 0xa6, 0x37, 0xf2, 0xe4, 0x44, 0x9d, 0x78, 0x81, 0x78,
  0x9d, 0x44, 0xe4, 0xf2, 0x37, 0xa6, 0x72, 0x82, 0x7c, 0x94, 0x4f, 0xd6,
  0x00, 0x2a, 0xb1, 0x6c, 0x84, 0x7e, 0x8e, 0x5a, 0xc9, 0x0e, 0x1c, 0xbc,
  0x63, 0x88, 0x7f, 0x88, 0x63, 0xbc, 0x1c, 0x0e, 0xc9, 0x5a, 0x8e, 0x7e,
  0x84, 0x6c, 0xb1, 0x2a, 0x00, 0xd6, 0x4f, 0x94, 0x7c, 0x82, 0x72, 0xa6,
  0x37, 0xf2, 0xe4, 0x44, 0x9d, 0x78, 0x81, 0x78, 0x9d, 0x44, 0xe4, 0xf2,
  0x37, 0xa6, 0x72, 0x82, 0x7c, 0x94, 0x4f, 0xd6, 0x00, 0x2a, 0xb1, 0x6c,
  0x84, 0x7e, 0x8e, 0x5a, 0xc9, 0x0e, 0x1c, 0xbc, 0x63, 0x88, 0x7f, 0x88,
  0x63, 0xbc, 0x1c, 0x0e, 0xc9, 0x5a, 0x8e, 0x7e, 0x84, 0x6c, 0xb1, 0x2a,
  0x00, 0xdd, 0x44, 0xa1, 0x72, 0x83, 0x7e, 0x8b, 0x63, 0xb7, 0x2a, 0xf9,
  0xe4, 0x3d, 0xa6, 0x6f, 0x84, 0x7f, 0x88, 0x68, 0xb1, 0x31, 0xf2, 0xeb,
  0x37, 0xab, 0x6c, 0x86, 0x7f, 0x86, 0x6c, 0xab, 0x37, 0xeb, 0xf2, 0x31,
  0xb1, 0x68, 0x88, 0x7f, 0x84, 0x6f, 0xa6, 0x3d, 0xe4, 0xf9, 0x2a, 0xb7,
  0x63, 0x8b, 0x7e, 0x83, 0x72, 0xa1, 0x44, 0xdd, 0x00, 0x23, 0xbc, 0x5f,
  0x8e, 0x7d, 0x82, 0x75, 0x9d, 0x49, 0xd6, 0x07, 0x1c, 0xc3, 0x5a, 0x91,
  0x7c, 0x81, 0x78, 0x98, 0x4f, 0xcf, 0x0e, 0x15, 0xc9, 0x55, 0x94, 0x7a,
  0x81, 0x7a, 0x94, 0x55, 0xc9, 0x15, 0x0e, 0xcf, 0x4f, 0x98, 0x78, 0x81,
  0x7c, 0x91, 0x5a, 0xc3, 0x1c, 0x07, 0xd6, 0x49, 0x9d, 0x75, 0x82, 0x7d,
  0x8e, 0x5f, 0xbc, 0x23, 0x00, 0xe4, 0x37, 0xb1, 0x63, 0x8e, 0x7c, 0x81,
  0x7c, 0x8e, 0x63, 0xb1, 0x37, 0xe4, 0x00, 0x1c, 0xc9, 0x4f, 0x9d, 0x72,
  0x84, 0x7f, 0x84, 0x72, 0x9d, 0x4f, 0xc9, 0x1c, 0x00, 0xe4, 0x37, 0xb1,
  0x63, 0x8e, 0x7c, 0x81, 0x7c, 0x8e, 0x63, 0xb1, 0x37, 0xe4, 0x00, 0x1c,
  0xc9, 0x4f, 0x9d, 0x72, 0x84, 0x7f, 0x84, 0x72, 0x9d, 0x4f, 0xc9, 0x1c,
  0x00, 0xe4, 0x37, 0xb1, 0x63, 0x8e, 0x7c, 0x81, 0x7c, 0x8e, 0x63, 0xb1,
  0x37, 0xe4, 0x00, 0x1c, 0xc9, 0x4f, 0x9d, 0x72, 0x84, 0x7f, 0x84, 0x72,
  0x9d, 0x4f, 0xc9, 0x1c, 0x00, 0xe4, 0x37, 0xb1, 0x63, 0x8e, 0x7c, 0x81,
  0x7c, 0x8e, 0x63, 0xb1, 0x37, 0xe4, 0x00, 0x1c, 0xc9, 0x4f, 0x9d, 0x72,
  0x84, 0x7f, 0x84, 0x72, 0x9d, 0x4f, 0xc9, 0x1c, 0x00, 0xeb, 0x2a, 0xc3,
  0x4f, 0xa1, 0x6c, 0x8b, 0x7c, 0x81, 0x7e, 0x86, 0x72, 0x98, 0x5a, 0xb7,
  0x37, 0xdd, 0x0e, 0x07, 0xe4, 0x31, 0xbc, 0x55, 0x9d, 0x6f, 0x88, 0x7d,
  0x81, 0x7d, 0x88, 0x6f, 0x9d, 0x55, 0xbc, 0x31, 0xe4, 0x07, 0x0e, 0xdd,
  0x37, 0xb7, 0x5a, 0x98, 0x72, 0x86, 0x7e, 0x81, 0x7c, 0x8b, 0x6c, 0xa1,
  0x4f, 0xc3, 0x2a, 0xeb, 0x00, 0x15, 0xd6, 0x3d, 0xb1, 0x5f, 0x94, 0x75,
  0x84, 0x7f, 0x82, 0x7a, 0x8e, 0x68, 0xa6, 0x49, 0xc9, 0x23, 0xf2, 0xf9,
  0x1c, 0xcf, 0x44, 0xab, 0x63, 0x91, 0x78, 0x83, 0x7f, 0x83, 0x78, 0x91,
  0x63, 0xab, 0x44, 0xcf, 0x1c, 0xf9, 0xf2, 0x23, 0xc9, 0x49, 0xa6, 0x68,
  0x8e, 0x7a, 0x82, 0x7f, 0x84, 0x75, 0x94, 0x5f, 0xb1, 0x3d, 0xd6, 0x15,
  0x00, 0xf2, 0x1c, 0xd6, 0x37, 0xbc, 0x4f, 0xa6, 0x63, 0x94, 0x72, 0x88,
  0x7c, 0x82, 0x7f, 0x82, 0x7c, 0x88, 0x72, 0x94, 0x63, 0xa6, 0x4f, 0xbc,
  0x37, 0xd6, 0x1c, 0xf2, 0x00, 0x0e, 0xe4, 0x2a, 0xc9, 0x44, 0xb1, 0x5a,
  0x9d, 0x6c, 0x8e, 0x78, 0x84, 0x7e, 0x81, 0x7e, 0x84, 0x78, 0x8e, 0x6c,
  0x9d, 0x5a, 0xb1, 0x44, 0xc9, 0x2a, 0xe4, 0x0e, 0x00, 0xf2, 0x1c, 0xd6,
  0x37, 0xbc, 0x4f, 0xa6, 0x63, 0x94, 0x72, 0x88, 0x7c, 0x82, 0x7f, 0x82,
  0x7c, 0x88, 0x72, 0x94, 0x63, 0xa6, 0x4f, 0xbc, 0x37, 0xd6, 0x1c, 0xf2,
  0x00, 0x0e, 0xe4, 0x2a, 0xc9, 0x44, 0xb1, 0x5a, 0x9d, 0x6c, 0x8e, 0x78,
  0x84, 0x7e, 0x81, 0x7e, 0x84, 0x78, 0x8e, 0x6c, 0x9d, 0x5a, 0xb1, 0x44,
  0xc9, 0x2a, 0xe4, 0x0e, 0x00, 0xf9, 0x0e, 0xeb, 0x1c, 0xdd, 0x2a, 0xcf,
  0x37, 0xc3, 0x44, 0xb7, 0x4f, 0xab, 0x5a, 0xa1, 0x63, 0x98, 0x6c, 0x91,
  0x72, 0x8b, 0x78, 0x86, 0x7c, 0x83, 0x7e, 0x81, 0x7f, 0x81, 0x7e, 0x83,
  0x7c, 0x86, 0x78, 0x8b, 0x72, 0x91, 0x6c, 0x98, 0x63, 0xa1, 0x5a, 0xab,
  0x4f, 0xb7, 0x44, 0xc3, 0x37, 0xcf, 0x2a, 0xdd, 0x1c, 0xeb, 0x0e, 0xf9,
  0x00, 0x07, 0xf2, 0x15, 0xe4, 0x23, 0xd6, 0x31, 0xc9, 0x3d, 0xbc, 0x49,
  0xb1, 0x55, 0xa6, 0x5f, 0x9d, 0x68, 0x94, 0x6f, 0x8e, 0x75, 0x88, 0x7a,
  0x84, 0x7d, 0x82, 0x7f, 0x81, 0x7f, 0x82, 0x7d, 0x84, 0x7a, 0x88, 0x75,
  0x8e, 0x6f, 0x94, 0x68, 0x9d, 0x5f, 0xa6, 0x55, 0xb1, 0x49, 0xbc, 0x3d,
  0xc9, 0x31, 0xd6, 0x23, 0xe4, 0x15, 0xf2, 0x07, 0x00, 0x00, 0x00, 0x00,
  0x00, 0x00, 0x00, 0x00, 0x00, 0x00, 0x00, 0x00, 0x00, 0x00, 0x00, 0x00,
  0x00, 0x00, 0x00, 0x00, 0x00, 0x00, 0x00, 0x00, 0x00, 0x00, 0x00, 0x00,
  0x00, 0x00, 0x00, 0x00, 0x00, 0x00, 0x00, 0x00, 0x00, 0x00, 0x00, 0x00,
  0x00, 0x00, 0x00, 0x00, 0x00, 0x00, 0x00, 0x00, 0x00, 0x00, 0x00, 0x00,
  0x00, 0x00, 0x00, 0x00, 0x00, 0x00, 0x00, 0x00, 0x00, 0x00, 0x00, 0x00,
  0x00, 0x00, 0x00, 0x00, 0x00, 0x00, 0x00, 0x00, 0x00, 0x00, 0x00, 0x00,
  0x00, 0x00, 0x00, 0x00, 0x00, 0x00, 0x00, 0x00, 0x00, 0x00, 0x00, 0x00,
  0x00, 0x00, 0x00, 0x00, 0x00, 0x00, 0x00, 0x00, 0x00, 0x00, 0x00, 0x00,
  0x00, 0x00, 0x00, 0x00, 0x00, 0x00, 0x00, 0x00, 0x00, 0x00, 0x00, 0x00,
  0x6a, 0xde, 0xff, 0xff, 0x04, 0x00, 0x00, 0x00, 0xf0, 0x18, 0x00, 0x00,
  0x7f, 0x7f, 0x7f, 0x7f, 0x7f, 0x7f, 0x7f, 0x7f, 0x7f, 0x7f, 0x7f, 0x7f,
  0x7f, 0x7f, 0x7f, 0x7f, 0x7f, 0x7f, 0x7f, 0x7f, 0x7f, 0x7f, 0x7f, 0x7f,
  0x7f, 0x7f, 0x7f, 0x7f, 0x7f, 0x7f, 0x7f, 0x7f, 0x7f, 0x7f, 0x7f, 0x7f,
  0x7f, 0x7f, 0x7f, 0x7f, 0x7f, 0x7f, 0x7f, 0x7f, 0x7f, 0x7f, 0x7f, 0x7f,
  0x7f, 0x7f, 0x7f, 0x7f, 0x7f, 0x7f, 0x7f, 0x7f, 0x7f, 0x7f, 0x7f, 0x7f,
  0x7f, 0x7f, 0x7f, 0x7f, 0x7f, 0x7f, 0x7f, 0x7f, 0x7f, 0x7f, 0x7f, 0x7f,
  0x7f, 0x7f, 0x7f, 0x7f, 0x7f, 0x7f, 0x7f, 0x7f, 0x7f, 0x7f, 0x7f, 0x7f,
  0x7f, 0x7f, 0x7f, 0x7f, 0x7f, 0x7f, 0x7f, 0x7f, 0x7f, 0x7f, 0x7f, 0x7f,
  0x7f, 0x7f, 0x7f, 0x7f, 0x7f, 0x7f, 0x7f, 0x7f, 0x7f, 0x7f, 0x7f, 0x7f,
  0x7f, 0x7f, 0x7f, 0x7f, 0x7f, 0x7f, 0x7e, 0x7d, 0x7c, 0x7a, 0x78, 0x75,
  0x72, 0x6f, 0x6c, 0x68, 0x63, 0x5f, 0x5a, 0x55, 0x4f, 0x49, 0x44, 0x3d,
  0x37, 0x31, 0x2a, 0x23, 0x1c, 0x15, 0x0e, 0x07, 0x00, 0xf9, 0xf2, 0xeb,
  0xe4, 0xdd, 0xd6, 0xcf, 0xc9, 0xc3, 0xbc, 0xb7, 0xb1, 0xab, 0xa6, 0xa1,
  0x9d, 0x98, 0x94, 0x91, 0x8e, 0x8b, 0x88, 0x86, 0x84, 0x83, 0x82, 0x81,
  0x81, 0x81, 0x82, 0x83, 0x84, 0x86, 0x88, 0x8b, 0x8e, 0x91, 0x94, 0x98,
  0x9d, 0xa1, 0xa6, 0xab, 0xb1, 0xb7, 0xbc, 0xc3, 0xc9, 0xcf, 0xd6, 0xdd,
  0xe4, 0xeb, 0xf2, 0xf9, 0x00, 0x07, 0x0e, 0x15, 0x1c, 0x23, 0x2a, 0x31,
  0x37, 0x3d, 0x44, 0x49, 0x4f, 0x55, 0x5a, 0x5f, 0x63, 0x68, 0x6c, 0x6f,
  0x72, 0x75, 0x78, 0x7a, 0x7c, 0x7d, 0x7e, 0x7f, 0x7f, 0x7e, 0x7c, 0x78,
  0x72, 0x6c, 0x63, 0x5a, 0x4f, 0x44, 0x37, 0x2a, 0x1c, 0x0e, 0x00, 0xf2,
  0xe4, 0xd6, 0xc9, 0xbc, 0xb1, 0xa6, 0x9d, 0x94, 0x8e, 0x88, 0x84, 0x82,
  0x81, 0x82, 0x84, 0x88, 0x8e, 0x94, 0x9d, 0xa6, 0xb1, 0xbc, 0xc9, 0xd6,
  0xe4, 0xf2, 0x00, 0x0e, 0x1c, 0x2a, 0x37, 0x44, 0x4f, 0x5a, 0x63, 0x6c,
  0x72, 0x78, 0x7c, 0x7e, 0x7f, 0x7e, 0x7c, 0x78, 0x72, 0x6c, 0x63, 0x5a,
  0x4f, 0x44, 0x37, 0x2a, 0x1c, 0x0e, 0x00, 0xf2, 0xe4, 0xd6, 0xc9, 0xbc,
  0xb1, 0xa6, 0x9d, 0x94, 0x8e, 0x88, 0x84, 0x82, 0x81, 0x82, 0x84, 0x88,
  0x8e, 0x94, 0x9d, 0xa6, 0xb1, 0xbc, 0xc9, 0xd6, 0xe4, 0xf2, 0x00, 0x0e,
  0x1c, 0x2a, 0x37, 0x44, 0x4f, 0x5a, 0x63, 0x6c, 0x72, 0x78, 0x7c, 0x7e,
  0x7f, 0x7d, 0x78, 0x6f, 0x63, 0x55, 0x44, 0x31, 0x1c, 0x07, 0xf2, 0xdd,
  0xc9, 0xb7, 0xa6, 0x98, 0x8e, 0x86, 0x82, 0x81, 0x84, 0x8b, 0x94, 0xa1,
  0xb1, 0xc3, 0xd6, 0xeb, 0x00, 0x15, 0x2a, 0x3d, 0x4f, 0x5f, 0x6c, 0x75,
  0x7c, 0x7f, 0x7e, 0x7a, 0x72, 0x68, 0x5a, 0x49, 0x37, 0x23, 0x0e, 0xf9,
  0xe4, 0xcf, 0xbc, 0xab, 0x9d, 0x91, 0x88, 0x83, 0x81, 0x83, 0x88, 0x91,
  0x9d, 0xab, 0xbc, 0xcf, 0xe4, 0xf9, 0x0e, 0x23, 0x37, 0x49, 0x5a, 0x68,
  0x72, 0x7a, 0x7e, 0x7f, 0x7c, 0x75, 0x6c, 0x5f, 0x4f, 0x3d, 0x2a, 0x15,
  0x00, 0xeb, 0xd6, 0xc3, 0xb1, 0xa1, 0x94, 0x8b, 0x84, 0x81, 0x82, 0x86,
  0x8e, 0x98, 0xa6, 0xb7, 0xc9, 0xdd, 0xf2, 0x07, 0x1c, 0x31, 0x44, 0x55,
  0x63, 0x6f, 0x78, 0x7d, 0x7f, 0x7c, 0x72, 0x63, 0x4f, 0x37, 0x1c, 0x00,
  0xe4, 0xc9, 0xb1, 0x9d, 0x8e, 0x84, 0x81, 0x84, 0x8e, 0x9d, 0xb1, 0xc9,
  0xe4, 0x00, 0x1c, 0x37, 0x4f, 0x63, 0x72, 0x7c, 0x7f, 0x7c, 0x72, 0x63,
  0x4f, 0x37, 0x1c, 0x00, 0xe4, 0xc9, 0xb1, 0x9d, 0x8e, 0x84, 0x81, 0x84,
  0x8e, 0x9d, 0xb1, 0xc9, 0xe4, 0x00, 0x1c, 0x37, 0x4f, 0x63, 0x72, 0x7c,
  0x7f, 0x7c, 0x72, 0x63, 0x4f, 0x37, 0x1c, 0x00, 0xe4, 0xc9, 0xb1, 0x9d,
  0x8e, 0x84, 0x81, 0x84, 0x8e, 0x9d, 0xb1, 0xc9, 0xe4, 0x00, 0x1c, 0x37,
  0x4f, 0x63, 0x72, 0x7c, 0x7f, 0x7c, 0x72, 0x63, 0x4f, 0x37, 0x1c, 0x00,
  0xe4, 0xc9, 0xb1, 0x9d, 0x8e, 0x84, 0x81, 0x84, 0x8e, 0x9d, 0xb1, 0xc9,
  0xe4, 0x00, 0x1c, 0x37, 0x4f, 0x63, 0x72, 0x7c, 0x7f, 0x7a, 0x6c, 0x55,
  0x37, 0x15, 0xf2, 0xcf, 0xb1, 0x98, 0x88, 0x81, 0x84, 0x91, 0xa6, 0xc3,
  0xe4, 0x07, 0x2a, 0x49, 0x63, 0x75, 0x7e, 0x7d, 0x72, 0x5f, 0x44, 0x23,
  0x00, 0xdd, 0xbc, 0xa1, 0x8e, 0x83, 0x82, 0x8b, 0x9d, 0xb7, 0xd6, 0xf9,
  0x1c, 0x3d, 0x5a, 0x6f, 0x7c, 0x7f, 0x78, 0x68, 0x4f, 0x31, 0x0e, 0xeb,
  0xc9, 0xab, 0x94, 0x86, 0x81, 0x86, 0x94, 0xab, 0xc9, 0xeb, 0x0e, 0x31,
  0x4f, 0x68, 0x78, 0x7f, 0x7c, 0x6f, 0x5a, 0x3d, 0x1c, 0xf9, 0xd6, 0xb7,
  0x9d, 0x8b, 0x82, 0x83, 0x8e, 0xa1, 0xbc, 0xdd, 0x00, 0x23, 0x44, 0x5f,
  0x72, 0x7d, 0x7e, 0x75, 0x63, 0x49, 0x2a, 0x07, 0xe4, 0xc3, 0xa6, 0x91,
  0x84, 0x81, 0x88, 0x98, 0xb1, 0xcf, 0xf2, 0x15, 0x37, 0x55, 0x6c, 0x7a,
  0x7f, 0x78, 0x63, 0x44, 0x1c, 0xf2, 0xc9, 0xa6, 0x8e, 0x82, 0x84, 0x94,
  0xb1, 0xd6, 0x00, 0x2a, 0x4f, 0x6c, 0x7c, 0x7e, 0x72, 0x5a, 0x37, 0x0e,
  0xe4, 0xbc, 0x9d, 0x88, 0x81, 0x88, 0x9d, 0xbc, 0xe4, 0x0e, 0x37, 0x5a,
  0x72, 0x7e, 0x7c, 0x6c, 0x4f, 0x2a, 0x00, 0xd6, 0xb1, 0x94, 0x84, 0x82,
  0x8e, 0xa6, 0xc9, 0xf2, 0x1c, 0x44, 0x63, 0x78, 0x7f, 0x78, 0x63, 0x44,
  0x1c, 0xf2, 0xc9, 0xa6, 0x8e, 0x82, 0x84, 0x94, 0xb1, 0xd6, 0x00, 0x2a,
  0x4f, 0x6c, 0x7c, 0x7e, 0x72, 0x5a, 0x37, 0x0e, 0xe4, 0xbc, 0x9d, 0x88,
  0x81, 0x88, 0x9d, 0xbc, 0xe4, 0x0e, 0x37, 0x5a, 0x72, 0x7e, 0x7c, 0x6c,
  0x4f, 0x2a, 0x00, 0xd6, 0xb1, 0x94, 0x84, 0x82, 0x8e, 0xa6, 0xc9, 0xf2,
  0x1c, 0x44, 0x63, 0x78, 0x7f, 0x75, 0x5a, 0x31, 0x00, 0xcf, 0xa6, 0x8b,
  0x81, 0x8b, 0xa6, 0xcf, 0x00, 0x31, 0x5a, 0x75, 0x7f, 0x75, 0x5a, 0x31,
  0x00, 0xcf, 0xa6, 0x8b, 0x81, 0x8b, 0xa6, 0xcf, 0x00, 0x31, 0x5a, 0x75,
  0x7f, 0x75, 0x5a, 0x31, 0x00, 0xcf, 0xa6, 0x8b, 0x81, 0x8b, 0xa6, 0xcf,
  0x00, 0x31, 0x5a, 0x75, 0x7f, 0x75, 0x5a, 0x31, 0x00, 0xcf, 0xa6, 0x8b,
  0x81, 0x8b, 0xa6, 0xcf, 0x00, 0x31, 0x5a, 0x75, 0x7f, 0x75, 0x5a, 0x31,
  0x00, 0xcf, 0xa6, 0x8b, 0x81, 0x8b, 0xa6, 0xcf, 0x00, 0x31, 0x5a, 0x75,
  0x7f, 0x75, 0x5a, 0x31, 0x00, 0xcf, 0xa6, 0x8b, 0x81, 0x8b, 0xa6, 0xcf,
  0x00, 0x31, 0x5a, 0x75, 0x7f, 0x75, 0x5a, 0x31, 0x00, 0xcf, 0xa6, 0x8b,
  0x81, 0x8b, 0xa6, 0xcf, 0x00, 0x31, 0x5a, 0x75, 0x7f, 0x72, 0x4f, 0x1c,
  0xe4, 0xb1, 0x8e, 0x81, 0x8e, 0xb1, 0xe4, 0x1c, 0x4f, 0x72, 0x7f, 0x72,
  0x4f, 0x1c, 0xe4, 0xb1, 0x8e, 0x81, 0x8e, 0xb1, 0xe4, 0x1c, 0x4f, 0x72,
  0x7f, 0x72, 0x4f, 0x1c, 0xe4, 0xb1, 0x8e, 0x81, 0x8e, 0xb1, 0xe4, 0x1c,
  0x4f, 0x72, 0x7f, 0x72, 0x4f, 0x1c, 0xe4, 0xb1, 0x8e, 0x81, 0x8e, 0xb1,
  0xe4, 0x1c, 0x4f, 0x72, 0x7f, 0x72, 0x4f, 0x1c, 0xe4, 0xb1, 0x8e, 0x81,
  0x8e, 0xb1, 0xe4, 0x1c, 0x4f, 0x72, 0x7f, 0x72, 0x4f, 0x1c, 0xe4, 0xb1,
  0x8e, 0x81, 0x8e, 0xb1, 0xe4, 0x1c, 0x4f, 0x72, 0x7f, 0x72, 0x4f, 0x1c,
  0xe4, 0xb1, 0x8e, 0x81, 0x8e, 0xb1, 0xe4, 0x1c, 0x4f, 0x72, 0x7f, 0x72,
  0x4f, 0x1c, 0xe4, 0xb1, 0x8e, 0x81, 0x8e, 0xb1, 0xe4, 0x1c, 0x4f, 0x72,
  0x7f, 0x6f, 0x44, 0x07, 0xc9, 0x98, 0x82, 0x8b, 0xb1, 0xeb, 0x2a, 0x5f,
  0x7c, 0x7a, 0x5a, 0x23, 0xe4, 0xab, 0x88, 0x83, 0x9d, 0xcf, 0x0e, 0x49,
  0x72, 0x7f, 0x6c, 0x3d, 0x00, 0xc3, 0x94, 0x81, 0x8e, 0xb7, 0xf2, 0x31,
  0x63, 0x7d, 0x78, 0x55, 0x1c, 0xdd, 0xa6, 0x86, 0x84, 0xa1, 0xd6, 0x15,
  0x4f, 0x75, 0x7e, 0x68, 0x37, 0xf9, 0xbc, 0x91, 0x81, 0x91, 0xbc, 0xf9,
  0x37, 0x68, 0x7e, 0x75, 0x4f, 0x15, 0xd6, 0xa1, 0x84, 0x86, 0xa6, 0xdd,
  0x1c, 0x55, 0x78, 0x7d, 0x63, 0x31, 0xf2, 0xb7, 0x8e, 0x81, 0x94, 0xc3,
  0x00, 0x3d, 0x6c, 0x7f, 0x72, 0x49, 0x0e, 0xcf, 0x9d, 0x83, 0x88, 0xab,
  0xe4, 0x23, 0x5a, 0x7a, 0x7c, 0x5f, 0x2a, 0xeb, 0xb1, 0x8b, 0x82, 0x98,
  0xc9, 0x07, 0x44, 0x6f, 0x7f, 0x6c, 0x37, 0xf2, 0xb1, 0x88, 0x84, 0xa6,
  0xe4, 0x2a, 0x63, 0x7e, 0x72, 0x44, 0x00, 0xbc, 0x8e, 0x82, 0x9d, 0xd6,
  0x1c, 0x5a, 0x7c, 0x78, 0x4f, 0x0e, 0xc9, 0x94, 0x81, 0x94, 0xc9, 0x0e,
  0x4f, 0x78, 0x7c, 0x5a, 0x1c, 0xd6, 0x9d, 0x82, 0x8e, 0xbc, 0x00, 0x44,
  0x72, 0x7e, 0x63, 0x2a, 0xe4, 0xa6, 0x84, 0x88, 0xb1, 0xf2, 0x37, 0x6c,
  0x7f, 0x6c, 0x37, 0xf2, 0xb1, 0x88, 0x84, 0xa6, 0xe4, 0x2a, 0x63, 0x7e,
  0x72, 0x44, 0x00, 0xbc, 0x8e, 0x82, 0x9d, 0xd6, 0x1c, 0x5a, 0x7c, 0x78,
  0x4f, 0x0e, 0xc9, 0x94, 0x81, 0x94, 0xc9, 0x0e, 0x4f, 0x78, 0x7c, 0x5a,
  0x1c, 0xd6, 0x9d, 0x82, 0x8e, 0xbc, 0x00, 0x44, 0x72, 0x7e, 0x63, 0x2a,
  0xe4, 0xa6, 0x84, 0x88, 0xb1, 0xf2, 0x37, 0x6c, 0x7f, 0x68, 0x2a, 0xdd,
  0x9d, 0x81, 0x94, 0xcf, 0x1c, 0x5f, 0x7e, 0x6f, 0x37, 0xeb, 0xa6, 0x83,
  0x8e, 0xc3, 0x0e, 0x55, 0x7c, 0x75, 0x44, 0xf9, 0xb1, 0x86, 0x88, 0xb7,
  0x00, 0x49, 0x78, 0x7a, 0x4f, 0x07, 0xbc, 0x8b, 0x84, 0xab, 0xf2, 0x3d,
  0x72, 0x7d, 0x5a, 0x15, 0xc9, 0x91, 0x82, 0xa1, 0xe4, 0x31, 0x6c, 0x7f,
  0x63, 0x23, 0xd6, 0x98, 0x81, 0x98, 0xd6, 0x23, 0x63, 0x7f, 0x6c, 0x31,
  0xe4, 0xa1, 0x82, 0x91, 0xc9, 0x15, 0x5a, 0x7d, 0x72, 0x3d, 0xf2, 0xab,
  0x84, 0x8b, 0xbc, 0x07, 0x4f, 0x7a, 0x78, 0x49, 0x00, 0xb7, 0x88, 0x86,
  0xb1, 0xf9, 0x44, 0x75, 0x7c, 0x55, 0x0e, 0xc3, 0x8e, 0x83, 0xa6, 0xeb,
  0x37, 0x6f, 0x7e, 0x5f, 0x1c, 0xcf, 0x94, 0x81, 0x9d, 0xdd, 0x2a, 0x68,
  0x7f, 0x63, 0x1c, 0xc9, 0x8e, 0x84, 0xb1, 0x00, 0x4f, 0x7c, 0x72, 0x37,
  0xe4, 0x9d, 0x81, 0x9d, 0xe4, 0x37, 0x72, 0x7c, 0x4f, 0x00, 0xb1, 0x84,
  0x8e, 0xc9, 0x1c, 0x63, 0x7f, 0x63, 0x1c, 0xc9, 0x8e, 0x84, 0xb1, 0x00,
  0x4f, 0x7c, 0x72, 0x37, 0xe4, 0x9d, 0x81, 0x9d, 0xe4, 0x37, 0x72, 0x7c,
  0x4f, 0x00, 0xb1, 0x84, 0x8e, 0xc9, 0x1c, 0x63, 0x7f, 0x63, 0x1c, 0xc9,
  0x8e, 0x84, 0xb1, 0x00, 0x4f, 0x7c, 0x72, 0x37, 0xe4, 0x9d, 0x81, 0x9d,
  0xe4, 0x37, 0x72, 0x7c, 0x4f, 0x00, 0xb1, 0x84, 0x8e, 0xc9, 0x1c, 0x63,
  0x7f, 0x63, 0x1c, 0xc9, 0x8e, 0x84, 0xb1, 0x00, 0x4f, 0x7c, 0x72, 0x37,
  0xe4, 0x9d, 0x81, 0x9d, 0xe4, 0x37, 0x72, 0x7c, 0x4f, 0x00, 0xb1, 0x84,
  0x8e, 0xc9, 0x1c, 0x63, 0x7f, 0x5f, 0x0e, 0xb7, 0x84, 0x91, 0xd6, 0x31,
  0x72, 0x7a, 0x44, 0xeb, 0x9d, 0x81, 0xa6, 0xf9, 0x4f, 0x7d, 0x6c, 0x23,
  0xc9, 0x8b, 0x88, 0xc3, 0x1c, 0x68, 0x7e, 0x55, 0x00, 0xab, 0x82, 0x98,
  0xe4, 0x3d, 0x78, 0x75, 0x37, 0xdd, 0x94, 0x83, 0xb1, 0x07, 0x5a, 0x7f,
  0x63, 0x15, 0xbc, 0x86, 0x8e, 0xcf, 0x2a, 0x6f, 0x7c, 0x49, 0xf2, 0xa1,
  0x81, 0xa1, 0xf2, 0x49, 0x7c, 0x6f, 0x2a, 0xcf, 0x8e, 0x86, 0xbc, 0x15,
  0x63, 0x7f, 0x5a, 0x07, 0xb1, 0x83, 0x94, 0xdd, 0x37, 0x75, 0x78, 0x3d,
  0xe4, 0x98, 0x82, 0xab, 0x00, 0x55, 0x7e, 0x68, 0x1c, 0xc3, 0x88, 0x8b,
  0xc9, 0x23, 0x6c, 0x7d, 0x4f, 0xf9, 0xa6, 0x81, 0x9d, 0xeb, 0x44, 0x7a,
  0x72, 0x31, 0xd6, 0x91, 0x84, 0xb7, 0x0e, 0x5f, 0x7f, 0x5a, 0x00, 0xa6,
  0x81, 0xa6, 0x00, 0x5a, 0x7f, 0x5a, 0x00, 0xa6, 0x81, 0xa6, 0x00, 0x5a,
  0x7f, 0x5a, 0x00, 0xa6, 0x81, 0xa6, 0x00, 0x5a, 0x7f, 0x5a, 0x00, 0xa6,
  0x81, 0xa6, 0x00, 0x5a, 0x7f, 0x5a, 0x00, 0xa6, 0x81, 0xa6, 0x00, 0x5a,
  0x7f, 0x5a, 0x00, 0xa6, 0x81, 0xa6, 0x00, 0x5a, 0x7f, 0x5a, 0x00, 0xa6,
  0x81, 0xa6, 0x00, 0x5a, 0x7f, 0x5a, 0x00, 0xa6, 0x81, 0xa6, 0x00, 0x5a,
  0x7f, 0x5a, 0x00, 0xa6, 0x81, 0xa6, 0x00, 0x5a, 0x7f, 0x5a, 0x00, 0xa6,
  0x81, 0xa6, 0x00, 0x5a, 0x7f, 0x5a, 0x00, 0xa6, 0x81, 0xa6, 0x00, 0x5a,
  0x7f, 0x5a, 0x00, 0xa6, 0x81, 0xa6, 0x00, 0x5a, 0x7f, 0x5a, 0x00, 0xa6,
  0x81, 0xa6, 0x00, 0x5a, 0x7f, 0x5a, 0x00, 0xa6, 0x81, 0xa6, 0x00, 0x5a,
  0x7f, 0x55, 0xf2, 0x98, 0x84, 0xc3, 0x2a, 0x75, 0x72, 0x23, 0xbc, 0x83,
  0x9d, 0xf9, 0x5a, 0x7f, 0x4f, 0xeb, 0x94, 0x86, 0xc9, 0x31, 0x78, 0x6f,
  0x1c, 0xb7, 0x82, 0xa1, 0x00, 0x5f, 0x7e, 0x49, 0xe4, 0x91, 0x88, 0xcf,
  0x37, 0x7a, 0x6c, 0x15, 0xb1, 0x81, 0xa6, 0x07, 0x63, 0x7d, 0x44, 0xdd,
  0x8e, 0x8b, 0xd6, 0x3d, 0x7c, 0x68, 0x0e, 0xab, 0x81, 0xab, 0x0e, 0x68,
  0x7c, 0x3d, 0xd6, 0x8b, 0x8e, 0xdd, 0x44, 0x7d, 0x63, 0x07, 0xa6, 0x81,
  0xb1, 0x15, 0x6c, 0x7a, 0x37, 0xcf, 0x88, 0x91, 0xe4, 0x49, 0x7e, 0x5f,
  0x00, 0xa1, 0x82, 0xb7, 0x1c, 0x6f, 0x78, 0x31, 0xc9, 0x86, 0x94, 0xeb,
  0x4f, 0x7f, 0x5a, 0xf9, 0x9d, 0x83, 0xbc, 0x23, 0x72, 0x75, 0x2a, 0xc3,
  0x84, 0x98, 0xf2, 0x55, 0x7f, 0x4f, 0xe4, 0x8e, 0x8e, 0xe4, 0x4f, 0x7f,
  0x4f, 0xe4, 0x8e, 0x8e, 0xe4, 0x4f, 0x7f, 0x4f, 0xe4, 0x8e, 0x8e, 0xe4,
  0x4f, 0x7f, 0x4f, 0xe4, 0x8e, 0x8e, 0xe4, 0x4f, 0x7f, 0x4f, 0xe4, 0x8e,
  0x8e, 0xe4, 0x4f, 0x7f, 0x4f, 0xe4, 0x8e, 0x8e, 0xe4, 0x4f, 0x7f, 0x4f,
  0xe4, 0x8e, 0x8e, 0xe4, 0x4f, 0x7f, 0x4f, 0xe4, 0x8e, 0x8e, 0xe4, 0x4f,
  0x7f, 0x4f, 0xe4, 0x8e, 0x8e, 0xe4, 0x4f, 0x7f, 0x4f, 0xe4, 0x8e, 0x8e,
  0xe4, 0x4f, 0x7f, 0x4f, 0xe4, 0x8e, 0x8e, 0xe4, 0x4f, 0x7f, 0x4f, 0xe4,
  0x8e, 0x8e, 0xe4, 0x4f, 0x7f, 0x4f, 0xe4, 0x8e, 0x8e, 0xe4, 0x4f, 0x7f,
  0x4f, 0xe4, 0x8e, 0x8e, 0xe4, 0x4f, 0x7f, 0x4f, 0xe4, 0x8e, 0x8e, 0xe4,
  0x4f, 0x7f, 0x4f, 0xe4, 0x8e, 0x8e, 0xe4, 0x4f, 0x7f, 0x49, 0xd6, 0x86,
  0x9d, 0x07, 0x6c, 0x75, 0x1c, 0xab, 0x82, 0xc3, 0x37, 0x7d, 0x5a, 0xeb,
  0x8e, 0x91, 0xf2, 0x5f, 0x7c, 0x31, 0xbc, 0x81, 0xb1, 0x23, 0x78, 0x68,
  0x00, 0x98, 0x88, 0xdd, 0x4f, 0x7f, 0x44, 0xcf, 0x84, 0xa1, 0x0e, 0x6f,
  0x72, 0x15, 0xa6, 0x83, 0xc9, 0x3d, 0x7e, 0x55, 0xe4, 0x8b, 0x94, 0xf9,
  0x63, 0x7a, 0x2a, 0xb7, 0x81, 0xb7, 0x2a, 0x7a, 0x63, 0xf9, 0x94, 0x8b,
  0xe4, 0x55, 0x7e, 0x3d, 0xc9, 0x83, 0xa6, 0x15, 0x72, 0x6f, 0x0e, 0xa1,
  0x84, 0xcf, 0x44, 0x7f, 0x4f, 0xdd, 0x88, 0x98, 0x00, 0x68, 0x78, 0x23,
  0xb1, 0x81, 0xbc, 0x31, 0x7c, 0x5f, 0xf2, 0x91, 0x8e, 0xeb, 0x5a, 0x7d,
  0x37, 0xc3, 0x82, 0xab, 0x1c, 0x75, 0x6c, 0x07, 0x9d, 0x86, 0xd6, 0x49,
  0x7f, 0x44, 0xc9, 0x82, 0xb1, 0x2a, 0x7c, 0x5a, 0xe4, 0x88, 0x9d, 0x0e,
  0x72, 0x6c, 0x00, 0x94, 0x8e, 0xf2, 0x63, 0x78, 0x1c, 0xa6, 0x84, 0xd6,
  0x4f, 0x7e, 0x37, 0xbc, 0x81, 0xbc, 0x37, 0x7e, 0x4f, 0xd6, 0x84, 0xa6,
  0x1c, 0x78, 0x63, 0xf2, 0x8e, 0x94, 0x00, 0x6c, 0x72, 0x0e, 0x9d, 0x88,
  0xe4, 0x5a, 0x7c, 0x2a, 0xb1, 0x82, 0xc9, 0x44, 0x7f, 0x44, 0xc9, 0x82,
  0xb1, 0x2a, 0x7c, 0x5a, 0xe4, 0x88, 0x9d, 0x0e, 0x72, 0x6c, 0x00, 0x94,
  0x8e, 0xf2, 0x63, 0x78, 0x1c, 0xa6, 0x84, 0xd6, 0x4f, 0x7e, 0x37, 0xbc,
  0x81, 0xbc, 0x37, 0x7e, 0x4f, 0xd6, 0x84, 0xa6, 0x1c, 0x78, 0x63, 0xf2,
  0x8e, 0x94, 0x00, 0x6c, 0x72, 0x0e, 0x9d, 0x88, 0xe4, 0x5a, 0x7c, 0x2a,
  0xb1, 0x82, 0xc9, 0x44, 0x7f, 0x3d, 0xbc, 0x81, 0xc9, 0x49, 0x7e, 0x31,
  0xb1, 0x83, 0xd6, 0x55, 0x7c, 0x23, 0xa6, 0x86, 0xe4, 0x5f, 0x78, 0x15,
  0x9d, 0x8b, 0xf2, 0x68, 0x72, 0x07, 0x94, 0x91, 0x00, 0x6f, 0x6c, 0xf9,
  0x8e, 0x98, 0x0e, 0x75, 0x63, 0xeb, 0x88, 0xa1, 0x1c, 0x7a, 0x5a, 0xdd,
  0x84, 0xab, 0x2a, 0x7d, 0x4f, 0xcf, 0x82, 0xb7, 0x37, 0x7f, 0x44, 0xc3,
  0x81, 0xc3, 0x44, 0x7f, 0x37, 0xb7, 0x82, 0xcf, 0x4f, 0x7d, 0x2a, 0xab,
  0x84, 0xdd, 0x5a, 0x7a, 0x1c, 0xa1, 0x88, 0xeb, 0x63, 0x75, 0x0e, 0x98,
  0x8e, 0xf9, 0x6c, 0x6f, 0x00, 0x91, 0x94, 0x07, 0x72, 0x68, 0xf2, 0x8b,
  0x9d, 0x15, 0x78, 0x5f, 0xe4, 0x86, 0xa6, 0x23, 0x7c, 0x55, 0xd6, 0x83,
  0xb1, 0x31, 0x7e, 0x49, 0xc9, 0x81, 0xbc, 0x3d, 0x7f, 0x37, 0xb1, 0x84,
  0xe4, 0x63, 0x72, 0x00, 0x8e, 0x9d, 0x1c, 0x7c, 0x4f, 0xc9, 0x81, 0xc9,
  0x4f, 0x7c, 0x1c, 0x9d, 0x8e, 0x00, 0x72, 0x63, 0xe4, 0x84, 0xb1, 0x37,
  0x7f, 0x37, 0xb1, 0x84, 0xe4, 0x63, 0x72, 0x00, 0x8e, 0x9d, 0x1c, 0x7c,
  0x4f, 0xc9, 0x81, 0xc9, 0x4f, 0x7c, 0x1c, 0x9d, 0x8e, 0x00, 0x72, 0x63,
  0xe4, 0x84, 0xb1, 0x37, 0x7f, 0x37, 0xb1, 0x84, 0xe4, 0x63, 0x72, 0x00,
  0x8e, 0x9d, 0x1c, 0x7c, 0x4f, 0xc9, 0x81, 0xc9, 0x4f, 0x7c, 0x1c, 0x9d,
  0x8e, 0x00, 0x72, 0x63, 0xe4, 0x84, 0xb1, 0x37, 0x7f, 0x37, 0xb1, 0x84,
  0xe4, 0x63, 0x72, 0x00, 0x8e, 0x9d, 0x1c, 0x7c, 0x4f, 0xc9, 0x81, 0xc9,
  0x4f, 0x7c, 0x1c, 0x9d, 0x8e, 0x00, 0x72, 0x63, 0xe4, 0x84, 0xb1, 0x37,
  0x7f, 0x31, 0xa6, 0x8b, 0x00, 0x75, 0x5a, 0xcf, 0x81, 0xcf, 0x5a, 0x75,
  0x00, 0x8b, 0xa6, 0x31, 0x7f, 0x31, 0xa6, 0x8b, 0x00, 0x75, 0x5a, 0xcf,
  0x81, 0xcf, 0x5a, 0x75, 0x00, 0x8b, 0xa6, 0x31, 0x7f, 0x31, 0xa6, 0x8b,
  0x00, 0x75, 0x5a, 0xcf, 0x81, 0xcf, 0x5a, 0x75, 0x00, 0x8b, 0xa6, 0x31,
  0x7f, 0x31, 0xa6, 0x8b, 0x00, 0x75, 0x5a, 0xcf, 0x81, 0xcf, 0x5a, 0x75,
  0x00, 0x8b, 0xa6, 0x31, 0x7f, 0x31, 0xa6, 0x8b, 0x00, 0x75, 0x5a, 0xcf,
  0x81, 0xcf, 0x5a, 0x75, 0x00, 0x8b, 0xa6, 0x31, 0x7f, 0x31, 0xa6, 0x8b,
  0x00, 0x75, 0x5a, 0xcf, 0x81, 0xcf, 0x5a, 0x75, 0x00, 0x8b, 0xa6, 0x31,
  0x7f, 0x31, 0xa6, 0x8b, 0x00, 0x75, 0x5a, 0xcf, 0x81, 0xcf, 0x5a, 0x75,
  0x00, 0x8b, 0xa6, 0x31, 0x7f, 0x2a, 0x9d, 0x94, 0x1c, 0x7e, 0x37, 0xa6,
  0x8e, 0x0e, 0x7c, 0x44, 0xb1, 0x88, 0x00, 0x78, 0x4f, 0xbc, 0x84, 0xf2,
  0x72, 0x5a, 0xc9, 0x82, 0xe4, 0x6c, 0x63, 0xd6, 0x81, 0xd6, 0x63, 0x6c,
  0xe4, 0x82, 0xc9, 0x5a, 0x72, 0xf2, 0x84, 0xbc, 0x4f, 0x78, 0x00, 0x88,
  0xb1, 0x44, 0x7c, 0x0e, 0x8e, 0xa6, 0x37, 0x7e, 0x1c, 0x94, 0x9d, 0x2a,
  0x7f, 0x2a, 0x9d, 0x94, 0x1c, 0x7e, 0x37, 0xa6, 0x8e, 0x0e, 0x7c, 0x44,
  0xb1, 0x88, 0x00, 0x78, 0x4f, 0xbc, 0x84, 0xf2, 0x72, 0x5a, 0xc9, 0x82,
  0xe4, 0x6c, 0x63, 0xd6, 0x81, 0xd6, 0x63, 0x6c, 0xe4, 0x82, 0xc9, 0x5a,
  0x72, 0xf2, 0x84, 0xbc, 0x4f, 0x78, 0x00, 0x88, 0xb1, 0x44, 0x7c, 0x0e,
  0x8e, 0xa6, 0x37, 0x7e, 0x1c, 0x94, 0x9d, 0x2a, 0x7f, 0x23, 0x94, 0xa1,
  0x37, 0x7d, 0x0e, 0x8b, 0xb1, 0x49, 0x78, 0xf9, 0x84, 0xc3, 0x5a, 0x6f,
  0xe4, 0x81, 0xd6, 0x68, 0x63, 0xcf, 0x82, 0xeb, 0x72, 0x55, 0xbc, 0x86,
  0x00, 0x7a, 0x44, 0xab, 0x8e, 0x15, 0x7e, 0x31, 0x9d, 0x98, 0x2a, 0x7f,
  0x1c, 0x91, 0xa6, 0x3d, 0x7c, 0x07, 0x88, 0xb7, 0x4f, 0x75, 0xf2, 0x83,
  0xc9, 0x5f, 0x6c, 0xdd, 0x81, 0xdd, 0x6c, 0x5f, 0xc9, 0x83, 0xf2, 0x75,
  0x4f, 0xb7, 0x88, 0x07, 0x7c, 0x3d, 0xa6, 0x91, 0x1c, 0x7f, 0x2a, 0x98,
  0x9d, 0x31, 0x7e, 0x15, 0x8e, 0xab, 0x44, 0x7a, 0x00, 0x86, 0xbc, 0x55,
  0x72, 0xeb, 0x82, 0xcf, 0x63, 0x68, 0xd6, 0x81, 0xe4, 0x6f, 0x5a, 0xc3,
  0x84, 0xf9, 0x78, 0x49, 0xb1, 0x8b, 0x0e, 0x7d, 0x37, 0xa1, 0x94, 0x23,
  0x7f, 0x1c, 0x8e, 0xb1, 0x4f, 0x72, 0xe4, 0x81, 0xe4, 0x72, 0x4f, 0xb1,
  0x8e, 0x1c, 0x7f, 0x1c, 0x8e, 0xb1, 0x4f, 0x72, 0xe4, 0x81, 0xe4, 0x72,
  0x4f, 0xb1, 0x8e, 0x1c, 0x7f, 0x1c, 0x8e, 0xb1, 0x4f, 0x72, 0xe4, 0x81,
  0xe4, 0x72, 0x4f, 0xb1, 0x8e, 0x1c, 0x7f, 0x1c, 0x8e, 0xb1, 0x4f, 0x72,
  0xe4, 0x81, 0xe4, 0x72, 0x4f, 0xb1, 0x8e, 0x1c, 0x7f, 0x1c, 0x8e, 0xb1,
  0x4f, 0x72, 0xe4, 0x81, 0xe4, 0x72, 0x4f, 0xb1, 0x8e, 0x1c, 0x7f, 0x1c,
  0x8e, 0xb1, 0x4f, 0x72, 0xe4, 0x81, 0xe4, 0x72, 0x4f, 0xb1, 0x8e, 0x1c,
  0x7f, 0x1c, 0x8e, 0xb1, 0x4f, 0x72, 0xe4, 0x81, 0xe4, 0x72, 0x4f, 0xb1,
  0x8e, 0x1c, 0x7f, 0x1c, 0x8e, 0xb1, 0x4f, 0x72, 0xe4, 0x81, 0xe4, 0x72,
  0x4f, 0xb1, 0x8e, 0x1c, 0x7f, 0x15, 0x88, 0xc3, 0x63, 0x5f, 0xbc, 0x8b,
  0x1c, 0x7f, 0x0e, 0x86, 0xc9, 0x68, 0x5a, 0xb7, 0x8e, 0x23, 0x7e, 0x07,
  0x84, 0xcf, 0x6c, 0x55, 0xb1, 0x91, 0x2a, 0x7d, 0x00, 0x83, 0xd6, 0x6f,
  0x4f, 0xab, 0x94, 0x31, 0x7c, 0xf9, 0x82, 0xdd, 0x72, 0x49, 0xa6, 0x98,
  0x37, 0x7a, 0xf2, 0x81, 0xe4, 0x75, 0x44, 0xa1, 0x9d, 0x3d, 0x78, 0xeb,
  0x81, 0xeb, 0x78, 0x3d, 0x9d, 0xa1, 0x44, 0x75, 0xe4, 0x81, 0xf2, 0x7a,
  0x37, 0x98, 0xa6, 0x49, 0x72, 0xdd, 0x82, 0xf9, 0x7c, 0x31, 0x94, 0xab,
  0x4f, 0x6f, 0xd6, 0x83, 0x00, 0x7d, 0x2a, 0x91, 0xb1, 0x55, 0x6c, 0xcf,
  0x84, 0x07, 0x7e, 0x23, 0x8e, 0xb7, 0x5a, 0x68, 0xc9, 0x86, 0x0e, 0x7f,
  0x1c, 0x8b, 0xbc, 0x5f, 0x63, 0xc3, 0x88, 0x15, 0x7f, 0x0e, 0x84, 0xd6,
  0x72, 0x44, 0x9d, 0xa6, 0x4f, 0x6c, 0xc9, 0x88, 0x1c, 0x7e, 0x00, 0x82,
  0xe4, 0x78, 0x37, 0x94, 0xb1, 0x5a, 0x63, 0xbc, 0x8e, 0x2a, 0x7c, 0xf2,
  0x81, 0xf2, 0x7c, 0x2a, 0x8e, 0xbc, 0x63, 0x5a, 0xb1, 0x94, 0x37, 0x78,
  0xe4, 0x82, 0x00, 0x7e, 0x1c, 0x88, 0xc9, 0x6c, 0x4f, 0xa6, 0x9d, 0x44,
  0x72, 0xd6, 0x84, 0x0e, 0x7f, 0x0e, 0x84, 0xd6, 0x72, 0x44, 0x9d, 0xa6,
  0x4f, 0x6c, 0xc9, 0x88, 0x1c, 0x7e, 0x00, 0x82, 0xe4, 0x78, 0x37, 0x94,
  0xb1, 0x5a, 0x63, 0xbc, 0x8e, 0x2a, 0x7c, 0xf2, 0x81, 0xf2, 0x7c, 0x2a,
  0x8e, 0xbc, 0x63, 0x5a, 0xb1, 0x94, 0x37, 0x78, 0xe4, 0x82, 0x00, 0x7e,
  0x1c, 0x88, 0xc9, 0x6c, 0x4f, 0xa6, 0x9d, 0x44, 0x72, 0xd6, 0x84, 0x0e,
  0x7f, 0x07, 0x82, 0xeb, 0x7c, 0x23, 0x88, 0xcf, 0x72, 0x3d, 0x94, 0xb7,
  0x63, 0x55, 0xa6, 0xa1, 0x4f, 0x68, 0xbc, 0x91, 0x37, 0x75, 0xd6, 0x86,
  0x1c, 0x7d, 0xf2, 0x81, 0x00, 0x7f, 0x0e, 0x83, 0xe4, 0x7a, 0x2a, 0x8b,
  0xc9, 0x6f, 0x44, 0x98, 0xb1, 0x5f, 0x5a, 0xab, 0x9d, 0x49, 0x6c, 0xc3,
  0x8e, 0x31, 0x78, 0xdd, 0x84, 0x15, 0x7e, 0xf9, 0x81, 0xf9, 0x7e, 0x15,
  0x84, 0xdd, 0x78, 0x31, 0x8e, 0xc3, 0x6c, 0x49, 0x9d, 0xab, 0x5a, 0x5f,
  0xb1, 0x98, 0x44, 0x6f, 0xc9, 0x8b, 0x2a, 0x7a, 0xe4, 0x83, 0x0e, 0x7f,
  0x00, 0x81, 0xf2, 0x7d, 0x1c, 0x86, 0xd6, 0x75, 0x37, 0x91, 0xbc, 0x68,
  0x4f, 0xa1, 0xa6, 0x55, 0x63, 0xb7, 0x94, 0x3d, 0x72, 0xcf, 0x88, 0x23,
  0x7c, 0xeb, 0x82, 0x07, 0x7f, 0x00, 0x81, 0x00, 0x7f, 0x00, 0x81, 0x00,
  0x7f, 0x00, 0x81, 0x00, 0x7f, 0x00, 0x81, 0x00, 0x7f, 0x00, 0x81, 0x00,
  0x7f, 0x00, 0x81, 0x00, 0x7f, 0x00, 0x81, 0x00, 0x7f, 0x00, 0x81, 0x00,
  0x7f, 0x00, 0x81, 0x00, 0x7f, 0x00, 0x81, 0x00, 0x7f, 0x00, 0x81, 0x00,
  0x7f, 0x00, 0x81, 0x00, 0x7f, 0x00, 0x81, 0x00, 0x7f, 0x00, 0x81, 0x00,
  0x7f, 0x00, 0x81, 0x00, 0x7f, 0x00, 0x81, 0x00, 0x7f, 0x00, 0x81, 0x00,
  0x7f, 0x00, 0x81, 0x00, 0x7f, 0x00, 0x81, 0x00, 0x7f, 0x00, 0x81, 0x00,
  0x7f, 0x00, 0x81, 0x00, 0x7f, 0x00, 0x81, 0x00, 0x7f, 0x00, 0x81, 0x00,
  0x7f, 0x00, 0x81, 0x00, 0x7f, 0x00, 0x81, 0x00, 0x7f, 0x00, 0x81, 0x00,
  0x7f, 0x00, 0x81, 0x00, 0x7f, 0x00, 0x81, 0x00, 0x7f, 0xf9, 0x82, 0x15,
  0x7c, 0xdd, 0x88, 0x31, 0x72, 0xc3, 0x94, 0x49, 0x63, 0xab, 0xa6, 0x5f,
  0x4f, 0x98, 0xbc, 0x6f, 0x37, 0x8b, 0xd6, 0x7a, 0x1c, 0x83, 0xf2, 0x7f,
  0x00, 0x81, 0x0e, 0x7d, 0xe4, 0x86, 0x2a, 0x75, 0xc9, 0x91, 0x44, 0x68,
  0xb1, 0xa1, 0x5a, 0x55, 0x9d, 0xb7, 0x6c, 0x3d, 0x8e, 0xcf, 0x78, 0x23,
  0x84, 0xeb, 0x7e, 0x07, 0x81, 0x07, 0x7e, 0xeb, 0x84, 0x23, 0x78, 0xcf,
  0x8e, 0x3d, 0x6c, 0xb7, 0x9d, 0x55, 0x5a, 0xa1, 0xb1, 0x68, 0x44, 0x91,
  0xc9, 0x75, 0x2a, 0x86, 0xe4, 0x7d, 0x0e, 0x81, 0x00, 0x7f, 0xf2, 0x83,
  0x1c, 0x7a, 0xd6, 0x8b, 0x37, 0x6f, 0xbc, 0x98, 0x4f, 0x5f, 0xa6, 0xab,
  0x63, 0x49, 0x94, 0xc3, 0x72, 0x31, 0x88, 0xdd, 0x7c, 0x15, 0x82, 0xf9,
  0x7f, 0xf2, 0x84, 0x2a, 0x72, 0xbc, 0x9d, 0x5a, 0x4f, 0x94, 0xc9, 0x78,
  0x1c, 0x82, 0x00, 0x7e, 0xe4, 0x88, 0x37, 0x6c, 0xb1, 0xa6, 0x63, 0x44,
  0x8e, 0xd6, 0x7c, 0x0e, 0x81, 0x0e, 0x7c, 0xd6, 0x8e, 0x44, 0x63, 0xa6,
  0xb1, 0x6c, 0x37, 0x88, 0xe4, 0x7e, 0x00, 0x82, 0x1c, 0x78, 0xc9, 0x94,
  0x4f, 0x5a, 0x9d, 0xbc, 0x72, 0x2a, 0x84, 0xf2, 0x7f, 0xf2, 0x84, 0x2a,
  0x72, 0xbc, 0x9d, 0x5a, 0x4f, 0x94, 0xc9, 0x78, 0x1c, 0x82, 0x00, 0x7e,
  0xe4, 0x88, 0x37, 0x6c, 0xb1, 0xa6, 0x63, 0x44, 0x8e, 0xd6, 0x7c, 0x0e,
  0x81, 0x0e, 0x7c, 0xd6, 0x8e, 0x44, 0x63, 0xa6, 0xb1, 0x6c, 0x37, 0x88,
  0xe4, 0x7e, 0x00, 0x82, 0x1c, 0x78, 0xc9, 0x94, 0x4f, 0x5a, 0x9d, 0xbc,
  0x72, 0x2a, 0x84, 0xf2, 0x7f, 0xeb, 0x88, 0x3d, 0x63, 0xa1, 0xbc, 0x75,
  0x1c, 0x81, 0x0e, 0x7a, 0xc9, 0x98, 0x5a, 0x49, 0x8e, 0xdd, 0x7e, 0xf9,
  0x84, 0x31, 0x6c, 0xab, 0xb1, 0x6f, 0x2a, 0x83, 0x00, 0x7d, 0xd6, 0x91,
  0x4f, 0x55, 0x94, 0xcf, 0x7c, 0x07, 0x82, 0x23, 0x72, 0xb7, 0xa6, 0x68,
  0x37, 0x86, 0xf2, 0x7f, 0xe4, 0x8b, 0x44, 0x5f, 0x9d, 0xc3, 0x78, 0x15,
  0x81, 0x15, 0x78, 0xc3, 0x9d, 0x5f, 0x44, 0x8b, 0xe4, 0x7f, 0xf2, 0x86,
  0x37, 0x68, 0xa6, 0xb7, 0x72, 0x23, 0x82, 0x07, 0x7c, 0xcf, 0x94, 0x55,
  0x4f, 0x91, 0xd6, 0x7d, 0x00, 0x83, 0x2a, 0x6f, 0xb1, 0xab, 0x6c, 0x31,
  0x84, 0xf9, 0x7e, 0xdd, 0x8e, 0x49, 0x5a, 0x98, 0xc9, 0x7a, 0x0e, 0x81,
  0x1c, 0x75, 0xbc, 0xa1, 0x63, 0x3d, 0x88, 0xeb, 0x7f, 0xe4, 0x8e, 0x4f,
  0x4f, 0x8e, 0xe4, 0x7f, 0xe4, 0x8e, 0x4f, 0x4f, 0x8e, 0xe4, 0x7f, 0xe4,
  0x8e, 0x4f, 0x4f, 0x8e, 0xe4, 0x7f, 0xe4, 0x8e, 0x4f, 0x4f, 0x8e, 0xe4,
  0x7f, 0xe4, 0x8e, 0x4f, 0x4f, 0x8e, 0xe4, 0x7f, 0xe4, 0x8e, 0x4f, 0x4f,
  0x8e, 0xe4, 0x7f, 0xe4, 0x8e, 0x4f, 0x4f, 0x8e, 0xe4, 0x7f, 0xe4, 0x8e,
  0x4f, 0x4f, 0x8e, 0xe4, 0x7f, 0xe4, 0x8e, 0x4f, 0x4f, 0x8e, 0xe4, 0x7f,
  0xe4, 0x8e, 0x4f, 0x4f, 0x8e, 0xe4, 0x7f, 0xe4, 0x8e, 0x4f, 0x4f, 0x8e,
  0xe4, 0x7f, 0xe4, 0x8e, 0x4f, 0x4f, 0x8e, 0xe4, 0x7f, 0xe4, 0x8e, 0x4f,
  0x4f, 0x8e, 0xe4, 0x7f, 0xe4, 0x8e, 0x4f, 0x4f, 0x8e, 0xe4, 0x7f, 0xe4,
  0x8e, 0x4f, 0x4f, 0x8e, 0xe4, 0x7f, 0xe4, 0x8e, 0x4f, 0x4f, 0x8e, 0xe4,
  0x7f, 0xdd, 0x94, 0x5f, 0x37, 0x83, 0x0e, 0x75, 0xb1, 0xb7, 0x78, 0x07,
  0x84, 0x3d, 0x5a, 0x91, 0xe4, 0x7f, 0xd6, 0x98, 0x63, 0x31, 0x82, 0x15,
  0x72, 0xab, 0xbc, 0x7a, 0x00, 0x86, 0x44, 0x55, 0x8e, 0xeb, 0x7e, 0xcf,
  0x9d, 0x68, 0x2a, 0x81, 0x1c, 0x6f, 0xa6, 0xc3, 0x7c, 0xf9, 0x88, 0x49,
  0x4f, 0x8b, 0xf2, 0x7d, 0xc9, 0xa1, 0x6c, 0x23, 0x81, 0x23, 0x6c, 0xa1,
  0xc9, 0x7d, 0xf2, 0x8b, 0x4f, 0x49, 0x88, 0xf9, 0x7c, 0xc3, 0xa6, 0x6f,
  0x1c, 0x81, 0x2a, 0x68, 0x9d, 0xcf, 0x7e, 0xeb, 0x8e, 0x55, 0x44, 0x86,
  0x00, 0x7a, 0xbc, 0xab, 0x72, 0x15, 0x82, 0x31, 0x63, 0x98, 0xd6, 0x7f,
  0xe4, 0x91, 0x5a, 0x3d, 0x84, 0x07, 0x78, 0xb7, 0xb1, 0x75, 0x0e, 0x83,
  0x37, 0x5f, 0x94, 0xdd, 0x7f, 0xd6, 0x9d, 0x6c, 0x1c, 0x82, 0x37, 0x5a,
  0x8e, 0xf2, 0x7c, 0xbc, 0xb1, 0x78, 0x00, 0x88, 0x4f, 0x44, 0x84, 0x0e,
  0x72, 0xa6, 0xc9, 0x7e, 0xe4, 0x94, 0x63, 0x2a, 0x81, 0x2a, 0x63, 0x94,
  0xe4, 0x7e, 0xc9, 0xa6, 0x72, 0x0e, 0x84, 0x44, 0x4f, 0x88, 0x00, 0x78,
  0xb1, 0xbc, 0x7c, 0xf2, 0x8e, 0x5a, 0x37, 0x82, 0x1c, 0x6c, 0x9d, 0xd6,
  0x7f, 0xd6, 0x9d, 0x6c, 0x1c, 0x82, 0x37, 0x5a, 0x8e, 0xf2, 0x7c, 0xbc,
  0xb1, 0x78, 0x00, 0x88, 0x4f, 0x44, 0x84, 0x0e, 0x72, 0xa6, 0xc9, 0x7e,
  0xe4, 0x94, 0x63, 0x2a, 0x81, 0x2a, 0x63, 0x94, 0xe4, 0x7e, 0xc9, 0xa6,
  0x72, 0x0e, 0x84, 0x44, 0x4f, 0x88, 0x00, 0x78, 0xb1, 0xbc, 0x7c, 0xf2,
  0x8e, 0x5a, 0x37, 0x82, 0x1c, 0x6c, 0x9d, 0xd6, 0x7f, 0xcf, 0xa6, 0x75,
  0x00, 0x8b, 0x5a, 0x31, 0x81, 0x31, 0x5a, 0x8b, 0x00, 0x75, 0xa6, 0xcf,
  0x7f, 0xcf, 0xa6, 0x75, 0x00, 0x8b, 0x5a, 0x31, 0x81, 0x31, 0x5a, 0x8b,
  0x00, 0x75, 0xa6, 0xcf, 0x7f, 0xcf, 0xa6, 0x75, 0x00, 0x8b, 0x5a, 0x31,
  0x81, 0x31, 0x5a, 0x8b, 0x00, 0x75, 0xa6, 0xcf, 0x7f, 0xcf, 0xa6, 0x75,
  0x00, 0x8b, 0x5a, 0x31, 0x81, 0x31, 0x5a, 0x8b, 0x00, 0x75, 0xa6, 0xcf,
  0x7f, 0xcf, 0xa6, 0x75, 0x00, 0x8b, 0x5a, 0x31, 0x81, 0x31, 0x5a, 0x8b,
  0x00, 0x75, 0xa6, 0xcf, 0x7f, 0xcf, 0xa6, 0x75, 0x00, 0x8b, 0x5a, 0x31,
  0x81, 0x31, 0x5a, 0x8b, 0x00, 0x75, 0xa6, 0xcf, 0x7f, 0xcf, 0xa6, 0x75,
  0x00, 0x8b, 0x5a, 0x31, 0x81, 0x31, 0x5a, 0x8b, 0x00, 0x75, 0xa6, 0xcf,
  0x7f, 0xc9, 0xb1, 0x7c, 0xe4, 0x9d, 0x72, 0x00, 0x8e, 0x63, 0x1c, 0x84,
  0x4f, 0x37, 0x81, 0x37, 0x4f, 0x84, 0x1c, 0x63, 0x8e, 0x00, 0x72, 0x9d,
  0xe4, 0x7c, 0xb1, 0xc9, 0x7f, 0xc9, 0xb1, 0x7c, 0xe4, 0x9d, 0x72, 0x00,
  0x8e, 0x63, 0x1c, 0x84, 0x4f, 0x37, 0x81, 0x37, 0x4f, 0x84, 0x1c, 0x63,
  0x8e, 0x00, 0x72, 0x9d, 0xe4, 0x7c, 0xb1, 0xc9, 0x7f, 0xc9, 0xb1, 0x7c,
  0xe4, 0x9d, 0x72, 0x00, 0x8e, 0x63, 0x1c, 0x84, 0x4f, 0x37, 0x81, 0x37,
  0x4f, 0x84, 0x1c, 0x63, 0x8e, 0x00, 0x72, 0x9d, 0xe4, 0x7c, 0xb1, 0xc9,
  0x7f, 0xc9, 0xb1, 0x7c, 0xe4, 0x9d, 0x72, 0x00, 0x8e, 0x63, 0x1c, 0x84,
  0x4f, 0x37, 0x81, 0x37, 0x4f, 0x84, 0x1c, 0x63, 0x8e, 0x00, 0x72, 0x9d,
  0xe4, 0x7c, 0xb1, 0xc9, 0x7f, 0xc3, 0xbc, 0x7f, 0xc9, 0xb7, 0x7e, 0xcf,
  0xb1, 0x7d, 0xd6, 0xab, 0x7c, 0xdd, 0xa6, 0x7a, 0xe4, 0xa1, 0x78, 0xeb,
  0x9d, 0x75, 0xf2, 0x98, 0x72, 0xf9, 0x94, 0x6f, 0x00, 0x91, 0x6c, 0x07,
  0x8e, 0x68, 0x0e, 0x8b, 0x63, 0x15, 0x88, 0x5f, 0x1c, 0x86, 0x5a, 0x23,
  0x84, 0x55, 0x2a, 0x83, 0x4f, 0x31, 0x82, 0x49, 0x37, 0x81, 0x44, 0x3d,
  0x81, 0x3d, 0x44, 0x81, 0x37, 0x49, 0x82, 0x31, 0x4f, 0x83, 0x2a, 0x55,
  0x84, 0x23, 0x5a, 0x86, 0x1c, 0x5f, 0x88, 0x15, 0x63, 0x8b, 0x0e, 0x68,
  0x8e, 0x07, 0x6c, 0x91, 0x00, 0x6f, 0x94, 0xf9, 0x72, 0x98, 0xf2, 0x75,
  0x9d, 0xeb, 0x78, 0xa1, 0xe4, 0x7a, 0xa6, 0xdd, 0x7c, 0xab, 0xd6, 0x7d,
  0xb1, 0xcf, 0x7e, 0xb7, 0xc9, 0x7f, 0xbc, 0xc3, 0x7f, 0xbc, 0xc9, 0x7e,
  0xb1, 0xd6, 0x7c, 0xa6, 0xe4, 0x78, 0x9d, 0xf2, 0x72, 0x94, 0x00, 0x6c,
  0x8e, 0x0e, 0x63, 0x88, 0x1c, 0x5a, 0x84, 0x2a, 0x4f, 0x82, 0x37, 0x44,
  0x81, 0x44, 0x37, 0x82, 0x4f, 0x2a, 0x84, 0x5a, 0x1c, 0x88, 0x63, 0x0e,
  0x8e, 0x6c, 0x00, 0x94, 0x72, 0xf2, 0x9d, 0x78, 0xe4, 0xa6, 0x7c, 0xd6,
  0xb1, 0x7e, 0xc9, 0xbc, 0x7f, 0xbc, 0xc9, 0x7e, 0xb1, 0xd6, 0x7c, 0xa6,
  0xe4, 0x78, 0x9d, 0xf2, 0x72, 0x94, 0x00, 0x6c, 0x8e, 0x0e, 0x63, 0x88,
  0x1c, 0x5a, 0x84, 0x2a, 0x4f, 0x82, 0x37, 0x44, 0x81, 0x44, 0x37, 0x82,
  0x4f, 0x2a, 0x84, 0x5a, 0x1c, 0x88, 0x63, 0x0e, 0x8e, 0x6c, 0x00, 0x94,
  0x72, 0xf2, 0x9d, 0x78, 0xe4, 0xa6, 0x7c, 0xd6, 0xb1, 0x7e, 0xc9, 0xbc,
  0x7f, 0xb7, 0xd6, 0x7a, 0x9d, 0xf9, 0x6c, 0x8b, 0x1c, 0x55, 0x82, 0x3d,
  0x37, 0x83, 0x5a, 0x15, 0x8e, 0x6f, 0xf2, 0xa1, 0x7c, 0xcf, 0xbc, 0x7f,
  0xb1, 0xdd, 0x78, 0x98, 0x00, 0x68, 0x88, 0x23, 0x4f, 0x81, 0x44, 0x31,
  0x84, 0x5f, 0x0e, 0x91, 0x72, 0xeb, 0xa6, 0x7d, 0xc9, 0xc3, 0x7e, 0xab,
  0xe4, 0x75, 0x94, 0x07, 0x63, 0x86, 0x2a, 0x49, 0x81, 0x49, 0x2a, 0x86,
  0x63, 0x07, 0x94, 0x75, 0xe4, 0xab, 0x7e, 0xc3, 0xc9, 0x7d, 0xa6, 0xeb,
  0x72, 0x91, 0x0e, 0x5f, 0x84, 0x31, 0x44, 0x81, 0x4f, 0x23, 0x88, 0x68,
  0x00, 0x98, 0x78, 0xdd, 0xb1, 0x7f, 0xbc, 0xcf, 0x7c, 0xa1, 0xf2, 0x6f,
  0x8e, 0x15, 0x5a, 0x83, 0x37, 0x3d, 0x82, 0x55, 0x1c, 0x8b, 0x6c, 0xf9,
  0x9d, 0x7a, 0xd6, 0xb7, 0x7f, 0xb1, 0xe4, 0x72, 0x8e, 0x1c, 0x4f, 0x81,
  0x4f, 0x1c, 0x8e, 0x72, 0xe4, 0xb1, 0x7f, 0xb1, 0xe4, 0x72, 0x8e, 0x1c,
  0x4f, 0x81, 0x4f, 0x1c, 0x8e, 0x72, 0xe4, 0xb1, 0x7f, 0xb1, 0xe4, 0x72,
  0x8e, 0x1c, 0x4f, 0x81, 0x4f, 0x1c, 0x8e, 0x72, 0xe4, 0xb1, 0x7f, 0xb1,
  0xe4, 0x72, 0x8e, 0x1c, 0x4f, 0x81, 0x4f, 0x1c, 0x8e, 0x72, 0xe4, 0xb1,
  0x7f, 0xb1, 0xe4, 0x72, 0x8e, 0x1c, 0x4f, 0x81, 0x4f, 0x1c, 0x8e, 0x72,
  0xe4, 0xb1, 0x7f, 0xb1, 0xe4, 0x72, 0x8e, 0x1c, 0x4f, 0x81, 0x4f, 0x1c,
  0x8e, 0x72, 0xe4, 0xb1, 0x7f, 0xb1, 0xe4, 0x72, 0x8e, 0x1c, 0x4f, 0x81,
  0x4f, 0x1c, 0x8e, 0x72, 0xe4, 0xb1, 0x7f, 0xb1, 0xe4, 0x72, 0x8e, 0x1c,
  0x4f, 0x81, 0x4f, 0x1c, 0x8e, 0x72, 0xe4, 0xb1, 0x7f, 0xab, 0xf2, 0x68,
  0x84, 0x3d, 0x2a, 0x8b, 0x72, 0xdd, 0xbc, 0x7d, 0x9d, 0x07, 0x5a, 0x81,
  0x4f, 0x15, 0x94, 0x7a, 0xc9, 0xcf, 0x78, 0x91, 0x1c, 0x49, 0x82, 0x5f,
  0x00, 0xa1, 0x7e, 0xb7, 0xe4, 0x6f, 0x88, 0x31, 0x37, 0x86, 0x6c, 0xeb,
  0xb1, 0x7f, 0xa6, 0xf9, 0x63, 0x83, 0x44, 0x23, 0x8e, 0x75, 0xd6, 0xc3,
  0x7c, 0x98, 0x0e, 0x55, 0x81, 0x55, 0x0e, 0x98, 0x7c, 0xc3, 0xd6, 0x75,
  0x8e, 0x23, 0x44, 0x83, 0x63, 0xf9, 0xa6, 0x7f, 0xb1, 0xeb, 0x6c, 0x86,
  0x37, 0x31, 0x88, 0x6f, 0xe4, 0xb7, 0x7e, 0xa1, 0x00, 0x5f, 0x82, 0x49,
  0x1c, 0x91, 0x78, 0xcf, 0xc9, 0x7a, 0x94, 0x15, 0x4f, 0x81, 0x5a, 0x07,
  0x9d, 0x7d, 0xbc, 0xdd, 0x72, 0x8b, 0x2a, 0x3d, 0x84, 0x68, 0xf2, 0xab,
  0x7f, 0xa6, 0x00, 0x5a, 0x81, 0x5a, 0x00, 0xa6, 0x7f, 0xa6, 0x00, 0x5a,
  0x81, 0x5a, 0x00, 0xa6, 0x7f, 0xa6, 0x00, 0x5a, 0x81, 0x5a, 0x00, 0xa6,
  0x7f, 0xa6, 0x00, 0x5a, 0x81, 0x5a, 0x00, 0xa6, 0x7f, 0xa6, 0x00, 0x5a,
  0x81, 0x5a, 0x00, 0xa6, 0x7f, 0xa6, 0x00, 0x5a, 0x81, 0x5a, 0x00, 0xa6,
  0x7f, 0xa6, 0x00, 0x5a, 0x81, 0x5a, 0x00, 0xa6, 0x7f, 0xa6, 0x00, 0x5a,
  0x81, 0x5a, 0x00, 0xa6, 0x7f, 0xa6, 0x00, 0x5a, 0x81, 0x5a, 0x00, 0xa6,
  0x7f, 0xa6, 0x00, 0x5a, 0x81, 0x5a, 0x00, 0xa6, 0x7f, 0xa6, 0x00, 0x5a,
  0x81, 0x5a, 0x00, 0xa6, 0x7f, 0xa6, 0x00, 0x5a, 0x81, 0x5a, 0x00, 0xa6,
  0x7f, 0xa6, 0x00, 0x5a, 0x81, 0x5a, 0x00, 0xa6, 0x7f, 0xa6, 0x00, 0x5a,
  0x81, 0x5a, 0x00, 0xa6, 0x7f, 0xa1, 0x0e, 0x49, 0x84, 0x6f, 0xd6, 0xcf,
  0x72, 0x86, 0x44, 0x15, 0x9d, 0x7f, 0xa6, 0x07, 0x4f, 0x83, 0x6c, 0xdd,
  0xc9, 0x75, 0x88, 0x3d, 0x1c, 0x98, 0x7e, 0xab, 0x00, 0x55, 0x82, 0x68,
  0xe4, 0xc3, 0x78, 0x8b, 0x37, 0x23, 0x94, 0x7d, 0xb1, 0xf9, 0x5a, 0x81,
  0x63, 0xeb, 0xbc, 0x7a, 0x8e, 0x31, 0x2a, 0x91, 0x7c, 0xb7, 0xf2, 0x5f,
  0x81, 0x5f, 0xf2, 0xb7, 0x7c, 0x91, 0x2a, 0x31, 0x8e, 0x7a, 0xbc, 0xeb,
  0x63, 0x81, 0x5a, 0xf9, 0xb1, 0x7d, 0x94, 0x23, 0x37, 0x8b, 0x78, 0xc3,
  0xe4, 0x68, 0x82, 0x55, 0x00, 0xab, 0x7e, 0x98, 0x1c, 0x3d, 0x88, 0x75,
  0xc9, 0xdd, 0x6c, 0x83, 0x4f, 0x07, 0xa6, 0x7f, 0x9d, 0x15, 0x44, 0x86,
  0x72, 0xcf, 0xd6, 0x6f, 0x84, 0x49, 0x0e, 0xa1, 0x7f, 0x9d, 0x1c, 0x37,
  0x8e, 0x7c, 0xb1, 0x00, 0x4f, 0x84, 0x72, 0xc9, 0xe4, 0x63, 0x81, 0x63,
  0xe4, 0xc9, 0x72, 0x84, 0x4f, 0x00, 0xb1, 0x7c, 0x8e, 0x37, 0x1c, 0x9d,
  0x7f, 0x9d, 0x1c, 0x37, 0x8e, 0x7c, 0xb1, 0x00, 0x4f, 0x84, 0x72, 0xc9,
  0xe4, 0x63, 0x81, 0x63, 0xe4, 0xc9, 0x72, 0x84, 0x4f, 0x00, 0xb1, 0x7c,
  0x8e, 0x37, 0x1c, 0x9d, 0x7f, 0x9d, 0x1c, 0x37, 0x8e, 0x7c, 0xb1, 0x00,
  0x4f, 0x84, 0x72, 0xc9, 0xe4, 0x63, 0x81, 0x63, 0xe4, 0xc9, 0x72, 0x84,
  0x4f, 0x00, 0xb1, 0x7c, 0x8e, 0x37, 0x1c, 0x9d, 0x7f, 0x9d, 0x1c, 0x37,
  0x8e, 0x7c, 0xb1, 0x00, 0x4f, 0x84, 0x72, 0xc9, 0xe4, 0x63, 0x81, 0x63,
  0xe4, 0xc9, 0x72, 0x84, 0x4f, 0x00, 0xb1, 0x7c, 0x8e, 0x37, 0x1c, 0x9d,
  0x7f, 0x98, 0x2a, 0x23, 0x9d, 0x7f, 0x94, 0x31, 0x1c, 0xa1, 0x7e, 0x91,
  0x37, 0x15, 0xa6, 0x7d, 0x8e, 0x3d, 0x0e, 0xab, 0x7c, 0x8b, 0x44, 0x07,
  0xb1, 0x7a, 0x88, 0x49, 0x00, 0xb7, 0x78, 0x86, 0x4f, 0xf9, 0xbc, 0x75,
  0x84, 0x55, 0xf2, 0xc3, 0x72, 0x83, 0x5a, 0xeb, 0xc9, 0x6f, 0x82, 0x5f,
  0xe4, 0xcf, 0x6c, 0x81, 0x63, 0xdd, 0xd6, 0x68, 0x81, 0x68, 0xd6, 0xdd,
  0x63, 0x81, 0x6c, 0xcf, 0xe4, 0x5f, 0x82, 0x6f, 0xc9, 0xeb, 0x5a, 0x83,
  0x72, 0xc3, 0xf2, 0x55, 0x84, 0x75, 0xbc, 0xf9, 0x4f, 0x86, 0x78, 0xb7,
  0x00, 0x49, 0x88, 0x7a, 0xb1, 0x07, 0x44, 0x8b, 0x7c, 0xab, 0x0e, 0x3d,
  0x8e, 0x7d, 0xa6, 0x15, 0x37, 0x91, 0x7e, 0xa1, 0x1c, 0x31, 0x94, 0x7f,
  0x9d, 0x23, 0x2a, 0x98, 0x7f, 0x94, 0x37, 0x0e, 0xb1, 0x78, 0x84, 0x5a,
  0xe4, 0xd6, 0x63, 0x82, 0x72, 0xbc, 0x00, 0x44, 0x8e, 0x7e, 0x9d, 0x2a,
  0x1c, 0xa6, 0x7c, 0x88, 0x4f, 0xf2, 0xc9, 0x6c, 0x81, 0x6c, 0xc9, 0xf2,
  0x4f, 0x88, 0x7c, 0xa6, 0x1c, 0x2a, 0x9d, 0x7e, 0x8e, 0x44, 0x00, 0xbc,
  0x72, 0x82, 0x63, 0xd6, 0xe4, 0x5a, 0x84, 0x78, 0xb1, 0x0e, 0x37, 0x94,
  0x7f, 0x94, 0x37, 0x0e, 0xb1, 0x78, 0x84, 0x5a, 0xe4, 0xd6, 0x63, 0x82,
  0x72, 0xbc, 0x00, 0x44, 0x8e, 0x7e, 0x9d, 0x2a, 0x1c, 0xa6, 0x7c, 0x88,
  0x4f, 0xf2, 0xc9, 0x6c, 0x81, 0x6c, 0xc9, 0xf2, 0x4f, 0x88, 0x7c, 0xa6,
  0x1c, 0x2a, 0x9d, 0x7e, 0x8e, 0x44, 0x00, 0xbc, 0x72, 0x82, 0x63, 0xd6,
  0xe4, 0x5a, 0x84, 0x78, 0xb1, 0x0e, 0x37, 0x94, 0x7f, 0x91, 0x44, 0xf9,
  0xc9, 0x68, 0x82, 0x75, 0xb1, 0x15, 0x2a, 0xa1, 0x7c, 0x86, 0x5a, 0xdd,
  0xe4, 0x55, 0x88, 0x7d, 0x9d, 0x31, 0x0e, 0xb7, 0x72, 0x81, 0x6c, 0xc3,
  0x00, 0x3d, 0x94, 0x7f, 0x8e, 0x49, 0xf2, 0xcf, 0x63, 0x83, 0x78, 0xab,
  0x1c, 0x23, 0xa6, 0x7a, 0x84, 0x5f, 0xd6, 0xeb, 0x4f, 0x8b, 0x7e, 0x98,
  0x37, 0x07, 0xbc, 0x6f, 0x81, 0x6f, 0xbc, 0x07, 0x37, 0x98, 0x7e, 0x8b,
  0x4f, 0xeb, 0xd6, 0x5f, 0x84, 0x7a, 0xa6, 0x23, 0x1c, 0xab, 0x78, 0x83,
  0x63, 0xcf, 0xf2, 0x49, 0x8e, 0x7f, 0x94, 0x3d, 0x00, 0xc3, 0x6c, 0x81,
  0x72, 0xb7, 0x0e, 0x31, 0x9d, 0x7d, 0x88, 0x55, 0xe4, 0xdd, 0x5a, 0x86,
  0x7c, 0xa1, 0x2a, 0x15, 0xb1, 0x75, 0x82, 0x68, 0xc9, 0xf9, 0x44, 0x91,
  0x7f, 0x8e, 0x4f, 0xe4, 0xe4, 0x4f, 0x8e, 0x7f, 0x8e, 0x4f, 0xe4, 0xe4,
  0x4f, 0x8e, 0x7f, 0x8e, 0x4f, 0xe4, 0xe4, 0x4f, 0x8e, 0x7f, 0x8e, 0x4f,
  0xe4, 0xe4, 0x4f, 0x8e, 0x7f, 0x8e, 0x4f, 0xe4, 0xe4, 0x4f, 0x8e, 0x7f,
  0x8e, 0x4f, 0xe4, 0xe4, 0x4f, 0x8e, 0x7f, 0x8e, 0x4f, 0xe4, 0xe4, 0x4f,
  0x8e, 0x7f, 0x8e, 0x4f, 0xe4, 0xe4, 0x4f, 0x8e, 0x7f, 0x8e, 0x4f, 0xe4,
  0xe4, 0x4f, 0x8e, 0x7f, 0x8e, 0x4f, 0xe4, 0xe4, 0x4f, 0x8e, 0x7f, 0x8e,
  0x4f, 0xe4, 0xe4, 0x4f, 0x8e, 0x7f, 0x8e, 0x4f, 0xe4, 0xe4, 0x4f, 0x8e,
  0x7f, 0x8e, 0x4f, 0xe4, 0xe4, 0x4f, 0x8e, 0x7f, 0x8e, 0x4f, 0xe4, 0xe4,
  0x4f, 0x8e, 0x7f, 0x8e, 0x4f, 0xe4, 0xe4, 0x4f, 0x8e, 0x7f, 0x8e, 0x4f,
  0xe4, 0xe4, 0x4f, 0x8e, 0x7f, 0x8b, 0x5a, 0xcf, 0x00, 0x31, 0xa6, 0x75,
  0x81, 0x75, 0xa6, 0x31, 0x00, 0xcf, 0x5a, 0x8b, 0x7f, 0x8b, 0x5a, 0xcf,
  0x00, 0x31, 0xa6, 0x75, 0x81, 0x75, 0xa6, 0x31, 0x00, 0xcf, 0x5a, 0x8b,
  0x7f, 0x8b, 0x5a, 0xcf, 0x00, 0x31, 0xa6, 0x75, 0x81, 0x75, 0xa6, 0x31,
  0x00, 0xcf, 0x5a, 0x8b, 0x7f, 0x8b, 0x5a, 0xcf, 0x00, 0x31, 0xa6, 0x75,
  0x81, 0x75, 0xa6, 0x31, 0x00, 0xcf, 0x5a, 0x8b, 0x7f, 0x8b, 0x5a, 0xcf,
  0x00, 0x31, 0xa6, 0x75, 0x81, 0x75, 0xa6, 0x31, 0x00, 0xcf, 0x5a, 0x8b,
  0x7f, 0x8b, 0x5a, 0xcf, 0x00, 0x31, 0xa6, 0x75, 0x81, 0x75, 0xa6, 0x31,
  0x00, 0xcf, 0x5a, 0x8b, 0x7f, 0x8b, 0x5a, 0xcf, 0x00, 0x31, 0xa6, 0x75,
  0x81, 0x75, 0xa6, 0x31, 0x00, 0xcf, 0x5a, 0x8b, 0x7f, 0x88, 0x63, 0xbc,
  0x1c, 0x0e, 0xc9, 0x5a, 0x8e, 0x7e, 0x84, 0x6c, 0xb1, 0x2a, 0x00, 0xd6,
  0x4f, 0x94, 0x7c, 0x82, 0x72, 0xa6, 0x37, 0xf2, 0xe4, 0x44, 0x9d, 0x78,
  0x81, 0x78, 0x9d, 0x44, 0xe4, 0xf2, 0x37, 0xa6, 0x72, 0x82, 0x7c, 0x94,
  0x4f, 0xd6, 0x00, 0x2a, 0xb1, 0x6c, 0x84, 0x7e, 0x8e, 0x5a, 0xc9, 0x0e,
  0x1c, 0xbc, 0x63, 0x88, 0x7f, 0x88, 0x63, 0xbc, 0x1c, 0x0e, 0xc9, 0x5a,
  0x8e, 0x7e, 0x84, 0x6c, 0xb1, 0x2a, 0x00, 0xd6, 0x4f, 0x94, 0x7c, 0x82,
  0x72, 0xa6, 0x37, 0xf2, 0xe4, 0x44, 0x9d, 0x78, 0x81, 0x78, 0x9d, 0x44,
  0xe4, 0xf2, 0x37, 0xa6, 0x72, 0x82, 0x7c, 0x94, 0x4f, 0xd6, 0x00, 0x2a,
  0xb1, 0x6c, 0x84, 0x7e, 0x8e, 0x5a, 0xc9, 0x0e, 0x1c, 0xbc, 0x63, 0x88,
  0x7f, 0x86, 0x6c, 0xab, 0x37, 0xeb, 0xf2, 0x31, 0xb1, 0x68, 0x88, 0x7f,
  0x84, 0x6f, 0xa6, 0x3d, 0xe4, 0xf9, 0x2a, 0xb7, 0x63, 0x8b, 0x7e, 0x83,
  0x72, 0xa1, 0x44, 0xdd, 0x00, 0x23, 0xbc, 0x5f, 0x8e, 0x7d, 0x82, 0x75,
  0x9d, 0x49, 0xd6, 0x07, 0x1c, 0xc3, 0x5a, 0x91, 0x7c, 0x81, 0x78, 0x98,
  0x4f, 0xcf, 0x0e, 0x15, 0xc9, 0x55, 0x94, 0x7a, 0x81, 0x7a, 0x94, 0x55,
  0xc9, 0x15, 0x0e, 0xcf, 0x4f, 0x98, 0x78, 0x81, 0x7c, 0x91, 0x5a, 0xc3,
  0x1c, 0x07, 0xd6, 0x49, 0x9d, 0x75, 0x82, 0x7d, 0x8e, 0x5f, 0xbc, 0x23,
  0x00, 0xdd, 0x44, 0xa1, 0x72, 0x83, 0x7e, 0x8b, 0x63, 0xb7, 0x2a, 0xf9,
  0xe4, 0x3d, 0xa6, 0x6f, 0x84, 0x7f, 0x88, 0x68, 0xb1, 0x31, 0xf2, 0xeb,
  0x37, 0xab, 0x6c, 0x86, 0x7f, 0x84, 0x72, 0x9d, 0x4f, 0xc9, 0x1c, 0x00,
  0xe4, 0x37, 0xb1, 0x63, 0x8e, 0x7c, 0x81, 0x7c, 0x8e, 0x63, 0xb1, 0x37,
  0xe4, 0x00, 0x1c, 0xc9, 0x4f, 0x9d, 0x72, 0x84, 0x7f, 0x84, 0x72, 0x9d,
  0x4f, 0xc9, 0x1c, 0x00, 0xe4, 0x37, 0xb1, 0x63, 0x8e, 0x7c, 0x81, 0x7c,
  0x8e, 0x63, 0xb1, 0x37, 0xe4, 0x00, 0x1c, 0xc9, 0x4f, 0x9d, 0x72, 0x84,
  0x7f, 0x84, 0x72, 0x9d, 0x4f, 0xc9, 0x1c, 0x00, 0xe4, 0x37, 0xb1, 0x63,
  0x8e, 0x7c, 0x81, 0x7c, 0x8e, 0x63, 0xb1, 0x37, 0xe4, 0x00, 0x1c, 0xc9,
  0x4f, 0x9d, 0x72, 0x84, 0x7f, 0x84, 0x72, 0x9d, 0x4f, 0xc9, 0x1c, 0x00,
  0xe4, 0x37, 0xb1, 0x63, 0x8e, 0x7c, 0x81, 0x7c, 0x8e, 0x63, 0xb1, 0x37,
  0xe4, 0x00, 0x1c, 0xc9, 0x4f, 0x9d, 0x72, 0x84, 0x7f, 0x83, 0x78, 0x91,
  0x63, 0xab, 0x44, 0xcf, 0x1c, 0xf9, 0xf2, 0x23, 0xc9, 0x49, 0xa6, 0x68,
  0x8e, 0x7a, 0x82, 0x7f, 0x84, 0x75, 0x94, 0x5f, 0xb1, 0x3d, 0xd6, 0x15,
  0x00, 0xeb, 0x2a, 0xc3, 0x4f, 0xa1, 0x6c, 0x8b, 0x7c, 0x81, 0x7e, 0x86,
  0x72, 0x98, 0x5a, 0xb7, 0x37, 0xdd, 0x0e, 0x07, 0xe4, 0x31, 0xbc, 0x55,
  0x9d, 0x6f, 0x88, 0x7d, 0x81, 0x7d, 0x88, 0x6f, 0x9d, 0x55, 0xbc, 0x31,
  0xe4, 0x07, 0x0e, 0xdd, 0x37, 0xb7, 0x5a, 0x98, 0x72, 0x86, 0x7e, 0x81,
  0x7c, 0x8b, 0x6c, 0xa1, 0x4f, 0xc3, 0x2a, 0xeb, 0x00, 0x15, 0xd6, 0x3d,
  0xb1, 0x5f, 0x94, 0x75, 0x84, 0x7f, 0x82, 0x7a, 0x8e, 0x68, 0xa6, 0x49,
  0xc9, 0x23, 0xf2, 0xf9, 0x1c, 0xcf, 0x44, 0xab, 0x63, 0x91, 0x78, 0x83,
  0x7f, 0x82, 0x7c, 0x88, 0x72, 0x94, 0x63, 0xa6, 0x4f, 0xbc, 0x37, 0xd6,
  0x1c, 0xf2, 0x00, 0x0e, 0xe4, 0x2a, 0xc9, 0x44, 0xb1, 0x5a, 0x9d, 0x6c,
  0x8e, 0x78, 0x84, 0x7e, 0x81, 0x7e, 0x84, 0x78, 0x8e, 0x6c, 0x9d, 0x5a,
  0xb1, 0x44, 0xc9, 0x2a, 0xe4, 0x0e, 0x00, 0xf2, 0x1c, 0xd6, 0x37, 0xbc,
  0x4f, 0xa6, 0x63, 0x94, 0x72, 0x88, 0x7c, 0x82, 0x7f, 0x82, 0x7c, 0x88,
  0x72, 0x94, 0x63, 0xa6, 0x4f, 0xbc, 0x37, 0xd6, 0x1c, 0xf2, 0x00, 0x0e,
  0xe4, 0x2a, 0xc9, 0x44, 0xb1, 0x5a, 0x9d, 0x6c, 0x8e, 0x78, 0x84, 0x7e,
  0x81, 0x7e, 0x84, 0x78, 0x8e, 0x6c, 0x9d, 0x5a, 0xb1, 0x44, 0xc9, 0x2a,
  0xe4, 0x0e, 0x00, 0xf2, 0x1c, 0xd6, 0x37, 0xbc, 0x4f, 0xa6, 0x63, 0x94,
  0x72, 0x88, 0x7c, 0x82, 0x7f, 0x81, 0x7e, 0x83, 0x7c, 0x86, 0x78, 0x8b,
  0x72, 0x91, 0x6c, 0x98, 0x63, 0xa1, 0x5a, 0xab, 0x4f, 0xb7, 0x44, 0xc3,
  0x37, 0xcf, 0x2a, 0xdd, 0x1c, 0xeb, 0x0e, 0xf9, 0x00, 0x07, 0xf2, 0x15,
  0xe4, 0x23, 0xd6, 0x31, 0xc9, 0x3d, 0xbc, 0x49, 0xb1, 0x55, 0xa6, 0x5f,
  0x9d, 0x68, 0x94, 0x6f, 0x8e, 0x75, 0x88, 0x7a, 0x84, 0x7d, 0x82, 0x7f,
  0x81, 0x7f, 0x82, 0x7d, 0x84, 0x7a, 0x88, 0x75, 0x8e, 0x6f, 0x94, 0x68,
  0x9d, 0x5f, 0xa6, 0x55, 0xb1, 0x49, 0xbc, 0x3d, 0xc9, 0x31, 0xd6, 0x23,
  0xe4, 0x15, 0xf2, 0x07, 0x00, 0xf9, 0x0e, 0xeb, 0x1c, 0xdd, 0x2a, 0xcf,
  0x37, 0xc3, 0x44, 0xb7, 0x4f, 0xab, 0x5a, 0xa1, 0x63, 0x98, 0x6c, 0x91,
  0x72, 0x8b, 0x78, 0x86, 0x7c, 0x83, 0x7e, 0x81, 0x7f, 0x81, 0x7f, 0x81,
  0x7f, 0x81, 0x7f, 0x81, 0x7f, 0x81, 0x7f, 0x81, 0x7f, 0x81, 0x7f, 0x81,
  0x7f, 0x81, 0x7f, 0x81, 0x7f, 0x81, 0x7f, 0x81, 0x7f, 0x81, 0x7f, 0x81,
  0x7f, 0x81, 0x7f, 0x81, 0x7f, 0x81, 0x7f, 0x81, 0x7f, 0x81, 0x7f, 0x81,
  0x7f, 0x81, 0x7f, 0x81, 0x7f, 0x81, 0x7f, 0x81, 0x7f, 0x81, 0x7f, 0x81,
  0x7f, 0x81, 0x7f, 0x81, 0x7f, 0x81, 0x7f, 0x81, 0x7f, 0x81, 0x7f, 0x81,
  0x7f, 0x81, 0x7f, 0x81, 0x7f, 0x81, 0x7f, 0x81, 0x7f, 0x81, 0x7f, 0x81,
  0x7f, 0x81, 0x7f, 0x81, 0x7f, 0x81, 0x7f, 0x81, 0x7f, 0x81, 0x7f, 0x81,
  0x7f, 0x81, 0x7f, 0x81, 0x7f, 0x81, 0x7f, 0x81, 0x7f, 0x81, 0x7f, 0x81,
  0x7f, 0x81, 0x7f, 0x81, 0x7f, 0x81, 0x7f, 0x81, 0x7f, 0x81, 0x7f, 0x81,
  0x66, 0xf7, 0xff, 0xff, 0x04, 0x00, 0x00, 0x00, 0x70, 0x00, 0x00, 0x00,
  0x80, 0x80, 0x81, 0x82, 0x83, 0x85, 0x87, 0x8a, 0x8d, 0x90, 0x94, 0x98,
  0x9c, 0xa0, 0xa5, 0xab, 0xb0, 0xb6, 0xbc, 0xc2, 0xc8, 0xcf, 0xd5, 0xdc,
  0xe3, 0xea, 0xf1, 0xf8, 0xff, 0x07, 0x0e, 0x15, 0x1c, 0x23, 0x2a, 0x30,
  0x37, 0x3d, 0x43, 0x49, 0x4f, 0x54, 0x5a, 0x5f, 0x63, 0x67, 0x6b, 0x6f,
  0x72, 0x75, 0x78, 0x7a, 0x7c, 0x7d, 0x7e, 0x7f, 0x7f, 0x7f, 0x7e, 0x7d,
  0x7c, 0x7a, 0x78, 0x75, 0x72, 0x6f, 0x6b, 0x67, 0x63, 0x5f, 0x5a, 0x54,
  0x4f, 0x49, 0x43, 0x3d, 0x37, 0x30, 0x2a, 0x23, 0x1c, 0x15, 0x0e, 0x07,
  0xff, 0xf8, 0xf1, 0xea, 0xe3, 0xdc, 0xd5, 0xcf, 0xc8, 0xc2, 0xbc, 0xb6,
  0xb0, 0xab, 0xa5, 0xa0, 0x9c, 0x98, 0x94, 0x90, 0x8d, 0x8a, 0x87, 0x85,
  0x83, 0x82, 0x81, 0x80, 0xe2, 0xf7, 0xff, 0xff, 0x04, 0x00, 0x00, 0x00,
  0x08, 0x00, 0x00, 0x00, 0x01, 0x00, 0x00, 0x00, 0x02, 0x00, 0x00, 0x00,
  0xf6, 0xf7, 0xff, 0xff, 0x04, 0x00, 0x00, 0x00, 0x10, 0x00, 0x00, 0x00,
  0x01, 0x00, 0x00, 0x00, 0x07, 0x00, 0x00, 0x00, 0x39, 0x00, 0x00, 0x00,
  0x01, 0x00, 0x00, 0x00, 0x12, 0xf8, 0xff, 0xff, 0x04, 0x00, 0x00, 0x00,
  0x04, 0x00, 0x00, 0x00, 0xff, 0xff, 0xff, 0xff, 0x22, 0xf8, 0xff, 0xff,
  0x04, 0x00, 0x00, 0x00, 0x14, 0x00, 0x00, 0x00, 0x01, 0x00, 0x00, 0x00,
  0x07, 0x00, 0x00, 0x00, 0x39, 0x00, 0x00, 0x00, 0x01, 0x00, 0x00, 0x00,
  0x02, 0x00, 0x00, 0x00, 0x42, 0xf8, 0xff, 0xff, 0x04, 0x00, 0x00, 0x00,
  0x10, 0x00, 0x00, 0x00, 0x01, 0x00, 0x00, 0x00, 0x01, 0x00, 0x00, 0x00,
  0x07, 0x00, 0x00, 0x00, 0x70, 0x00, 0x00, 0x00, 0x5e, 0xf8, 0xff, 0xff,
  0x04, 0x00, 0x00, 0x00, 0xc4, 0x00, 0x00, 0x00, 0x00, 0x00, 0x00, 0x00,
  0x01, 0x00, 0x00, 0x00, 0x02, 0x00, 0x00, 0x00, 0x03, 0x00, 0x00, 0x00,
  0x04, 0x00, 0x00, 0x00, 0x05, 0x00, 0x00, 0x00, 0x06, 0x00, 0x00, 0x00,
  0x09, 0x00, 0x00, 0x00, 0x0a, 0x00, 0x00, 0x00, 0x0b, 0x00, 0x00, 0x00,
  0x0c, 0x00, 0x00, 0x00, 0x0d, 0x00, 0x00, 0x00, 0x0e, 0x00, 0x00, 0x00,
  0x0f, 0x00, 0x00, 0x00, 0x12, 0x00, 0x00, 0x00, 0x13, 0x00, 0x00, 0x00,
  0x14, 0x00, 0x00, 0x00, 0x15, 0x00, 0x00, 0x00, 0x16, 0x00, 0x00, 0x00,
  0x17, 0x00, 0x00, 0x00, 0x18, 0x00, 0x00, 0x00, 0x1b, 0x00, 0x00, 0x00,
  0x1c, 0x00, 0x00, 0x00, 0x1d, 0x00, 0x00, 0x00, 0x1e, 0x00, 0x00, 0x00,
  0x1f, 0x00, 0x00, 0x00, 0x20, 0x00, 0x00, 0x00, 0x21, 0x00, 0x00, 0x00,
  0x24, 0x00, 0x00, 0x00, 0x25, 0x00, 0x00, 0x00, 0x26, 0x00, 0x00, 0x00,
  0x27, 0x00, 0x00, 0x00, 0x28, 0x00, 0x00, 0x00, 0x29, 0x00, 0x00, 0x00,
  0x2a, 0x00, 0x00, 0x00, 0x2d, 0x00, 0x00, 0x00, 0x2e, 0x00, 0x00, 0x00,
  0x2f, 0x00, 0x00, 0x00, 0x30, 0x00, 0x00, 0x00, 0x31, 0x00, 0x00, 0x00,
  0x32, 0x00, 0x00, 0x00, 0x33, 0x00, 0x00, 0x00, 0x36, 0x00, 0x00, 0x00,
  0x37, 0x00, 0x00, 0x00, 0x38, 0x00, 0x00, 0x00, 0x39, 0x00, 0x00, 0x00,
  0x3a, 0x00, 0x00, 0x00, 0x3b, 0x00, 0x00, 0x00, 0x3c, 0x00, 0x00, 0x00,
  0x2e, 0xf9, 0xff, 0xff, 0x04, 0x00, 0x00, 0x00, 0x10, 0x00, 0x00, 0x00,
  0x01, 0x00, 0x00, 0x00, 0x01, 0x00, 0x00, 0x00, 0x40, 0x00, 0x00, 0x00,
  0x10, 0x00, 0x00, 0x00, 0x4a, 0xf9, 0xff, 0xff, 0x04, 0x00, 0x00, 0x00,
  0x0c, 0x00, 0x00, 0x00, 0x01, 0x00, 0x00, 0x00, 0x01, 0x00, 0x00, 0x00,
  0x00, 0x04, 0x00, 0x00, 0x62, 0xf9, 0xff, 0xff, 0x04, 0x00, 0x00, 0x00,
  0x0c, 0x00, 0x00, 0x00, 0x00, 0x00, 0x00, 0x00, 0x00, 0x00, 0x00, 0x00,
  0x00, 0x00, 0x00, 0x00, 0x7a, 0xf9, 0xff, 0xff, 0x04, 0x00, 0x00, 0x00,
  0x0c, 0x00, 0x00, 0x00, 0x00, 0x00, 0x00, 0x00, 0x02, 0x00, 0x00, 0x00,
  0x01, 0x00, 0x00, 0x00, 0xd0, 0xd3, 0xff, 0xff, 0xd4, 0xd3, 0xff, 0xff,
  0x0f, 0x00, 0x00, 0x00, 0x4d, 0x4c, 0x49, 0x52, 0x20, 0x43, 0x6f, 0x6e,
  0x76, 0x65, 0x72, 0x74, 0x65, 0x64, 0x2e, 0x00, 0x01, 0x00, 0x00, 0x00,
  0x14, 0x00, 0x00, 0x00, 0x00, 0x00, 0x0e, 0x00, 0x18, 0x00, 0x14, 0x00,
  0x10, 0x00, 0x0c, 0x00, 0x08, 0x00, 0x04, 0x00, 0x0e, 0x00, 0x00, 0x00,
  0x14, 0x00, 0x00, 0x00, 0x1c, 0x00, 0x00, 0x00, 0xd4, 0x06, 0x00, 0x00,
  0xd8, 0x06, 0x00, 0x00, 0xdc, 0x06, 0x00, 0x00, 0x04, 0x00, 0x00, 0x00,
  0x6d, 0x61, 0x69, 0x6e, 0x00, 0x00, 0x00, 0x00, 0x1f, 0x00, 0x00, 0x00,
  0x98, 0x06, 0x00, 0x00, 0x60, 0x06, 0x00, 0x00, 0x2c, 0x06, 0x00, 0x00,
  0xec, 0x05, 0x00, 0x00, 0xb4, 0x05, 0x00, 0x00, 0x80, 0x05, 0x00, 0x00,
  0x38, 0x05, 0x00, 0x00, 0xfc, 0x04, 0x00, 0x00, 0xb8, 0x04, 0x00, 0x00,
  0x84, 0x04, 0x00, 0x00, 0x5c, 0x04, 0x00, 0x00, 0x1c, 0x04, 0x00, 0x00,
  0xf8, 0x03, 0x00, 0x00, 0xd4, 0x03, 0x00, 0x00, 0xb0, 0x03, 0x00, 0x00,
  0x88, 0x03, 0x00, 0x00, 0x38, 0x03, 0x00, 0x00, 0x04, 0x03, 0x00, 0x00,
  0xc4, 0x02, 0x00, 0x00, 0xa0, 0x02, 0x00, 0x00, 0x50, 0x02, 0x00, 0x00,
  0x0c, 0x02, 0x00, 0x00, 0xd8, 0x01, 0x00, 0x00, 0x94, 0x01, 0x00, 0x00,
  0x60, 0x01, 0x00, 0x00, 0x24, 0x01, 0x00, 0x00, 0xe8, 0x00, 0x00, 0x00,
  0xac, 0x00, 0x00, 0x00, 0x70, 0x00, 0x00, 0x00, 0x38, 0x00, 0x00, 0x00,
  0x04, 0x00, 0x00, 0x00, 0x92, 0xfa, 0xff, 0xff, 0x14, 0x00, 0x00, 0x00,
  0x00, 0x00, 0x00, 0x09, 0x14, 0x00, 0x00, 0x00, 0x18, 0x00, 0x00, 0x00,
  0x11, 0x00, 0x00, 0x00, 0x82, 0xfa, 0xff, 0xff, 0x00, 0x00, 0x80, 0x3f,
  0x01, 0x00, 0x00, 0x00, 0x39, 0x00, 0x00, 0x00, 0x01, 0x00, 0x00, 0x00,
  0x38, 0x00, 0x00, 0x00, 0xc2, 0xfa, 0xff, 0xff, 0x14, 0x00, 0x00, 0x00,
  0x00, 0x00, 0x00, 0x08, 0x10, 0x00, 0x00, 0x00, 0x14, 0x00, 0x00, 0x00,
  0x05, 0x00, 0x00, 0x00, 0xf0, 0xd4, 0xff, 0xff, 0x01, 0x00, 0x00, 0x00,
  0x38, 0x00, 0x00, 0x00, 0x03, 0x00, 0x00, 0x00, 0x37, 0x00, 0x00, 0x00,
  0x1a, 0x00, 0x00, 0x00, 0xff, 0xff, 0xff, 0xff, 0xf6, 0xfa, 0xff, 0xff,
  0x14, 0x00, 0x00, 0x00, 0x00, 0x00, 0x00, 0x08, 0x14, 0x00, 0x00, 0x00,
  0x18, 0x00, 0x00, 0x00, 0x05, 0x00, 0x00, 0x00, 0x96, 0xfc, 0xff, 0xff,
  0x00, 0x00, 0x00, 0x01, 0x01, 0x00, 0x00, 0x00, 0x37, 0x00, 0x00, 0x00,
  0x03, 0x00, 0x00, 0x00, 0x36, 0x00, 0x00, 0x00, 0x19, 0x00, 0x00, 0x00,
  0xff, 0xff, 0xff, 0xff, 0x2e, 0xfb, 0xff, 0xff, 0x14, 0x00, 0x00, 0x00,
  0x00, 0x00, 0x00, 0x08, 0x14, 0x00, 0x00, 0x00, 0x18, 0x00, 0x00, 0x00,
  0x05, 0x00, 0x00, 0x00, 0xce, 0xfc, 0xff, 0xff, 0x00, 0x00, 0x00, 0x01,
  0x01, 0x00, 0x00, 0x00, 0x36, 0x00, 0x00, 0x00, 0x03, 0x00, 0x00, 0x00,
  0x35, 0x00, 0x00, 0x00, 0x18, 0x00, 0x00, 0x00, 0xff, 0xff, 0xff, 0xff,
  0x66, 0xfb, 0xff, 0xff, 0x14, 0x00, 0x00, 0x00, 0x00, 0x00, 0x00, 0x08,
  0x14, 0x00, 0x00, 0x00, 0x18, 0x00, 0x00, 0x00, 0x05, 0x00, 0x00, 0x00,
  0x06, 0xfd, 0xff, 0xff, 0x00, 0x00, 0x00, 0x01, 0x01, 0x00, 0x00, 0x00,
  0x35, 0x00, 0x00, 0x00, 0x03, 0x00, 0x00, 0x00, 0x34, 0x00, 0x00, 0x00,
  0x17, 0x00, 0x00, 0x00, 0xff, 0xff, 0xff, 0xff, 0x9e, 0xfb, 0xff, 0xff,
  0x14, 0x00, 0x00, 0x00, 0x00, 0x00, 0x00, 0x08, 0x14, 0x00, 0x00, 0x00,
  0x18, 0x00, 0x00, 0x00, 0x05, 0x00, 0x00, 0x00, 0x3e, 0xfd, 0xff, 0xff,
  0x00, 0x00, 0x00, 0x01, 0x01, 0x00, 0x00, 0x00, 0x34, 0x00, 0x00, 0x00,
  0x03, 0x00, 0x00, 0x00, 0x33, 0x00, 0x00, 0x00, 0x16, 0x00, 0x00, 0x00,
  0xff, 0xff, 0xff, 0xff, 0xd6, 0xfb, 0xff, 0xff, 0x14, 0x00, 0x00, 0x00,
  0x00, 0x00, 0x00, 0x1b, 0x10, 0x00, 0x00, 0x00, 0x14, 0x00, 0x00, 0x00,
  0x10, 0x00, 0x00, 0x00, 0x04, 0xd6, 0xff, 0xff, 0x01, 0x00, 0x00, 0x00,
  0x33, 0x00, 0x00, 0x00, 0x02, 0x00, 0x00, 0x00, 0x32, 0x00, 0x00, 0x00,
  0x0a, 0x00, 0x00, 0x00, 0x06, 0xfc, 0xff, 0xff, 0x14, 0x00, 0x00, 0x00,
  0x00, 0x00, 0x00, 0x02, 0x1c, 0x00, 0x00, 0x00, 0x20, 0x00, 0x00, 0x00,
  0x0b, 0x00, 0x00, 0x00, 0x78, 0xfe, 0xff, 0xff, 0x01, 0x00, 0x00, 0x00,
  0x02, 0x00, 0x00, 0x00, 0x02, 0x00, 0x00, 0x00, 0x01, 0x00, 0x00, 0x00,
  0x32, 0x00, 0x00, 0x00, 0x03, 0x00, 0x00, 0x00, 0x31, 0x00, 0x00, 0x00,
  0x15, 0x00, 0x00, 0x00, 0x13, 0x00, 0x00, 0x00, 0x46, 0xfc, 0xff, 0xff,
  0x14, 0x00, 0x00, 0x00, 0x00, 0x00, 0x00, 0x4b, 0x14, 0x00, 0x00, 0x00,
  0x18, 0x00, 0x00, 0x00, 0x0c, 0x00, 0x00, 0x00, 0x36, 0xfc, 0xff, 0xff,
  0xcd, 0xcc, 0x4c, 0x3e, 0x01, 0x00, 0x00, 0x00, 0x31, 0x00, 0x00, 0x00,
  0x01, 0x00, 0x00, 0x00, 0x30, 0x00, 0x00, 0x00, 0x76, 0xfc, 0xff, 0xff,
  0x14, 0x00, 0x00, 0x00, 0x00, 0x00, 0x00, 0x02, 0x1c, 0x00, 0x00, 0x00,
  0x20, 0x00, 0x00, 0x00, 0x0b, 0x00, 0x00, 0x00, 0xe8, 0xfe, 0xff, 0xff,
  0x01, 0x00, 0x00, 0x00, 0x02, 0x00, 0x00, 0x00, 0x02, 0x00, 0x00, 0x00,
  0x01, 0x00, 0x00, 0x00, 0x30, 0x00, 0x00, 0x00, 0x03, 0x00, 0x00, 0x00,
  0x2f, 0x00, 0x00, 0x00, 0x14, 0x00, 0x00, 0x00, 0x12, 0x00, 0x00, 0x00,
  0xb6, 0xfc, 0xff, 0xff, 0x24, 0x00, 0x00, 0x00, 0x00, 0x00, 0x00, 0x05,
  0x30, 0x00, 0x00, 0x00, 0x34, 0x00, 0x00, 0x00, 0x0f, 0x00, 0x00, 0x00,
  0x00, 0x00, 0x0e, 0x00, 0x14, 0x00, 0x00, 0x00, 0x10, 0x00, 0x0c, 0x00,
  0x08, 0x00, 0x04, 0x00, 0x0e, 0x00, 0x00, 0x00, 0x04, 0x00, 0x00, 0x00,
  0x04, 0x00, 0x00, 0x00, 0x04, 0x00, 0x00, 0x00, 0x04, 0x00, 0x00, 0x00,
  0x01, 0x00, 0x00, 0x00, 0x2f, 0x00, 0x00, 0x00, 0x01, 0x00, 0x00, 0x00,
  0x2e, 0x00, 0x00, 0x00, 0x92, 0xfc, 0xff, 0xff, 0x0c, 0x00, 0x00, 0x00,
  0x10, 0x00, 0x00, 0x00, 0x0e, 0x00, 0x00, 0x00, 0x01, 0x00, 0x00, 0x00,
  0x2e, 0x00, 0x00, 0x00, 0x01, 0x00, 0x00, 0x00, 0x2d, 0x00, 0x00, 0x00,
  0x22, 0xfd, 0xff, 0xff, 0x14, 0x00, 0x00, 0x00, 0x00, 0x00, 0x00, 0x01,
  0x18, 0x00, 0x00, 0x00, 0x1c, 0x00, 0x00, 0x00, 0x0d, 0x00, 0x00, 0x00,
  0x96, 0xfc, 0xff, 0xff, 0x02, 0x00, 0x00, 0x00, 0x02, 0x00, 0x00, 0x00,
  0x01, 0x00, 0x00, 0x00, 0x2d, 0x00, 0x00, 0x00, 0x03, 0x00, 0x00, 0x00,
  0x2c, 0x00, 0x00, 0x00, 0x10, 0x00, 0x00, 0x00, 0x11, 0x00, 0x00, 0x00,
  0x5e, 0xfd, 0xff, 0xff, 0x14, 0x00, 0x00, 0x00, 0x00, 0x00, 0x00, 0x4b,
  0x14, 0x00, 0x00, 0x00, 0x18, 0x00, 0x00, 0x00, 0x0c, 0x00, 0x00, 0x00,
  0x4e, 0xfd, 0xff, 0xff, 0xcd, 0xcc, 0x4c, 0x3e, 0x01, 0x00, 0x00, 0x00,
  0x2c, 0x00, 0x00, 0x00, 0x01, 0x00, 0x00, 0x00, 0x2b, 0x00, 0x00, 0x00,
  0x8e, 0xfd, 0xff, 0xff, 0x20, 0x00, 0x00, 0x00, 0x00, 0x00, 0x00, 0x02,
  0x28, 0x00, 0x00, 0x00, 0x2c, 0x00, 0x00, 0x00, 0x0b, 0x00, 0x00, 0x00,
  0x0c, 0x00, 0x10, 0x00, 0x00, 0x00, 0x0c, 0x00, 0x08, 0x00, 0x04, 0x00,
  0x0c, 0x00, 0x00, 0x00, 0x01, 0x00, 0x00, 0x00, 0x02, 0x00, 0x00, 0x00,
  0x02, 0x00, 0x00, 0x00, 0x01, 0x00, 0x00, 0x00, 0x2b, 0x00, 0x00, 0x00,
  0x03, 0x00, 0x00, 0x00, 0x2a, 0x00, 0x00, 0x00, 0x0e, 0x00, 0x00, 0x00,
  0x0f, 0x00, 0x00, 0x00, 0x6a, 0xfd, 0xff, 0xff, 0x0c, 0x00, 0x00, 0x00,
  0x10, 0x00, 0x00, 0x00, 0x02, 0x00, 0x00, 0x00, 0x01, 0x00, 0x00, 0x00,
  0x2a, 0x00, 0x00, 0x00, 0x02, 0x00, 0x00, 0x00, 0x29, 0x00, 0x00, 0x00,
  0x09, 0x00, 0x00, 0x00, 0x8e, 0xfd, 0xff, 0xff, 0x0c, 0x00, 0x00, 0x00,
  0x10, 0x00, 0x00, 0x00, 0x0a, 0x00, 0x00, 0x00, 0x01, 0x00, 0x00, 0x00,
  0x29, 0x00, 0x00, 0x00, 0x01, 0x00, 0x00, 0x00, 0x28, 0x00, 0x00, 0x00,
  0xae, 0xfd, 0xff, 0xff, 0x0c, 0x00, 0x00, 0x00, 0x10, 0x00, 0x00, 0x00,
  0x09, 0x00, 0x00, 0x00, 0x01, 0x00, 0x00, 0x00, 0x28, 0x00, 0x00, 0x00,
  0x01, 0x00, 0x00, 0x00, 0x27, 0x00, 0x00, 0x00, 0xce, 0xfd, 0xff, 0xff,
  0x0c, 0x00, 0x00, 0x00, 0x10, 0x00, 0x00, 0x00, 0x08, 0x00, 0x00, 0x00,
  0x01, 0x00, 0x00, 0x00, 0x27, 0x00, 0x00, 0x00, 0x01, 0x00, 0x00, 0x00,
  0x26, 0x00, 0x00, 0x00, 0x5e, 0xfe, 0xff, 0xff, 0x1c, 0x00, 0x00, 0x00,
  0x00, 0x00, 0x00, 0x1b, 0x1c, 0x00, 0x00, 0x00, 0x20, 0x00, 0x00, 0x00,
  0x07, 0x00, 0x00, 0x00, 0x00, 0x00, 0x06, 0x00, 0x08, 0x00, 0x07, 0x00,
  0x06, 0x00, 0x00, 0x00, 0x00, 0x00, 0x00, 0x01, 0x01, 0x00, 0x00, 0x00,
  0x26, 0x00, 0x00, 0x00, 0x02, 0x00, 0x00, 0x00, 0x25, 0x00, 0x00, 0x00,
  0x08, 0x00, 0x00, 0x00, 0x2a, 0xfe, 0xff, 0xff, 0x0c, 0x00, 0x00, 0x00,
  0x10, 0x00, 0x00, 0x00, 0x02, 0x00, 0x00, 0x00, 0x01, 0x00, 0x00, 0x00,
  0x25, 0x00, 0x00, 0x00, 0x02, 0x00, 0x00, 0x00, 0x24, 0x00, 0x00, 0x00,
  0x07, 0x00, 0x00, 0x00, 0xbe, 0xfe, 0xff, 0xff, 0x14, 0x00, 0x00, 0x00,
  0x00, 0x00, 0x00, 0x15, 0x10, 0x00, 0x00, 0x00, 0x14, 0x00, 0x00, 0x00,
  0x04, 0x00, 0x00, 0x00, 0xec, 0xd8, 0xff, 0xff, 0x01, 0x00, 0x00, 0x00,
  0x24, 0x00, 0x00, 0x00, 0x02, 0x00, 0x00, 0x00, 0x23, 0x00, 0x00, 0x00,
  0x23, 0x00, 0x00, 0x00, 0xee, 0xfe, 0xff, 0xff, 0x1c, 0x00, 0x00, 0x00,
  0x00, 0x00, 0x00, 0x3b, 0x20, 0x00, 0x00, 0x00, 0x24, 0x00, 0x00, 0x00,
  0x06, 0x00, 0x00, 0x00, 0x08, 0x00, 0x0c, 0x00, 0x08, 0x00, 0x04, 0x00,
  0x08, 0x00, 0x00, 0x00, 0xff, 0xff, 0xff, 0xff, 0x02, 0x00, 0x00, 0x00,
  0x01, 0x00, 0x00, 0x00, 0x23, 0x00, 0x00, 0x00, 0x02, 0x00, 0x00, 0x00,
  0x21, 0x00, 0x00, 0x00, 0x22, 0x00, 0x00, 0x00, 0x2e, 0xff, 0xff, 0xff,
  0x14, 0x00, 0x00, 0x00, 0x00, 0x00, 0x00, 0x08, 0x14, 0x00, 0x00, 0x00,
  0x18, 0x00, 0x00, 0x00, 0x05, 0x00, 0x00, 0x00, 0xc6, 0xff, 0xff, 0xff,
  0x00, 0x00, 0x00, 0x01, 0x01, 0x00, 0x00, 0x00, 0x22, 0x00, 0x00, 0x00,
  0x03, 0x00, 0x00, 0x00, 0x20, 0x00, 0x00, 0x00, 0x0d, 0x00, 0x00, 0x00,
  0xff, 0xff, 0xff, 0xff, 0x66, 0xff, 0xff, 0xff, 0x20, 0x00, 0x00, 0x00,
  0x00, 0x00, 0x00, 0x08, 0x20, 0x00, 0x00, 0x00, 0x24, 0x00, 0x00, 0x00,
  0x05, 0x00, 0x00, 0x00, 0x00, 0x00, 0x0a, 0x00, 0x08, 0x00, 0x00, 0x00,
  0x00, 0x00, 0x07, 0x00, 0x0a, 0x00, 0x00, 0x00, 0x00, 0x00, 0x00, 0x01,
  0x01, 0x00, 0x00, 0x00, 0x21, 0x00, 0x00, 0x00, 0x03, 0x00, 0x00, 0x00,
  0x20, 0x00, 0x00, 0x00, 0x0c, 0x00, 0x00, 0x00, 0xff, 0xff, 0xff, 0xff,
  0xaa, 0xff, 0xff, 0xff, 0x14, 0x00, 0x00, 0x00, 0x00, 0x00, 0x00, 0x15,
  0x10, 0x00, 0x00, 0x00, 0x14, 0x00, 0x00, 0x00, 0x04, 0x00, 0x00, 0x00,
  0xd8, 0xd9, 0xff, 0xff, 0x01, 0x00, 0x00, 0x00, 0x20, 0x00, 0x00, 0x00,
  0x02, 0x00, 0x00, 0x00, 0x1f, 0x00, 0x00, 0x00, 0x0b, 0x00, 0x00, 0x00,
  0x6a, 0xff, 0xff, 0xff, 0x0c, 0x00, 0x00, 0x00, 0x10, 0x00, 0x00, 0x00,
  0x02, 0x00, 0x00, 0x00, 0x01, 0x00, 0x00, 0x00, 0x1f, 0x00, 0x00, 0x00,
  0x02, 0x00, 0x00, 0x00, 0x1e, 0x00, 0x00, 0x00, 0x06, 0x00, 0x00, 0x00,
  0x00, 0x00, 0x0e, 0x00, 0x1a, 0x00, 0x14, 0x00, 0x10, 0x00, 0x0c, 0x00,
  0x0b, 0x00, 0x04, 0x00, 0x0e, 0x00, 0x00, 0x00, 0x1c, 0x00, 0x00, 0x00,
  0x00, 0x00, 0x00, 0x17, 0x1c, 0x00, 0x00, 0x00, 0x20, 0x00, 0x00, 0x00,
  0x03, 0x00, 0x00, 0x00, 0x00, 0x00, 0x06, 0x00, 0x08, 0x00, 0x04, 0x00,
  0x06, 0x00, 0x00, 0x00, 0x02, 0x00, 0x00, 0x00, 0x01, 0x00, 0x00, 0x00,
  0x1e, 0x00, 0x00, 0x00, 0x02, 0x00, 0x00, 0x00, 0x1d, 0x00, 0x00, 0x00,
  0x05, 0x00, 0x00, 0x00, 0xda, 0xff, 0xff, 0xff, 0x0c, 0x00, 0x00, 0x00,
  0x10, 0x00, 0x00, 0x00, 0x02, 0x00, 0x00, 0x00, 0x01, 0x00, 0x00, 0x00,
  0x1d, 0x00, 0x00, 0x00, 0x02, 0x00, 0x00, 0x00, 0x1c, 0x00, 0x00, 0x00,
  0x04, 0x00, 0x00, 0x00, 0x00, 0x00, 0x0a, 0x00, 0x10, 0x00, 0x0c, 0x00,
  0x08, 0x00, 0x04, 0x00, 0x0a, 0x00, 0x00, 0x00, 0x0c, 0x00, 0x00, 0x00,
  0x10, 0x00, 0x00, 0x00, 0x01, 0x00, 0x00, 0x00, 0x01, 0x00, 0x00, 0x00,
  0x1c, 0x00, 0x00, 0x00, 0x03, 0x00, 0x00, 0x00, 0x1b, 0x00, 0x00, 0x00,
  0x02, 0x00, 0x00, 0x00, 0x03, 0x00, 0x00, 0x00, 0x00, 0x00, 0x0a, 0x00,
  0x0c, 0x00, 0x00, 0x00, 0x08, 0x00, 0x04, 0x00, 0x0a, 0x00, 0x00, 0x00,
  0x08, 0x00, 0x00, 0x00, 0x0c, 0x00, 0x00, 0x00, 0x01, 0x00, 0x00, 0x00,
  0x1b, 0x00, 0x00, 0x00, 0x02, 0x00, 0x00, 0x00, 0x00, 0x00, 0x00, 0x00,
  0x01, 0x00, 0x00, 0x00, 0x01, 0x00, 0x00, 0x00, 0x39, 0x00, 0x00, 0x00,
  0x01, 0x00, 0x00, 0x00, 0x00, 0x00, 0x00, 0x00, 0x3a, 0x00, 0x00, 0x00,
  0x58, 0x25, 0x00, 0x00, 0xec, 0x24, 0x00, 0x00, 0x88, 0x24, 0x00, 0x00,
  0x38, 0x24, 0x00, 0x00, 0xe0, 0x23, 0x00, 0x00, 0x84, 0x23, 0x00, 0x00,
  0x2c, 0x23, 0x00, 0x00, 0xd8, 0x22, 0x00, 0x00, 0x70, 0x22, 0x00, 0x00,
  0x18, 0x22, 0x00, 0x00, 0xb4, 0x21, 0x00, 0x00, 0x44, 0x21, 0x00, 0x00,
  0xf0, 0x20, 0x00, 0x00, 0x94, 0x20, 0x00, 0x00, 0x80, 0x1f, 0x00, 0x00,
  0x8c, 0x1e, 0x00, 0x00, 0x20, 0x1d, 0x00, 0x00, 0x7c, 0x1b, 0x00, 0x00,
  0xd0, 0x19, 0x00, 0x00, 0x24, 0x18, 0x00, 0x00, 0xa4, 0x16, 0x00, 0x00,
  0xa8, 0x14, 0x00, 0x00, 0x40, 0x14, 0x00, 0x00, 0xd4, 0x13, 0x00, 0x00,
  0x68, 0x13, 0x00, 0x00, 0xfc, 0x12, 0x00, 0x00, 0x90, 0x12, 0x00, 0x00,
  0x08, 0x12, 0x00, 0x00, 0x98, 0x11, 0x00, 0x00, 0x1c, 0x11, 0x00, 0x00,
  0x78, 0x10, 0x00, 0x00, 0xfc, 0x0f, 0x00, 0x00, 0x88, 0x0f, 0x00, 0x00,
  0x2c, 0x0f, 0x00, 0x00, 0xc8, 0x0e, 0x00, 0x00, 0x64, 0x0e, 0x00, 0x00,
  0xc0, 0x0d, 0x00, 0x00, 0x14, 0x0d, 0x00, 0x00, 0x90, 0x0c, 0x00, 0x00,
  0x48, 0x0c, 0x00, 0x00, 0xd8, 0x0b, 0x00, 0x00, 0x6c, 0x0b, 0x00, 0x00,
  0xe8, 0x0a, 0x00, 0x00, 0xec, 0x09, 0x00, 0x00, 0x68, 0x09, 0x00, 0x00,
  0x84, 0x07, 0x00, 0x00, 0x00, 0x07, 0x00, 0x00, 0x84, 0x06, 0x00, 0x00,
  0x88, 0x05, 0x00, 0x00, 0xfc, 0x04, 0x00, 0x00, 0xf8, 0x03, 0x00, 0x00,
  0x84, 0x03, 0x00, 0x00, 0xe8, 0x02, 0x00, 0x00, 0x44, 0x02, 0x00, 0x00,
  0xa0, 0x01, 0x00, 0x00, 0xfc, 0x00, 0x00, 0x00, 0x70, 0x00, 0x00, 0x00,
  0x04, 0x00, 0x00, 0x00, 0x06, 0xdc, 0xff, 0xff, 0x14, 0x00, 0x00, 0x00,
  0x34, 0x00, 0x00, 0x00, 0x3a, 0x00, 0x00, 0x00, 0x00, 0x00, 0x00, 0x09,
  0x48, 0x00, 0x00, 0x00, 0x7c, 0xdb, 0xff, 0xff, 0x08, 0x00, 0x00, 0x00,
  0x14, 0x00, 0x00, 0x00, 0x01, 0x00, 0x00, 0x00, 0x80, 0xff, 0xff, 0xff,
  0xff, 0xff, 0xff, 0xff, 0x00, 0x00, 0x00, 0x00, 0x01, 0x00, 0x00, 0x00,
  0x00, 0x00, 0x80, 0x3b, 0x19, 0x00, 0x00, 0x00, 0x53, 0x74, 0x61, 0x74,
  0x65, 0x66, 0x75, 0x6c, 0x50, 0x61, 0x72, 0x74, 0x69, 0x74, 0x69, 0x6f,
  0x6e, 0x65, 0x64, 0x43, 0x61, 0x6c, 0x6c, 0x3a, 0x30, 0x00, 0x00, 0x00,
  0x02, 0x00, 0x00, 0x00, 0x01, 0x00, 0x00, 0x00, 0x06, 0x00, 0x00, 0x00,
  0x6e, 0xdc, 0xff, 0xff, 0x14, 0x00, 0x00, 0x00, 0x34, 0x00, 0x00, 0x00,
  0x39, 0x00, 0x00, 0x00, 0x00, 0x00, 0x00, 0x09, 0x68, 0x00, 0x00, 0x00,
  0xe4, 0xdb, 0xff, 0xff, 0x08, 0x00, 0x00, 0x00, 0x14, 0x00, 0x00, 0x00,
  0x01, 0x00, 0x00, 0x00, 0x58, 0x00, 0x00, 0x00, 0x00, 0x00, 0x00, 0x00,
  0x00, 0x00, 0x00, 0x00, 0x01, 0x00, 0x00, 0x00, 0x1d, 0x98, 0x43, 0x36,
  0x38, 0x00, 0x00, 0x00, 0x73, 0x65, 0x71, 0x75, 0x65, 0x6e, 0x74, 0x69,
  0x61, 0x6c, 0x5f, 0x35, 0x2f, 0x64, 0x65, 0x6e, 0x73, 0x65, 0x5f, 0x34,
  0x2f, 0x4d, 0x61, 0x74, 0x4d, 0x75, 0x6c, 0x3b, 0x73, 0x65, 0x71, 0x75,
  0x65, 0x6e, 0x74, 0x69, 0x61, 0x6c, 0x5f, 0x35, 0x2f, 0x64, 0x65, 0x6e,
  0x73, 0x65, 0x5f, 0x34, 0x2f, 0x42, 0x69, 0x61, 0x73, 0x41, 0x64, 0x64,
  0x00, 0x00, 0x00, 0x00, 0x02, 0x00, 0x00, 0x00, 0x01, 0x00, 0x00, 0x00,
  0x06, 0x00, 0x00, 0x00, 0xf6, 0xdc, 0xff, 0xff, 0x14, 0x00, 0x00, 0x00,
  0x34, 0x00, 0x00, 0x00, 0x38, 0x00, 0x00, 0x00, 0x00, 0x00, 0x00, 0x09,
  0x80, 0x00, 0x00, 0x00, 0x6c, 0xdc, 0xff, 0xff, 0x08, 0x00, 0x00, 0x00,
  0x14, 0x00, 0x00, 0x00, 0x01, 0x00, 0x00, 0x00, 0x80, 0xff, 0xff, 0xff,
  0xff, 0xff, 0xff, 0xff, 0x00, 0x00, 0x00, 0x00, 0x01, 0x00, 0x00, 0x00,
  0x61, 0xb9, 0xcd, 0x35, 0x52, 0x00, 0x00, 0x00, 0x73, 0x65, 0x71, 0x75,
  0x65, 0x6e, 0x74, 0x69, 0x61, 0x6c, 0x5f, 0x35, 0x2f, 0x64, 0x65, 0x6e,
  0x73, 0x65, 0x5f, 0x33, 0x2f, 0x4d, 0x61, 0x74, 0x4d, 0x75, 0x6c, 0x3b,
  0x73, 0x65, 0x71, 0x75, 0x65, 0x6e, 0x74, 0x69, 0x61, 0x6c, 0x5f, 0x35,
  0x2f, 0x64, 0x65, 0x6e, 0x73, 0x65, 0x5f, 0x33, 0x2f, 0x52, 0x65, 0x6c,
  0x75, 0x3b, 0x73, 0x65, 0x71, 0x75, 0x65, 0x6e, 0x74, 0x69, 0x61, 0x6c,
  0x5f, 0x35, 0x2f, 0x64, 0x65, 0x6e, 0x73, 0x65, 0x5f, 0x33, 0x2f, 0x42,
  0x69, 0x61, 0x73, 0x41, 0x64, 0x64, 0x00, 0x00, 0x02, 0x00, 0x00, 0x00,
  0x01, 0x00, 0x00, 0x00, 0x28, 0x00, 0x00, 0x00, 0x96, 0xdd, 0xff, 0xff,
  0x14, 0x00, 0x00, 0x00, 0x34, 0x00, 0x00, 0x00, 0x37, 0x00, 0x00, 0x00,
  0x00, 0x00, 0x00, 0x09, 0x80, 0x00, 0x00, 0x00, 0x0c, 0xdd, 0xff, 0xff,
  0x08, 0x00, 0x00, 0x00, 0x14, 0x00, 0x00, 0x00, 0x01, 0x00, 0x00, 0x00,
  0x80, 0xff, 0xff, 0xff, 0xff, 0xff, 0xff, 0xff, 0x00, 0x00, 0x00, 0x00,
  0x01, 0x00, 0x00, 0x00, 0xce, 0xa9, 0xa3, 0x36, 0x52, 0x00, 0x00, 0x00,
  0x73, 0x65, 0x71, 0x75, 0x65, 0x6e, 0x74, 0x69, 0x61, 0x6c, 0x5f, 0x35,
  0x2f, 0x64, 0x65, 0x6e, 0x73, 0x65, 0x5f, 0x32, 0x2f, 0x4d, 0x61, 0x74,
  0x4d, 0x75, 0x6c, 0x3b, 0x73, 0x65, 0x71, 0x75, 0x65, 0x6e, 0x74, 0x69,
  0x61, 0x6c, 0x5f, 0x35, 0x2f, 0x64, 0x65, 0x6e, 0x73, 0x65, 0x5f, 0x32,
  0x2f, 0x52, 0x65, 0x6c, 0x75, 0x3b, 0x73, 0x65, 0x71, 0x75, 0x65, 0x6e,
  0x74, 0x69, 0x61, 0x6c, 0x5f, 0x35, 0x2f, 0x64, 0x65, 0x6e, 0x73, 0x65,
  0x5f, 0x32, 0x2f, 0x42, 0x69, 0x61, 0x73, 0x41, 0x64, 0x64, 0x00, 0x00,
  0x02, 0x00, 0x00, 0x00, 0x01, 0x00, 0x00, 0x00, 0x08, 0x00, 0x00, 0x00,
  0x36, 0xde, 0xff, 0xff, 0x14, 0x00, 0x00, 0x00, 0x34, 0x00, 0x00, 0x00,
  0x36, 0x00, 0x00, 0x00, 0x00, 0x00, 0x00, 0x09, 0x80, 0x00, 0x00, 0x00,
  0xac, 0xdd, 0xff, 0xff, 0x08, 0x00, 0x00, 0x00, 0x14, 0x00, 0x00, 0x00,
  0x01, 0x00, 0x00, 0x00, 0x80, 0xff, 0xff, 0xff, 0xff, 0xff, 0xff, 0xff,
  0x00, 0x00, 0x00, 0x00, 0x01, 0x00, 0x00, 0x00, 0xfb, 0x60, 0x95, 0x37,
  0x52, 0x00, 0x00, 0x00, 0x73, 0x65, 0x71, 0x75, 0x65, 0x6e, 0x74, 0x69,
  0x61, 0x6c, 0x5f, 0x35, 0x2f, 0x64, 0x65, 0x6e, 0x73, 0x65, 0x5f, 0x31,
  0x2f, 0x4d, 0x61, 0x74, 0x4d, 0x75, 0x6c, 0x3b, 0x73, 0x65, 0x71, 0x75,
  0x65, 0x6e, 0x74, 0x69, 0x61, 0x6c, 0x5f, 0x35, 0x2f, 0x64, 0x65, 0x6e,
  0x73, 0x65, 0x5f, 0x31, 0x2f, 0x52, 0x65, 0x6c, 0x75, 0x3b, 0x73, 0x65,
  0x71, 0x75, 0x65, 0x6e, 0x74, 0x69, 0x61, 0x6c, 0x5f, 0x35, 0x2f, 0x64,
  0x65, 0x6e, 0x73, 0x65, 0x5f, 0x31, 0x2f, 0x42, 0x69, 0x61, 0x73, 0x41,
  0x64, 0x64, 0x00, 0x00, 0x02, 0x00, 0x00, 0x00, 0x01, 0x00, 0x00, 0x00,
  0x28, 0x00, 0x00, 0x00, 0xd6, 0xde, 0xff, 0xff, 0x14, 0x00, 0x00, 0x00,
  0x30, 0x00, 0x00, 0x00, 0x35, 0x00, 0x00, 0x00, 0x00, 0x00, 0x00, 0x09,
  0x78, 0x00, 0x00, 0x00, 0x4c, 0xde, 0xff, 0xff, 0x08, 0x00, 0x00, 0x00,
  0x10, 0x00, 0x00, 0x00, 0x01, 0x00, 0x00, 0x00, 0x80, 0xff, 0xff, 0xff,
  0xff, 0xff, 0xff, 0xff, 0x01, 0x00, 0x00, 0x00, 0x8f, 0xc4, 0xaf, 0x37,
  0x4c, 0x00, 0x00, 0x00, 0x73, 0x65, 0x71, 0x75, 0x65, 0x6e, 0x74, 0x69,
  0x61, 0x6c, 0x5f, 0x35, 0x2f, 0x64, 0x65, 0x6e, 0x73, 0x65, 0x2f, 0x4d,
  0x61, 0x74, 0x4d, 0x75, 0x6c, 0x3b, 0x73, 0x65, 0x71, 0x75, 0x65, 0x6e,
  0x74, 0x69, 0x61, 0x6c, 0x5f, 0x35, 0x2f, 0x64, 0x65, 0x6e, 0x73, 0x65,
  0x2f, 0x52, 0x65, 0x6c, 0x75, 0x3b, 0x73, 0x65, 0x71, 0x75, 0x65, 0x6e,
  0x74, 0x69, 0x61, 0x6c, 0x5f, 0x35, 0x2f, 0x64, 0x65, 0x6e, 0x73, 0x65,
  0x2f, 0x42, 0x69, 0x61, 0x73, 0x41, 0x64, 0x64, 0x00, 0x00, 0x00, 0x00,
  0x02, 0x00, 0x00, 0x00, 0x01, 0x00, 0x00, 0x00, 0x20, 0x00, 0x00, 0x00,
  0x6e, 0xdf, 0xff, 0xff, 0x14, 0x00, 0x00, 0x00, 0x30, 0x00, 0x00, 0x00,
  0x34, 0x00, 0x00, 0x00, 0x00, 0x00, 0x00, 0x09, 0x50, 0x00, 0x00, 0x00,
  0xe4, 0xde, 0xff, 0xff, 0x08, 0x00, 0x00, 0x00, 0x10, 0x00, 0x00, 0x00,
  0x01, 0x00, 0x00, 0x00, 0x03, 0x00, 0x00, 0x00, 0x00, 0x00, 0x00, 0x00,
  0x01, 0x00, 0x00, 0x00, 0x46, 0x77, 0x94, 0x38, 0x25, 0x00, 0x00, 0x00,
  0x73, 0x65, 0x71, 0x75, 0x65, 0x6e, 0x74, 0x69, 0x61, 0x6c, 0x5f, 0x35,
  0x2f, 0x67, 0x6c, 0x6f, 0x62, 0x61, 0x6c, 0x5f, 0x6d, 0x61, 0x78, 0x5f,
  0x70, 0x6f, 0x6f, 0x6c, 0x69, 0x6e, 0x67, 0x32, 0x64, 0x2f, 0x4d, 0x61,
  0x78, 0x00, 0x00, 0x00, 0x02, 0x00, 0x00, 0x00, 0x01, 0x00, 0x00, 0x00,
  0x15, 0x00, 0x00, 0x00, 0xde, 0xdf, 0xff, 0xff, 0x14, 0x00, 0x00, 0x00,
  0x30, 0x00, 0x00, 0x00, 0x33, 0x00, 0x00, 0x00, 0x00, 0x00, 0x00, 0x09,
  0xd8, 0x00, 0x00, 0x00, 0x54, 0xdf, 0xff, 0xff, 0x08, 0x00, 0x00, 0x00,
  0x10, 0x00, 0x00, 0x00, 0x01, 0x00, 0x00, 0x00, 0x03, 0x00, 0x00, 0x00,
  0x00, 0x00, 0x00, 0x00, 0x01, 0x00, 0x00, 0x00, 0x46, 0x77, 0x94, 0x38,
  0xac, 0x00, 0x00, 0x00, 0x73, 0x65, 0x71, 0x75, 0x65, 0x6e, 0x74, 0x69,
  0x61, 0x6c, 0x5f, 0x35, 0x2f, 0x73, 0x65, 0x71, 0x75, 0x65, 0x6e, 0x74,
  0x69, 0x61, 0x6c, 0x5f, 0x34, 0x2f, 0x62, 0x61, 0x74, 0x63, 0x68, 0x5f,
  0x6e, 0x6f, 0x72, 0x6d, 0x61, 0x6c, 0x69, 0x7a, 0x61, 0x74, 0x69, 0x6f,
  0x6e, 0x5f, 0x32, 0x2f, 0x46, 0x75, 0x73, 0x65, 0x64, 0x42, 0x61, 0x74,
  0x63, 0x68, 0x4e, 0x6f, 0x72, 0x6d, 0x56, 0x33, 0x3b, 0x73, 0x65, 0x71,
  0x75, 0x65, 0x6e, 0x74, 0x69, 0x61, 0x6c, 0x5f, 0x35, 0x2f, 0x73, 0x65,
  0x71, 0x75, 0x65, 0x6e, 0x74, 0x69, 0x61, 0x6c, 0x5f, 0x34, 0x2f, 0x64,
  0x65, 0x70, 0x74, 0x68, 0x77, 0x69, 0x73, 0x65, 0x5f, 0x63, 0x6f, 0x6e,
  0x76, 0x32, 0x64, 0x5f, 0x32, 0x2f, 0x42, 0x69, 0x61, 0x73, 0x41, 0x64,
  0x64, 0x3b, 0x73, 0x65, 0x71, 0x75, 0x65, 0x6e, 0x74, 0x69, 0x61, 0x6c,
  0x5f, 0x35, 0x2f, 0x73, 0x65, 0x71, 0x75, 0x65, 0x6e, 0x74, 0x69, 0x61,
  0x6c, 0x5f, 0x34, 0x2f, 0x64, 0x65, 0x70, 0x74, 0x68, 0x77, 0x69, 0x73,
  0x65, 0x5f, 0x63, 0x6f, 0x6e, 0x76, 0x32, 0x64, 0x5f, 0x32, 0x2f, 0x64,
  0x65, 0x70, 0x74, 0x68, 0x77, 0x69, 0x73, 0x65, 0x00, 0x00, 0x00, 0x00,
  0x04, 0x00, 0x00, 0x00, 0x01, 0x00, 0x00, 0x00, 0x01, 0x00, 0x00, 0x00,
  0x01, 0x00, 0x00, 0x00, 0x15, 0x00, 0x00, 0x00, 0xde, 0xe0, 0xff, 0xff,
  0x14, 0x00, 0x00, 0x00, 0x34, 0x00, 0x00, 0x00, 0x32, 0x00, 0x00, 0x00,
  0x00, 0x00, 0x00, 0x09, 0x60, 0x00, 0x00, 0x00, 0x54, 0xe0, 0xff, 0xff,
  0x08, 0x00, 0x00, 0x00, 0x14, 0x00, 0x00, 0x00, 0x01, 0x00, 0x00, 0x00,
  0xbe, 0xff, 0xff, 0xff, 0xff, 0xff, 0xff, 0xff, 0x00, 0x00, 0x00, 0x00,
  0x01, 0x00, 0x00, 0x00, 0x91, 0x3c, 0x98, 0x39, 0x30, 0x00, 0x00, 0x00,
  0x73, 0x65, 0x71, 0x75, 0x65, 0x6e, 0x74, 0x69, 0x61, 0x6c, 0x5f, 0x35,
  0x2f, 0x73, 0x65, 0x71, 0x75, 0x65, 0x6e, 0x74, 0x69, 0x61, 0x6c, 0x5f,
  0x33, 0x2f, 0x61, 0x63, 0x74, 0x69, 0x76, 0x61, 0x74, 0x69, 0x6f, 0x6e,
  0x5f, 0x32, 0x2f, 0x4c, 0x65, 0x61, 0x6b, 0x79, 0x52, 0x65, 0x6c, 0x75,
  0x00, 0x00, 0x00, 0x00, 0x04, 0x00, 0x00, 0x00, 0x01, 0x00, 0x00, 0x00,
  0x01, 0x00, 0x00, 0x00, 0x02, 0x00, 0x00, 0x00, 0x15, 0x00, 0x00, 0x00,
  0x66, 0xe1, 0xff, 0xff, 0x14, 0x00, 0x00, 0x00, 0x34, 0x00, 0x00, 0x00,
  0x31, 0x00, 0x00, 0x00, 0x00, 0x00, 0x00, 0x09, 0xd0, 0x00, 0x00, 0x00,
  0xdc, 0xe0, 0xff, 0xff, 0x08, 0x00, 0x00, 0x00, 0x14, 0x00, 0x00, 0x00,
  0x01, 0x00, 0x00, 0x00, 0x1d, 0x00, 0x00, 0x00, 0x00, 0x00, 0x00, 0x00,
  0x00, 0x00, 0x00, 0x00, 0x01, 0x00, 0x00, 0x00, 0x7a, 0xa5, 0x15, 0x3a,
  0xa2, 0x00, 0x00, 0x00, 0x73, 0x65, 0x71, 0x75, 0x65, 0x6e, 0x74, 0x69,
  0x61, 0x6c, 0x5f, 0x35, 0x2f, 0x73, 0x65, 0x71, 0x75, 0x65, 0x6e, 0x74,
  0x69, 0x61, 0x6c, 0x5f, 0x33, 0x2f, 0x64, 0x65, 0x70, 0x74, 0x68, 0x77,
  0x69, 0x73, 0x65, 0x5f, 0x63, 0x6f, 0x6e, 0x76, 0x32, 0x64, 0x5f, 0x31,
  0x2f, 0x42, 0x69, 0x61, 0x73, 0x41, 0x64, 0x64, 0x3b, 0x73, 0x65, 0x71,
  0x75, 0x65, 0x6e, 0x74, 0x69, 0x61, 0x6c, 0x5f, 0x35, 0x2f, 0x73, 0x65,
  0x71, 0x75, 0x65, 0x6e, 0x74, 0x69, 0x61, 0x6c, 0x5f, 0x34, 0x2f, 0x64,
  0x65, 0x70, 0x74, 0x68, 0x77, 0x69, 0x73, 0x65, 0x5f, 0x63, 0x6f, 0x6e,
  0x76, 0x32, 0x64, 0x5f, 0x32, 0x2f, 0x64, 0x65, 0x70, 0x74, 0x68, 0x77,
  0x69, 0x73, 0x65, 0x3b, 0x73, 0x65, 0x71, 0x75, 0x65, 0x6e, 0x74, 0x69,
  0x61, 0x6c, 0x5f, 0x35, 0x2f, 0x73, 0x65, 0x71, 0x75, 0x65, 0x6e, 0x74,
  0x69, 0x61, 0x6c, 0x5f, 0x33, 0x2f, 0x64, 0x65, 0x70, 0x74, 0x68, 0x77,
  0x69, 0x73, 0x65, 0x5f, 0x63, 0x6f, 0x6e, 0x76, 0x32, 0x64, 0x5f, 0x31,
  0x2f, 0x64, 0x65, 0x70, 0x74, 0x68, 0x77, 0x69, 0x73, 0x65, 0x00, 0x00,
  0x04, 0x00, 0x00, 0x00, 0x01, 0x00, 0x00, 0x00, 0x01, 0x00, 0x00, 0x00,
  0x02, 0x00, 0x00, 0x00, 0x15, 0x00, 0x00, 0x00, 0x5e, 0xe2, 0xff, 0xff,
  0x14, 0x00, 0x00, 0x00, 0x34, 0x00, 0x00, 0x00, 0x30, 0x00, 0x00, 0x00,
  0x00, 0x00, 0x00, 0x09, 0x50, 0x00, 0x00, 0x00, 0xd4, 0xe1, 0xff, 0xff,
  0x08, 0x00, 0x00, 0x00, 0x14, 0x00, 0x00, 0x00, 0x01, 0x00, 0x00, 0x00,
  0x00, 0x00, 0x00, 0x00, 0x00, 0x00, 0x00, 0x00, 0x00, 0x00, 0x00, 0x00,
  0x01, 0x00, 0x00, 0x00, 0x00, 0x00, 0x00, 0x3c, 0x22, 0x00, 0x00, 0x00,
  0x73, 0x65, 0x71, 0x75, 0x65, 0x6e, 0x74, 0x69, 0x61, 0x6c, 0x5f, 0x35,
  0x2f, 0x6d, 0x61, 0x78, 0x5f, 0x70, 0x6f, 0x6f, 0x6c, 0x69, 0x6e, 0x67,
  0x32, 0x64, 0x2f, 0x4d, 0x61, 0x78, 0x50, 0x6f, 0x6f, 0x6c, 0x00, 0x00,
  0x04, 0x00, 0x00, 0x00, 0x01, 0x00, 0x00, 0x00, 0x01, 0x00, 0x00, 0x00,
  0x04, 0x00, 0x00, 0x00, 0x15, 0x00, 0x00, 0x00, 0xd6, 0xe2, 0xff, 0xff,
  0x14, 0x00, 0x00, 0x00, 0x34, 0x00, 0x00, 0x00, 0x2f, 0x00, 0x00, 0x00,
  0x00, 0x00, 0x00, 0x09, 0x58, 0x00, 0x00, 0x00, 0x4c, 0xe2, 0xff, 0xff,
  0x08, 0x00, 0x00, 0x00, 0x14, 0x00, 0x00, 0x00, 0x01, 0x00, 0x00, 0x00,
  0x00, 0x00, 0x00, 0x00, 0x00, 0x00, 0x00, 0x00, 0x00, 0x00, 0x00, 0x00,
  0x01, 0x00, 0x00, 0x00, 0x00, 0x00, 0x00, 0x3c, 0x2b, 0x00, 0x00, 0x00,
  0x73, 0x65, 0x71, 0x75, 0x65, 0x6e, 0x74, 0x69, 0x61, 0x6c, 0x5f, 0x35,
  0x2f, 0x73, 0x65, 0x71, 0x75, 0x65, 0x6e, 0x74, 0x69, 0x61, 0x6c, 0x5f,
  0x32, 0x2f, 0x61, 0x63, 0x74, 0x69, 0x76, 0x61, 0x74, 0x69, 0x6f, 0x6e,
  0x5f, 0x31, 0x2f, 0x54, 0x61, 0x6e, 0x68, 0x00, 0x04, 0x00, 0x00, 0x00,
  0x01, 0x00, 0x00, 0x00, 0x02, 0x00, 0x00, 0x00, 0x0f, 0x00, 0x00, 0x00,
  0x15, 0x00, 0x00, 0x00, 0x56, 0xe3, 0xff, 0xff, 0x14, 0x00, 0x00, 0x00,
  0x30, 0x00, 0x00, 0x00, 0x2e, 0x00, 0x00, 0x00, 0x00, 0x00, 0x00, 0x09,
  0xb8, 0x01, 0x00, 0x00, 0xcc, 0xe2, 0xff, 0xff, 0x08, 0x00, 0x00, 0x00,
  0x10, 0x00, 0x00, 0x00, 0x01, 0x00, 0x00, 0x00, 0xd2, 0xff, 0xff, 0xff,
  0xff, 0xff, 0xff, 0xff, 0x01, 0x00, 0x00, 0x00, 0xc0, 0xeb, 0x34, 0x3c,
  0x8e, 0x01, 0x00, 0x00, 0x73, 0x65, 0x71, 0x75, 0x65, 0x6e, 0x74, 0x69,
  0x61, 0x6c, 0x5f, 0x35, 0x2f, 0x73, 0x65, 0x71, 0x75, 0x65, 0x6e, 0x74,
  0x69, 0x61, 0x6c, 0x5f, 0x32, 0x2f, 0x62, 0x61, 0x74, 0x63, 0x68, 0x5f,
  0x6e, 0x6f, 0x72, 0x6d, 0x61, 0x6c, 0x69, 0x7a, 0x61, 0x74, 0x69, 0x6f,
  0x6e, 0x5f, 0x31, 0x2f, 0x46, 0x75, 0x73, 0x65, 0x64, 0x42, 0x61, 0x74,
  0x63, 0x68, 0x4e, 0x6f, 0x72, 0x6d, 0x56, 0x33, 0x3b, 0x73, 0x65, 0x71,
  0x75, 0x65, 0x6e, 0x74, 0x69, 0x61, 0x6c, 0x5f, 0x35, 0x2f, 0x73, 0x65,
  0x71, 0x75, 0x65, 0x6e, 0x74, 0x69, 0x61, 0x6c, 0x5f, 0x34, 0x2f, 0x64,
  0x65, 0x70, 0x74, 0x68, 0x77, 0x69, 0x73, 0x65, 0x5f, 0x63, 0x6f, 0x6e,
  0x76, 0x32, 0x64, 0x5f, 0x32, 0x2f, 0x64, 0x65, 0x70, 0x74, 0x68, 0x77,
  0x69, 0x73, 0x65, 0x3b, 0x73, 0x65, 0x71, 0x75, 0x65, 0x6e, 0x74, 0x69,
  0x61, 0x6c, 0x5f, 0x35, 0x2f, 0x73, 0x65, 0x71, 0x75, 0x65, 0x6e, 0x74,
  0x69, 0x61, 0x6c, 0x5f, 0x32, 0x2f, 0x62, 0x61, 0x74, 0x63, 0x68, 0x5f,
  0x6e, 0x6f, 0x72, 0x6d, 0x61, 0x6c, 0x69, 0x7a, 0x61, 0x74, 0x69, 0x6f,
  0x6e, 0x5f, 0x31, 0x2f, 0x46, 0x75, 0x73, 0x65, 0x64, 0x42, 0x61, 0x74,
  0x63, 0x68, 0x4e, 0x6f, 0x72, 0x6d, 0x56, 0x33, 0x2f, 0x52, 0x65, 0x61,
  0x64, 0x56, 0x61, 0x72, 0x69, 0x61, 0x62, 0x6c, 0x65, 0x4f, 0x70, 0x3b,
  0x73, 0x65, 0x71, 0x75, 0x65, 0x6e, 0x74, 0x69, 0x61, 0x6c, 0x5f, 0x35,
  0x2f, 0x73, 0x65, 0x71, 0x75, 0x65, 0x6e, 0x74, 0x69, 0x61, 0x6c, 0x5f,
  0x32, 0x2f, 0x63, 0x6f, 0x6e, 0x76, 0x32, 0x64, 0x2f, 0x42, 0x69, 0x61,
  0x73, 0x41, 0x64, 0x64, 0x3b, 0x73, 0x65, 0x71, 0x75, 0x65, 0x6e, 0x74,
  0x69, 0x61, 0x6c, 0x5f, 0x35, 0x2f, 0x73, 0x65, 0x71, 0x75, 0x65, 0x6e,
  0x74, 0x69, 0x61, 0x6c, 0x5f, 0x34, 0x2f, 0x62, 0x61, 0x74, 0x63, 0x68,
  0x5f, 0x6e, 0x6f, 0x72, 0x6d, 0x61, 0x6c, 0x69, 0x7a, 0x61, 0x74, 0x69,
  0x6f, 0x6e, 0x5f, 0x32, 0x2f, 0x46, 0x75, 0x73, 0x65, 0x64, 0x42, 0x61,
  0x74, 0x63, 0x68, 0x4e, 0x6f, 0x72, 0x6d, 0x56, 0x33, 0x3b, 0x73, 0x65,
  0x71, 0x75, 0x65, 0x6e, 0x74, 0x69, 0x61, 0x6c, 0x5f, 0x35, 0x2f, 0x73,
  0x65, 0x71, 0x75, 0x65, 0x6e, 0x74, 0x69, 0x61, 0x6c, 0x5f, 0x34, 0x2f,
  0x64, 0x65, 0x70, 0x74, 0x68, 0x77, 0x69, 0x73, 0x65, 0x5f, 0x63, 0x6f,
  0x6e, 0x76, 0x32, 0x64, 0x5f, 0x32, 0x2f, 0x42, 0x69, 0x61, 0x73, 0x41,
  0x64, 0x64, 0x3b, 0x73, 0x65, 0x71, 0x75, 0x65, 0x6e, 0x74, 0x69, 0x61,
  0x6c, 0x5f, 0x35, 0x2f, 0x73, 0x65, 0x71, 0x75, 0x65, 0x6e, 0x74, 0x69,
  0x61, 0x6c, 0x5f, 0x32, 0x2f, 0x63, 0x6f, 0x6e, 0x76, 0x32, 0x64, 0x2f,
  0x43, 0x6f, 0x6e, 0x76, 0x32, 0x44, 0x00, 0x00, 0x04, 0x00, 0x00, 0x00,
  0x01, 0x00, 0x00, 0x00, 0x02, 0x00, 0x00, 0x00, 0x0f, 0x00, 0x00, 0x00,
  0x15, 0x00, 0x00, 0x00, 0x36, 0xe5, 0xff, 0xff, 0x14, 0x00, 0x00, 0x00,
  0x30, 0x00, 0x00, 0x00, 0x2d, 0x00, 0x00, 0x00, 0x00, 0x00, 0x00, 0x09,
  0x58, 0x00, 0x00, 0x00, 0xac, 0xe4, 0xff, 0xff, 0x08, 0x00, 0x00, 0x00,
  0x10, 0x00, 0x00, 0x00, 0x01, 0x00, 0x00, 0x00, 0xb0, 0xff, 0xff, 0xff,
  0xff, 0xff, 0xff, 0xff, 0x01, 0x00, 0x00, 0x00, 0xcc, 0x64, 0x52, 0x3d,
  0x2e, 0x00, 0x00, 0x00, 0x73, 0x65, 0x71, 0x75, 0x65, 0x6e, 0x74, 0x69,
  0x61, 0x6c, 0x5f, 0x35, 0x2f, 0x73, 0x65, 0x71, 0x75, 0x65, 0x6e, 0x74,
  0x69, 0x61, 0x6c, 0x5f, 0x31, 0x2f, 0x61, 0x63, 0x74, 0x69, 0x76, 0x61,
  0x74, 0x69, 0x6f, 0x6e, 0x2f, 0x4c, 0x65, 0x61, 0x6b, 0x79, 0x52, 0x65,
  0x6c, 0x75, 0x00, 0x00, 0x04, 0x00, 0x00, 0x00, 0x01, 0x00, 0x00, 0x00,
  0x04, 0x00, 0x00, 0x00, 0x1d, 0x00, 0x00, 0x00, 0x01, 0x00, 0x00, 0x00,
  0xb6, 0xe5, 0xff, 0xff, 0x14, 0x00, 0x00, 0x00, 0x30, 0x00, 0x00, 0x00,
  0x2c, 0x00, 0x00, 0x00, 0x00, 0x00, 0x00, 0x09, 0xd0, 0x00, 0x00, 0x00,
  0x2c, 0xe5, 0xff, 0xff, 0x08, 0x00, 0x00, 0x00, 0x10, 0x00, 0x00, 0x00,
  0x01, 0x00, 0x00, 0x00, 0x09, 0x00, 0x00, 0x00, 0x00, 0x00, 0x00, 0x00,
  0x01, 0x00, 0x00, 0x00, 0x4e, 0x32, 0xb8, 0x3d, 0xa7, 0x00, 0x00, 0x00,
  0x73, 0x65, 0x71, 0x75, 0x65, 0x6e, 0x74, 0x69, 0x61, 0x6c, 0x5f, 0x35,
  0x2f, 0x73, 0x65, 0x71, 0x75, 0x65, 0x6e, 0x74, 0x69, 0x61, 0x6c, 0x5f,
  0x31, 0x2f, 0x62, 0x61, 0x74, 0x63, 0x68, 0x5f, 0x6e, 0x6f, 0x72, 0x6d,
  0x61, 0x6c, 0x69, 0x7a, 0x61, 0x74, 0x69, 0x6f, 0x6e, 0x2f, 0x46, 0x75,
  0x73, 0x65, 0x64, 0x42, 0x61, 0x74, 0x63, 0x68, 0x4e, 0x6f, 0x72, 0x6d,
  0x56, 0x33, 0x3b, 0x73, 0x65, 0x71, 0x75, 0x65, 0x6e, 0x74, 0x69, 0x61,
  0x6c, 0x5f, 0x35, 0x2f, 0x73, 0x65, 0x71, 0x75, 0x65, 0x6e, 0x74, 0x69,
  0x61, 0x6c, 0x5f, 0x31, 0x2f, 0x64, 0x65, 0x70, 0x74, 0x68, 0x77, 0x69,
  0x73, 0x65, 0x5f, 0x63, 0x6f, 0x6e, 0x76, 0x32, 0x64, 0x2f, 0x64, 0x65,
  0x70, 0x74, 0x68, 0x77, 0x69, 0x73, 0x65, 0x3b, 0x73, 0x65, 0x71, 0x75,
  0x65, 0x6e, 0x74, 0x69, 0x61, 0x6c, 0x5f, 0x35, 0x2f, 0x73, 0x65, 0x71,
  0x75, 0x65, 0x6e, 0x74, 0x69, 0x61, 0x6c, 0x5f, 0x31, 0x2f, 0x64, 0x65,
  0x70, 0x74, 0x68, 0x77, 0x69, 0x73, 0x65, 0x5f, 0x63, 0x6f, 0x6e, 0x76,
  0x32, 0x64, 0x2f, 0x42, 0x69, 0x61, 0x73, 0x41, 0x64, 0x64, 0x32, 0x00,
  0x04, 0x00, 0x00, 0x00, 0x01, 0x00, 0x00, 0x00, 0x04, 0x00, 0x00, 0x00,
  0x1d, 0x00, 0x00, 0x00, 0x01, 0x00, 0x00, 0x00, 0xae, 0xe6, 0xff, 0xff,
  0x14, 0x00, 0x00, 0x00, 0x34, 0x00, 0x00, 0x00, 0x2b, 0x00, 0x00, 0x00,
  0x00, 0x00, 0x00, 0x09, 0x58, 0x00, 0x00, 0x00, 0x24, 0xe6, 0xff, 0xff,
  0x08, 0x00, 0x00, 0x00, 0x14, 0x00, 0x00, 0x00, 0x01, 0x00, 0x00, 0x00,
  0x80, 0xff, 0xff, 0xff, 0xff, 0xff, 0xff, 0xff, 0x00, 0x00, 0x00, 0x00,
  0x01, 0x00, 0x00, 0x00, 0xef, 0x3c, 0xe6, 0x3d, 0x2b, 0x00, 0x00, 0x00,
  0x73, 0x65, 0x71, 0x75, 0x65, 0x6e, 0x74, 0x69, 0x61, 0x6c, 0x5f, 0x35,
  0x2f, 0x6d, 0x61, 0x67, 0x6e, 0x69, 0x74, 0x75, 0x64, 0x65, 0x5f, 0x74,
  0x66, 0x6c, 0x69, 0x74, 0x65, 0x2f, 0x6e, 0x6f, 0x72, 0x6d, 0x2f, 0x53,
  0x71, 0x75, 0x65, 0x65, 0x7a, 0x65, 0x31, 0x00, 0x04, 0x00, 0x00, 0x00,
  0x01, 0x00, 0x00, 0x00, 0x07, 0x00, 0x00, 0x00, 0x39, 0x00, 0x00, 0x00,
  0x01, 0x00, 0x00, 0x00, 0x2e, 0xe7, 0xff, 0xff, 0x14, 0x00, 0x00, 0x00,
  0x34, 0x00, 0x00, 0x00, 0x2a, 0x00, 0x00, 0x00, 0x00, 0x00, 0x00, 0x09,
  0x3c, 0x00, 0x00, 0x00, 0xa4, 0xe6, 0xff, 0xff, 0x08, 0x00, 0x00, 0x00,
  0x14, 0x00, 0x00, 0x00, 0x01, 0x00, 0x00, 0x00, 0x80, 0xff, 0xff, 0xff,
  0xff, 0xff, 0xff, 0xff, 0x00, 0x00, 0x00, 0x00, 0x01, 0x00, 0x00, 0x00,
  0xef, 0x3c, 0xe6, 0x3d, 0x0c, 0x00, 0x00, 0x00, 0x74, 0x66, 0x6c, 0x2e,
  0x71, 0x75, 0x61, 0x6e, 0x74, 0x69, 0x7a, 0x65, 0x00, 0x00, 0x00, 0x00,
  0x05, 0x00, 0x00, 0x00, 0x01, 0x00, 0x00, 0x00, 0x07, 0x00, 0x00, 0x00,
  0x39, 0x00, 0x00, 0x00, 0x01, 0x00, 0x00, 0x00, 0x01, 0x00, 0x00, 0x00,
  0xa2, 0xff, 0xff, 0xff, 0x10, 0x00, 0x00, 0x00, 0x10, 0x00, 0x00, 0x00,
  0x29, 0x00, 0x00, 0x00, 0x34, 0x00, 0x00, 0x00, 0x84, 0xe7, 0xff, 0xff,
  0x27, 0x00, 0x00, 0x00, 0x73, 0x65, 0x71, 0x75, 0x65, 0x6e, 0x74, 0x69,
  0x61, 0x6c, 0x5f, 0x35, 0x2f, 0x6d, 0x61, 0x67, 0x6e, 0x69, 0x74, 0x75,
  0x64, 0x65, 0x5f, 0x74, 0x66, 0x6c, 0x69, 0x74, 0x65, 0x2f, 0x6e, 0x6f,
  0x72, 0x6d, 0x2f, 0x53, 0x71, 0x72, 0x74, 0x00, 0x05, 0x00, 0x00, 0x00,
  0x01, 0x00, 0x00, 0x00, 0x07, 0x00, 0x00, 0x00, 0x39, 0x00, 0x00, 0x00,
  0x01, 0x00, 0x00, 0x00, 0x01, 0x00, 0x00, 0x00, 0x00, 0x00, 0x0e, 0x00,
  0x14, 0x00, 0x10, 0x00, 0x00, 0x00, 0x0c, 0x00, 0x08, 0x00, 0x04, 0x00,
  0x0e, 0x00, 0x00, 0x00, 0x10, 0x00, 0x00, 0x00, 0x10, 0x00, 0x00, 0x00,
  0x28, 0x00, 0x00, 0x00, 0x1c, 0x00, 0x00, 0x00, 0xf0, 0xe7, 0xff, 0xff,
  0x0e, 0x00, 0x00, 0x00, 0x74, 0x66, 0x6c, 0x2e, 0x64, 0x65, 0x71, 0x75,
  0x61, 0x6e, 0x74, 0x69, 0x7a, 0x65, 0x00, 0x00, 0x05, 0x00, 0x00, 0x00,
  0x01, 0x00, 0x00, 0x00, 0x07, 0x00, 0x00, 0x00, 0x39, 0x00, 0x00, 0x00,
  0x01, 0x00, 0x00, 0x00, 0x01, 0x00, 0x00, 0x00, 0x46, 0xe8, 0xff, 0xff,
  0x14, 0x00, 0x00, 0x00, 0x34, 0x00, 0x00, 0x00, 0x27, 0x00, 0x00, 0x00,
  0x00, 0x00, 0x00, 0x09, 0x54, 0x00, 0x00, 0x00, 0xbc, 0xe7, 0xff, 0xff,
  0x08, 0x00, 0x00, 0x00, 0x14, 0x00, 0x00, 0x00, 0x01, 0x00, 0x00, 0x00,
  0x80, 0xff, 0xff, 0xff, 0xff, 0xff, 0xff, 0xff, 0x00, 0x00, 0x00, 0x00,
  0x01, 0x00, 0x00, 0x00, 0x7a, 0x42, 0x4e, 0x40, 0x26, 0x00, 0x00, 0x00,
  0x73, 0x65, 0x71, 0x75, 0x65, 0x6e, 0x74, 0x69, 0x61, 0x6c, 0x5f, 0x35,
  0x2f, 0x6d, 0x61, 0x67, 0x6e, 0x69, 0x74, 0x75, 0x64, 0x65, 0x5f, 0x74,
  0x66, 0x6c, 0x69, 0x74, 0x65, 0x2f, 0x6e, 0x6f, 0x72, 0x6d, 0x2f, 0x53,
  0x75, 0x6d, 0x00, 0x00, 0x05, 0x00, 0x00, 0x00, 0x01, 0x00, 0x00, 0x00,
  0x07, 0x00, 0x00, 0x00, 0x39, 0x00, 0x00, 0x00, 0x01, 0x00, 0x00, 0x00,
  0x01, 0x00, 0x00, 0x00, 0xc6, 0xe8, 0xff, 0xff, 0x14, 0x00, 0x00, 0x00,
  0x34, 0x00, 0x00, 0x00, 0x26, 0x00, 0x00, 0x00, 0x00, 0x00, 0x00, 0x09,
  0x7c, 0x00, 0x00, 0x00, 0x3c, 0xe8, 0xff, 0xff, 0x08, 0x00, 0x00, 0x00,
  0x14, 0x00, 0x00, 0x00, 0x01, 0x00, 0x00, 0x00, 0x80, 0xff, 0xff, 0xff,
  0xff, 0xff, 0xff, 0xff, 0x00, 0x00, 0x00, 0x00, 0x01, 0x00, 0x00, 0x00,
  0x7a, 0x42, 0x4e, 0x40, 0x4c, 0x00, 0x00, 0x00, 0x73, 0x65, 0x71, 0x75,
  0x65, 0x6e, 0x74, 0x69, 0x61, 0x6c, 0x5f, 0x35, 0x2f, 0x6d, 0x61, 0x67,
  0x6e, 0x69, 0x74, 0x75, 0x64, 0x65, 0x5f, 0x74, 0x66, 0x6c, 0x69, 0x74,
  0x65, 0x2f, 0x6e, 0x6f, 0x72, 0x6d, 0x2f, 0x6d, 0x75, 0x6c, 0x3b, 0x73,
  0x65, 0x71, 0x75, 0x65, 0x6e, 0x74, 0x69, 0x61, 0x6c, 0x5f, 0x35, 0x2f,
  0x73, 0x74, 0x66, 0x74, 0x5f, 0x74, 0x66, 0x6c, 0x69, 0x74, 0x65, 0x2f,
  0x74, 0x72, 0x61, 0x6e, 0x73, 0x70, 0x6f, 0x73, 0x65, 0x5f, 0x31, 0x31,
  0x00, 0x00, 0x00, 0x00, 0x05, 0x00, 0x00, 0x00, 0x01, 0x00, 0x00, 0x00,
  0x07, 0x00, 0x00, 0x00, 0x39, 0x00, 0x00, 0x00, 0x01, 0x00, 0x00, 0x00,
  0x02, 0x00, 0x00, 0x00, 0x6e, 0xe9, 0xff, 0xff, 0x14, 0x00, 0x00, 0x00,
  0x30, 0x00, 0x00, 0x00, 0x25, 0x00, 0x00, 0x00, 0x00, 0x00, 0x00, 0x09,
  0x74, 0x00, 0x00, 0x00, 0xe4, 0xe8, 0xff, 0xff, 0x08, 0x00, 0x00, 0x00,
  0x10, 0x00, 0x00, 0x00, 0x01, 0x00, 0x00, 0x00, 0x80, 0xff, 0xff, 0xff,
  0xff, 0xff, 0xff, 0xff, 0x01, 0x00, 0x00, 0x00, 0x7a, 0x42, 0x4e, 0x40,
  0x4b, 0x00, 0x00, 0x00, 0x73, 0x65, 0x71, 0x75, 0x65, 0x6e, 0x74, 0x69,
  0x61, 0x6c, 0x5f, 0x35, 0x2f, 0x6d, 0x61, 0x67, 0x6e, 0x69, 0x74, 0x75,
  0x64, 0x65, 0x5f, 0x74, 0x66, 0x6c, 0x69, 0x74, 0x65, 0x2f, 0x6e, 0x6f,
  0x72, 0x6d, 0x2f, 0x6d, 0x75, 0x6c, 0x3b, 0x73, 0x65, 0x71, 0x75, 0x65,
  0x6e, 0x74, 0x69, 0x61, 0x6c, 0x5f, 0x35, 0x2f, 0x73, 0x74, 0x66, 0x74,
  0x5f, 0x74, 0x66, 0x6c, 0x69, 0x74, 0x65, 0x2f, 0x74, 0x72, 0x61, 0x6e,
  0x73, 0x70, 0x6f, 0x73, 0x65, 0x5f, 0x31, 0x00, 0x05, 0x00, 0x00, 0x00,
  0x01, 0x00, 0x00, 0x00, 0x01, 0x00, 0x00, 0x00, 0x07, 0x00, 0x00, 0x00,
  0x39, 0x00, 0x00, 0x00, 0x02, 0x00, 0x00, 0x00, 0x0e, 0xea, 0xff, 0xff,
  0x14, 0x00, 0x00, 0x00, 0x34, 0x00, 0x00, 0x00, 0x24, 0x00, 0x00, 0x00,
  0x00, 0x00, 0x00, 0x09, 0x34, 0x00, 0x00, 0x00, 0x84, 0xe9, 0xff, 0xff,
  0x08, 0x00, 0x00, 0x00, 0x14, 0x00, 0x00, 0x00, 0x01, 0x00, 0x00, 0x00,
  0xd5, 0xff, 0xff, 0xff, 0xff, 0xff, 0xff, 0xff, 0x00, 0x00, 0x00, 0x00,
  0x01, 0x00, 0x00, 0x00, 0x15, 0xc7, 0x2c, 0x3e, 0x05, 0x00, 0x00, 0x00,
  0x73, 0x74, 0x61, 0x63, 0x6b, 0x00, 0x00, 0x00, 0x05, 0x00, 0x00, 0x00,
  0x01, 0x00, 0x00, 0x00, 0x01, 0x00, 0x00, 0x00, 0x07, 0x00, 0x00, 0x00,
  0x39, 0x00, 0x00, 0x00, 0x02, 0x00, 0x00, 0x00, 0x6e, 0xea, 0xff, 0xff,
  0x14, 0x00, 0x00, 0x00, 0x34, 0x00, 0x00, 0x00, 0x23, 0x00, 0x00, 0x00,
  0x00, 0x00, 0x00, 0x09, 0x38, 0x00, 0x00, 0x00, 0xe4, 0xe9, 0xff, 0xff,
  0x08, 0x00, 0x00, 0x00, 0x14, 0x00, 0x00, 0x00, 0x01, 0x00, 0x00, 0x00,
  0xd5, 0xff, 0xff, 0xff, 0xff, 0xff, 0xff, 0xff, 0x00, 0x00, 0x00, 0x00,
  0x01, 0x00, 0x00, 0x00, 0x15, 0xc7, 0x2c, 0x3e, 0x09, 0x00, 0x00, 0x00,
  0x4d, 0x61, 0x74, 0x4d, 0x75, 0x6c, 0x5f, 0x31, 0x31, 0x00, 0x00, 0x00,
  0x04, 0x00, 0x00, 0x00, 0x01, 0x00, 0x00, 0x00, 0x01, 0x00, 0x00, 0x00,
  0x07, 0x00, 0x00, 0x00, 0x39, 0x00, 0x00, 0x00, 0xce, 0xea, 0xff, 0xff,
  0x14, 0x00, 0x00, 0x00, 0x30, 0x00, 0x00, 0x00, 0x22, 0x00, 0x00, 0x00,
  0x00, 0x00, 0x00, 0x09, 0x30, 0x00, 0x00, 0x00, 0x44, 0xea, 0xff, 0xff,
  0x08, 0x00, 0x00, 0x00, 0x10, 0x00, 0x00, 0x00, 0x01, 0x00, 0x00, 0x00,
  0xd5, 0xff, 0xff, 0xff, 0xff, 0xff, 0xff, 0xff, 0x01, 0x00, 0x00, 0x00,
  0x15, 0xc7, 0x2c, 0x3e, 0x07, 0x00, 0x00, 0x00, 0x4d, 0x61, 0x74, 0x4d,
  0x75, 0x6c, 0x31, 0x00, 0x04, 0x00, 0x00, 0x00, 0x01, 0x00, 0x00, 0x00,
  0x01, 0x00, 0x00, 0x00, 0x07, 0x00, 0x00, 0x00, 0x39, 0x00, 0x00, 0x00,
  0x26, 0xeb, 0xff, 0xff, 0x14, 0x00, 0x00, 0x00, 0x30, 0x00, 0x00, 0x00,
  0x21, 0x00, 0x00, 0x00, 0x00, 0x00, 0x00, 0x09, 0x48, 0x00, 0x00, 0x00,
  0x9c, 0xea, 0xff, 0xff, 0x08, 0x00, 0x00, 0x00, 0x10, 0x00, 0x00, 0x00,
  0x01, 0x00, 0x00, 0x00, 0x80, 0xff, 0xff, 0xff, 0xff, 0xff, 0xff, 0xff,
  0x01, 0x00, 0x00, 0x00, 0x15, 0xc5, 0x7c, 0x3b, 0x1c, 0x00, 0x00, 0x00,
  0x73, 0x65, 0x71, 0x75, 0x65, 0x6e, 0x74, 0x69, 0x61, 0x6c, 0x5f, 0x35,
  0x2f, 0x73, 0x74, 0x66, 0x74, 0x5f, 0x74, 0x66, 0x6c, 0x69, 0x74, 0x65,
  0x2f, 0x6d, 0x75, 0x6c, 0x00, 0x00, 0x00, 0x00, 0x04, 0x00, 0x00, 0x00,
  0x01, 0x00, 0x00, 0x00, 0x01, 0x00, 0x00, 0x00, 0x07, 0x00, 0x00, 0x00,
  0x70, 0x00, 0x00, 0x00, 0x96, 0xeb, 0xff, 0xff, 0x14, 0x00, 0x00, 0x00,
  0x34, 0x00, 0x00, 0x00, 0x20, 0x00, 0x00, 0x00, 0x00, 0x00, 0x00, 0x09,
  0x50, 0x00, 0x00, 0x00, 0x0c, 0xeb, 0xff, 0xff, 0x08, 0x00, 0x00, 0x00,
  0x14, 0x00, 0x00, 0x00, 0x01, 0x00, 0x00, 0x00, 0x80, 0xff, 0xff, 0xff,
  0xff, 0xff, 0xff, 0xff, 0x00, 0x00, 0x00, 0x00, 0x01, 0x00, 0x00, 0x00,
  0x68, 0x80, 0x80, 0x3b, 0x22, 0x00, 0x00, 0x00, 0x73, 0x65, 0x71, 0x75,
  0x65, 0x6e, 0x74, 0x69, 0x61, 0x6c, 0x5f, 0x35, 0x2f, 0x73, 0x74, 0x66,
  0x74, 0x5f, 0x74, 0x66, 0x6c, 0x69, 0x74, 0x65, 0x2f, 0x52, 0x65, 0x73,
  0x68, 0x61, 0x70, 0x65, 0x5f, 0x32, 0x00, 0x00, 0x04, 0x00, 0x00, 0x00,
  0x01, 0x00, 0x00, 0x00, 0x01, 0x00, 0x00, 0x00, 0x07, 0x00, 0x00, 0x00,
  0x70, 0x00, 0x00, 0x00, 0x0e, 0xec, 0xff, 0xff, 0x14, 0x00, 0x00, 0x00,
  0x30, 0x00, 0x00, 0x00, 0x1f, 0x00, 0x00, 0x00, 0x00, 0x00, 0x00, 0x09,
  0x74, 0x00, 0x00, 0x00, 0x84, 0xeb, 0xff, 0xff, 0x08, 0x00, 0x00, 0x00,
  0x10, 0x00, 0x00, 0x00, 0x01, 0x00, 0x00, 0x00, 0x80, 0xff, 0xff, 0xff,
  0xff, 0xff, 0xff, 0xff, 0x01, 0x00, 0x00, 0x00, 0x68, 0x80, 0x80, 0x3b,
  0x48, 0x00, 0x00, 0x00, 0x73, 0x65, 0x71, 0x75, 0x65, 0x6e, 0x74, 0x69,
  0x61, 0x6c, 0x5f, 0x35, 0x2f, 0x73, 0x74, 0x66, 0x74, 0x5f, 0x74, 0x66,
  0x6c, 0x69, 0x74, 0x65, 0x2f, 0x47, 0x61, 0x74, 0x68, 0x65, 0x72, 0x56,
  0x32, 0x3b, 0x73, 0x65, 0x71, 0x75, 0x65, 0x6e, 0x74, 0x69, 0x61, 0x6c,
  0x5f, 0x35, 0x2f, 0x73, 0x74, 0x66, 0x74, 0x5f, 0x74, 0x66, 0x6c, 0x69,
  0x74, 0x65, 0x2f, 0x47, 0x61, 0x74, 0x68, 0x65, 0x72, 0x56, 0x32, 0x2f,
  0x61, 0x78, 0x69, 0x73, 0x00, 0x00, 0x00, 0x00, 0x05, 0x00, 0x00, 0x00,
  0x01, 0x00, 0x00, 0x00, 0x01, 0x00, 0x00, 0x00, 0x07, 0x00, 0x00, 0x00,
  0x07, 0x00, 0x00, 0x00, 0x10, 0x00, 0x00, 0x00, 0xae, 0xec, 0xff, 0xff,
  0x14, 0x00, 0x00, 0x00, 0x34, 0x00, 0x00, 0x00, 0x1e, 0x00, 0x00, 0x00,
  0x00, 0x00, 0x00, 0x09, 0x50, 0x00, 0x00, 0x00, 0x24, 0xec, 0xff, 0xff,
  0x08, 0x00, 0x00, 0x00, 0x14, 0x00, 0x00, 0x00, 0x01, 0x00, 0x00, 0x00,
  0x80, 0xff, 0xff, 0xff, 0xff, 0xff, 0xff, 0xff, 0x00, 0x00, 0x00, 0x00,
  0x01, 0x00, 0x00, 0x00, 0x68, 0x80, 0x80, 0x3b, 0x22, 0x00, 0x00, 0x00,
  0x73, 0x65, 0x71, 0x75, 0x65, 0x6e, 0x74, 0x69, 0x61, 0x6c, 0x5f, 0x35,
  0x2f, 0x73, 0x74, 0x66, 0x74, 0x5f, 0x74, 0x66, 0x6c, 0x69, 0x74, 0x65,
  0x2f, 0x52, 0x65, 0x73, 0x68, 0x61, 0x70, 0x65, 0x5f, 0x31, 0x00, 0x00,
  0x04, 0x00, 0x00, 0x00, 0x01, 0x00, 0x00, 0x00, 0x01, 0x00, 0x00, 0x00,
  0x40, 0x00, 0x00, 0x00, 0x10, 0x00, 0x00, 0x00, 0x26, 0xed, 0xff, 0xff,
  0x14, 0x00, 0x00, 0x00, 0x30, 0x00, 0x00, 0x00, 0x1d, 0x00, 0x00, 0x00,
  0x00, 0x00, 0x00, 0x09, 0x48, 0x00, 0x00, 0x00, 0x9c, 0xec, 0xff, 0xff,
  0x08, 0x00, 0x00, 0x00, 0x10, 0x00, 0x00, 0x00, 0x01, 0x00, 0x00, 0x00,
  0x80, 0xff, 0xff, 0xff, 0xff, 0xff, 0xff, 0xff, 0x01, 0x00, 0x00, 0x00,
  0x68, 0x80, 0x80, 0x3b, 0x1e, 0x00, 0x00, 0x00, 0x73, 0x65, 0x71, 0x75,
  0x65, 0x6e, 0x74, 0x69, 0x61, 0x6c, 0x5f, 0x35, 0x2f, 0x73, 0x74, 0x66,
  0x74, 0x5f, 0x74, 0x66, 0x6c, 0x69, 0x74, 0x65, 0x2f, 0x53, 0x6c, 0x69,
  0x63, 0x65, 0x00, 0x00, 0x03, 0x00, 0x00, 0x00, 0x01, 0x00, 0x00, 0x00,
  0x01, 0x00, 0x00, 0x00, 0x00, 0x04, 0x00, 0x00, 0x30, 0xed, 0xff, 0xff,
  0x18, 0x00, 0x00, 0x00, 0x24, 0x00, 0x00, 0x00, 0x40, 0x00, 0x00, 0x00,
  0x1c, 0x00, 0x00, 0x00, 0x00, 0x00, 0x00, 0x09, 0x5c, 0x00, 0x00, 0x00,
  0x03, 0x00, 0x00, 0x00, 0xff, 0xff, 0xff, 0xff, 0x01, 0x00, 0x00, 0x00,
  0x00, 0x04, 0x00, 0x00, 0x1c, 0xed, 0xff, 0xff, 0x08, 0x00, 0x00, 0x00,
  0x10, 0x00, 0x00, 0x00, 0x01, 0x00, 0x00, 0x00, 0x80, 0xff, 0xff, 0xff,
  0xff, 0xff, 0xff, 0xff, 0x01, 0x00, 0x00, 0x00, 0x68, 0x80, 0x80, 0x3b,
  0x22, 0x00, 0x00, 0x00, 0x73, 0x65, 0x71, 0x75, 0x65, 0x6e, 0x74, 0x69,
  0x61, 0x6c, 0x5f, 0x35, 0x2f, 0x73, 0x74, 0x66, 0x74, 0x5f, 0x74, 0x66,
  0x6c, 0x69, 0x74, 0x65, 0x2f, 0x74, 0x72, 0x61, 0x6e, 0x73, 0x70, 0x6f,
  0x73, 0x65, 0x00, 0x00, 0x03, 0x00, 0x00, 0x00, 0x01, 0x00, 0x00, 0x00,
  0x01, 0x00, 0x00, 0x00, 0x00, 0x04, 0x00, 0x00, 0x16, 0xee, 0xff, 0xff,
  0x14, 0x00, 0x00, 0x00, 0x34, 0x00, 0x00, 0x00, 0x1b, 0x00, 0x00, 0x00,
  0x00, 0x00, 0x00, 0x09, 0x48, 0x00, 0x00, 0x00, 0x8c, 0xed, 0xff, 0xff,
  0x08, 0x00, 0x00, 0x00, 0x14, 0x00, 0x00, 0x00, 0x01, 0x00, 0x00, 0x00,
  0x00, 0x00, 0x00, 0x00, 0x00, 0x00, 0x00, 0x00, 0x00, 0x00, 0x00, 0x00,
  0x01, 0x00, 0x00, 0x00, 0xf1, 0x28, 0x3a, 0x3b, 0x1b, 0x00, 0x00, 0x00,
  0x73, 0x65, 0x71, 0x75, 0x65, 0x6e, 0x74, 0x69, 0x61, 0x6c, 0x5f, 0x35,
  0x2f, 0x64, 0x65, 0x6e, 0x73, 0x65, 0x5f, 0x34, 0x2f, 0x4d, 0x61, 0x74,
  0x4d, 0x75, 0x6c, 0x00, 0x02, 0x00, 0x00, 0x00, 0x06, 0x00, 0x00, 0x00,
  0x28, 0x00, 0x00, 0x00, 0x7e, 0xee, 0xff, 0xff, 0x14, 0x00, 0x00, 0x00,
  0x34, 0x00, 0x00, 0x00, 0x1a, 0x00, 0x00, 0x00, 0x00, 0x00, 0x00, 0x09,
  0x48, 0x00, 0x00, 0x00, 0xf4, 0xed, 0xff, 0xff, 0x08, 0x00, 0x00, 0x00,
  0x14, 0x00, 0x00, 0x00, 0x01, 0x00, 0x00, 0x00, 0x00, 0x00, 0x00, 0x00,
  0x00, 0x00, 0x00, 0x00, 0x00, 0x00, 0x00, 0x00, 0x01, 0x00, 0x00, 0x00,
  0xb4, 0x5e, 0x36, 0x3b, 0x1b, 0x00, 0x00, 0x00, 0x73, 0x65, 0x71, 0x75,
  0x65, 0x6e, 0x74, 0x69, 0x61, 0x6c, 0x5f, 0x35, 0x2f, 0x64, 0x65, 0x6e,
  0x73, 0x65, 0x5f, 0x33, 0x2f, 0x4d, 0x61, 0x74, 0x4d, 0x75, 0x6c, 0x00,
  0x02, 0x00, 0x00, 0x00, 0x28, 0x00, 0x00, 0x00, 0x08, 0x00, 0x00, 0x00,
  0xe6, 0xee, 0xff, 0xff, 0x14, 0x00, 0x00, 0x00, 0x34, 0x00, 0x00, 0x00,
  0x19, 0x00, 0x00, 0x00, 0x00, 0x00, 0x00, 0x09, 0x48, 0x00, 0x00, 0x00,
  0x5c, 0xee, 0xff, 0xff, 0x08, 0x00, 0x00, 0x00, 0x14, 0x00, 0x00, 0x00,
  0x01, 0x00, 0x00, 0x00, 0x00, 0x00, 0x00, 0x00, 0x00, 0x00, 0x00, 0x00,
  0x00, 0x00, 0x00, 0x00, 0x01, 0x00, 0x00, 0x00, 0x27, 0x41, 0x36, 0x3b,
  0x1b, 0x00, 0x00, 0x00, 0x73, 0x65, 0x71, 0x75, 0x65, 0x6e, 0x74, 0x69,
  0x61, 0x6c, 0x5f, 0x35, 0x2f, 0x64, 0x65, 0x6e, 0x73, 0x65, 0x5f, 0x32,
  0x2f, 0x4d, 0x61, 0x74, 0x4d, 0x75, 0x6c, 0x00, 0x02, 0x00, 0x00, 0x00,
  0x08, 0x00, 0x00, 0x00, 0x28, 0x00, 0x00, 0x00, 0x4e, 0xef, 0xff, 0xff,
  0x14, 0x00, 0x00, 0x00, 0x34, 0x00, 0x00, 0x00, 0x18, 0x00, 0x00, 0x00,
  0x00, 0x00, 0x00, 0x09, 0x48, 0x00, 0x00, 0x00, 0xc4, 0xee, 0xff, 0xff,
  0x08, 0x00, 0x00, 0x00, 0x14, 0x00, 0x00, 0x00, 0x01, 0x00, 0x00, 0x00,
  0x00, 0x00, 0x00, 0x00, 0x00, 0x00, 0x00, 0x00, 0x00, 0x00, 0x00, 0x00,
  0x01, 0x00, 0x00, 0x00, 0x10, 0xd2, 0x14, 0x3b, 0x1b, 0x00, 0x00, 0x00,
  0x73, 0x65, 0x71, 0x75, 0x65, 0x6e, 0x74, 0x69, 0x61, 0x6c, 0x5f, 0x35,
  0x2f, 0x64, 0x65, 0x6e, 0x73, 0x65, 0x5f, 0x31, 0x2f, 0x4d, 0x61, 0x74,
  0x4d, 0x75, 0x6c, 0x00, 0x02, 0x00, 0x00, 0x00, 0x28, 0x00, 0x00, 0x00,
  0x20, 0x00, 0x00, 0x00, 0xb6, 0xef, 0xff, 0xff, 0x14, 0x00, 0x00, 0x00,
  0x30, 0x00, 0x00, 0x00, 0x17, 0x00, 0x00, 0x00, 0x00, 0x00, 0x00, 0x09,
  0x44, 0x00, 0x00, 0x00, 0x2c, 0xef, 0xff, 0xff, 0x08, 0x00, 0x00, 0x00,
  0x10, 0x00, 0x00, 0x00, 0x01, 0x00, 0x00, 0x00, 0x00, 0x00, 0x00, 0x00,
  0x00, 0x00, 0x00, 0x00, 0x01, 0x00, 0x00, 0x00, 0xa6, 0x73, 0x2d, 0x3b,
  0x19, 0x00, 0x00, 0x00, 0x73, 0x65, 0x71, 0x75, 0x65, 0x6e, 0x74, 0x69,
  0x61, 0x6c, 0x5f, 0x35, 0x2f, 0x64, 0x65, 0x6e, 0x73, 0x65, 0x2f, 0x4d,
  0x61, 0x74, 0x4d, 0x75, 0x6c, 0x00, 0x00, 0x00, 0x02, 0x00, 0x00, 0x00,
  0x20, 0x00, 0x00, 0x00, 0x15, 0x00, 0x00, 0x00, 0x1a, 0xf0, 0xff, 0xff,
  0x14, 0x00, 0x00, 0x00, 0x28, 0x01, 0x00, 0x00, 0x16, 0x00, 0x00, 0x00,
  0x00, 0x00, 0x00, 0x09, 0xd0, 0x01, 0x00, 0x00, 0x42, 0xf5, 0xff, 0xff,
  0x03, 0x00, 0x00, 0x00, 0x08, 0x00, 0x00, 0x00, 0xb4, 0x00, 0x00, 0x00,
  0x15, 0x00, 0x00, 0x00, 0x00, 0x00, 0x00, 0x00, 0x00, 0x00, 0x00, 0x00,
  0x00, 0x00, 0x00, 0x00, 0x00, 0x00, 0x00, 0x00, 0x00, 0x00, 0x00, 0x00,
  0x00, 0x00, 0x00, 0x00, 0x00, 0x00, 0x00, 0x00, 0x00, 0x00, 0x00, 0x00,
  0x00, 0x00, 0x00, 0x00, 0x00, 0x00, 0x00, 0x00, 0x00, 0x00, 0x00, 0x00,
  0x00, 0x00, 0x00, 0x00, 0x00, 0x00, 0x00, 0x00, 0x00, 0x00, 0x00, 0x00,
  0x00, 0x00, 0x00, 0x00, 0x00, 0x00, 0x00, 0x00, 0x00, 0x00, 0x00, 0x00,
  0x00, 0x00, 0x00, 0x00, 0x00, 0x00, 0x00, 0x00, 0x00, 0x00, 0x00, 0x00,
  0x00, 0x00, 0x00, 0x00, 0x00, 0x00, 0x00, 0x00, 0x00, 0x00, 0x00, 0x00,
  0x00, 0x00, 0x00, 0x00, 0x00, 0x00, 0x00, 0x00, 0x00, 0x00, 0x00, 0x00,
  0x00, 0x00, 0x00, 0x00, 0x00, 0x00, 0x00, 0x00, 0x00, 0x00, 0x00, 0x00,
  0x00, 0x00, 0x00, 0x00, 0x00, 0x00, 0x00, 0x00, 0x00, 0x00, 0x00, 0x00,
  0x00, 0x00, 0x00, 0x00, 0x00, 0x00, 0x00, 0x00, 0x00, 0x00, 0x00, 0x00,
  0x00, 0x00, 0x00, 0x00, 0x00, 0x00, 0x00, 0x00, 0x00, 0x00, 0x00, 0x00,
  0x00, 0x00, 0x00, 0x00, 0x00, 0x00, 0x00, 0x00, 0x00, 0x00, 0x00, 0x00,
  0x00, 0x00, 0x00, 0x00, 0x00, 0x00, 0x00, 0x00, 0x15, 0x00, 0x00, 0x00,
  0x88, 0xaa, 0x9c, 0x3a, 0xb3, 0x59, 0x97, 0x3a, 0x7e, 0xbf, 0xa2, 0x3a,
  0x6d, 0x4e, 0xa2, 0x3a, 0x6d, 0x00, 0x9b, 0x3a, 0x96, 0x4b, 0xa9, 0x3a,
  0xe0, 0x35, 0x91, 0x3a, 0x2b, 0x53, 0x8c, 0x3a, 0x04, 0xff, 0x9a, 0x3a,
  0x45, 0xce, 0xa2, 0x3a, 0x3d, 0x00, 0x9f, 0x3a, 0xa4, 0xab, 0xa3, 0x3a,
  0xab, 0xb3, 0x9c, 0x3a, 0x94, 0x8b, 0x98, 0x3a, 0xa4, 0xde, 0x90, 0x3a,
  0xab, 0x7f, 0xa6, 0x3a, 0x9f, 0x10, 0x8f, 0x3a, 0xf0, 0x66, 0x85, 0x3a,
  0x74, 0x52, 0xa9, 0x3a, 0x1a, 0xeb, 0xa2, 0x3a, 0x01, 0xfc, 0x8d, 0x3a,
  0xac, 0x00, 0x00, 0x00, 0x73, 0x65, 0x71, 0x75, 0x65, 0x6e, 0x74, 0x69,
  0x61, 0x6c, 0x5f, 0x35, 0x2f, 0x73, 0x65, 0x71, 0x75, 0x65, 0x6e, 0x74,
  0x69, 0x61, 0x6c, 0x5f, 0x34, 0x2f, 0x62, 0x61, 0x74, 0x63, 0x68, 0x5f,
  0x6e, 0x6f, 0x72, 0x6d, 0x61, 0x6c, 0x69, 0x7a, 0x61, 0x74, 0x69, 0x6f,
  0x6e, 0x5f, 0x32, 0x2f, 0x46, 0x75, 0x73, 0x65, 0x64, 0x42, 0x61, 0x74,
  0x63, 0x68, 0x4e, 0x6f, 0x72, 0x6d, 0x56, 0x33, 0x3b, 0x73, 0x65, 0x71,
  0x75, 0x65, 0x6e, 0x74, 0x69, 0x61, 0x6c, 0x5f, 0x35, 0x2f, 0x73, 0x65,
  0x71, 0x75, 0x65, 0x6e, 0x74, 0x69, 0x61, 0x6c, 0x5f, 0x34, 0x2f, 0x64,
  0x65, 0x70, 0x74, 0x68, 0x77, 0x69, 0x73, 0x65, 0x5f, 0x63, 0x6f, 0x6e,
  0x76, 0x32, 0x64, 0x5f, 0x32, 0x2f, 0x64, 0x65, 0x70, 0x74, 0x68, 0x77,
  0x69, 0x73, 0x65, 0x3b, 0x73, 0x65, 0x71, 0x75, 0x65, 0x6e, 0x74, 0x69,
  0x61, 0x6c, 0x5f, 0x35, 0x2f, 0x73, 0x65, 0x71, 0x75, 0x65, 0x6e, 0x74,
  0x69, 0x61, 0x6c, 0x5f, 0x34, 0x2f, 0x64, 0x65, 0x70, 0x74, 0x68, 0x77,
  0x69, 0x73, 0x65, 0x5f, 0x63, 0x6f, 0x6e, 0x76, 0x32, 0x64, 0x5f, 0x32,
  0x2f, 0x42, 0x69, 0x61, 0x73, 0x41, 0x64, 0x64, 0x00, 0x00, 0x00, 0x00,
  0x04, 0x00, 0x00, 0x00, 0x01, 0x00, 0x00, 0x00, 0x02, 0x00, 0x00, 0x00,
  0x05, 0x00, 0x00, 0x00, 0x15, 0x00, 0x00, 0x00, 0x12, 0xf2, 0xff, 0xff,
  0x14, 0x00, 0x00, 0x00, 0x24, 0x01, 0x00, 0x00, 0x15, 0x00, 0x00, 0x00,
  0x00, 0x00, 0x00, 0x09, 0x54, 0x01, 0x00, 0x00, 0x3a, 0xf7, 0xff, 0xff,
  0x03, 0x00, 0x00, 0x00, 0x08, 0x00, 0x00, 0x00, 0xb0, 0x00, 0x00, 0x00,
  0x15, 0x00, 0x00, 0x00, 0x00, 0x00, 0x00, 0x00, 0x00, 0x00, 0x00, 0x00,
  0x00, 0x00, 0x00, 0x00, 0x00, 0x00, 0x00, 0x00, 0x00, 0x00, 0x00, 0x00,
  0x00, 0x00, 0x00, 0x00, 0x00, 0x00, 0x00, 0x00, 0x00, 0x00, 0x00, 0x00,
  0x00, 0x00, 0x00, 0x00, 0x00, 0x00, 0x00, 0x00, 0x00, 0x00, 0x00, 0x00,
  0x00, 0x00, 0x00, 0x00, 0x00, 0x00, 0x00, 0x00, 0x00, 0x00, 0x00, 0x00,
  0x00, 0x00, 0x00, 0x00, 0x00, 0x00, 0x00, 0x00, 0x00, 0x00, 0x00, 0x00,
  0x00, 0x00, 0x00, 0x00, 0x00, 0x00, 0x00, 0x00, 0x00, 0x00, 0x00, 0x00,
  0x00, 0x00, 0x00, 0x00, 0x00, 0x00, 0x00, 0x00, 0x00, 0x00, 0x00, 0x00,
  0x00, 0x00, 0x00, 0x00, 0x00, 0x00, 0x00, 0x00, 0x00, 0x00, 0x00, 0x00,
  0x00, 0x00, 0x00, 0x00, 0x00, 0x00, 0x00, 0x00, 0x00, 0x00, 0x00, 0x00,
  0x00, 0x00, 0x00, 0x00, 0x00, 0x00, 0x00, 0x00, 0x00, 0x00, 0x00, 0x00,
  0x00, 0x00, 0x00, 0x00, 0x00, 0x00, 0x00, 0x00, 0x00, 0x00, 0x00, 0x00,
  0x00, 0x00, 0x00, 0x00, 0x00, 0x00, 0x00, 0x00, 0x00, 0x00, 0x00, 0x00,
  0x00, 0x00, 0x00, 0x00, 0x00, 0x00, 0x00, 0x00, 0x00, 0x00, 0x00, 0x00,
  0x00, 0x00, 0x00, 0x00, 0x15, 0x00, 0x00, 0x00, 0x75, 0xb6, 0x0b, 0x3a,
  0x11, 0x6d, 0x0f, 0x3a, 0x3b, 0x91, 0x0f, 0x3a, 0x25, 0xb4, 0x0d, 0x3a,
  0x09, 0xd9, 0x0d, 0x3a, 0xa0, 0xd1, 0x0f, 0x3a, 0x7b, 0xd3, 0x0f, 0x3a,
  0x36, 0x12, 0x0b, 0x3a, 0xe5, 0x08, 0x0f, 0x3a, 0xc1, 0x13, 0x0e, 0x3a,
  0x8e, 0xba, 0x0c, 0x3a, 0xe5, 0xa9, 0x0d, 0x3a, 0x6e, 0x73, 0x06, 0x3a,
  0x7a, 0xe7, 0x0f, 0x3a, 0xf4, 0xb3, 0x0d, 0x3a, 0xaa, 0x82, 0x0f, 0x3a,
  0x37, 0x58, 0x0b, 0x3a, 0xb3, 0xf1, 0x0c, 0x3a, 0x4e, 0x8b, 0x0b, 0x3a,
  0x74, 0x15, 0x0f, 0x3a, 0x90, 0x27, 0x0f, 0x3a, 0x36, 0x00, 0x00, 0x00,
  0x73, 0x65, 0x71, 0x75, 0x65, 0x6e, 0x74, 0x69, 0x61, 0x6c, 0x5f, 0x35,
  0x2f, 0x73, 0x65, 0x71, 0x75, 0x65, 0x6e, 0x74, 0x69, 0x61, 0x6c, 0x5f,
  0x33, 0x2f, 0x64, 0x65, 0x70, 0x74, 0x68, 0x77, 0x69, 0x73, 0x65, 0x5f,
  0x63, 0x6f, 0x6e, 0x76, 0x32, 0x64, 0x5f, 0x31, 0x2f, 0x64, 0x65, 0x70,
  0x74, 0x68, 0x77, 0x69, 0x73, 0x65, 0x00, 0x00, 0x04, 0x00, 0x00, 0x00,
  0x01, 0x00, 0x00, 0x00, 0x08, 0x00, 0x00, 0x00, 0x07, 0x00, 0x00, 0x00,
  0x15, 0x00, 0x00, 0x00, 0x8e, 0xf3, 0xff, 0xff, 0x14, 0x00, 0x00, 0x00,
  0x24, 0x01, 0x00, 0x00, 0x12, 0x00, 0x00, 0x00, 0x00, 0x00, 0x00, 0x02,
  0x8c, 0x01, 0x00, 0x00, 0x04, 0xf3, 0xff, 0xff, 0x08, 0x00, 0x00, 0x00,
  0xb4, 0x00, 0x00, 0x00, 0x15, 0x00, 0x00, 0x00, 0x00, 0x00, 0x00, 0x00,
  0x00, 0x00, 0x00, 0x00, 0x00, 0x00, 0x00, 0x00, 0x00, 0x00, 0x00, 0x00,
  0x00, 0x00, 0x00, 0x00, 0x00, 0x00, 0x00, 0x00, 0x00, 0x00, 0x00, 0x00,
  0x00, 0x00, 0x00, 0x00, 0x00, 0x00, 0x00, 0x00, 0x00, 0x00, 0x00, 0x00,
  0x00, 0x00, 0x00, 0x00, 0x00, 0x00, 0x00, 0x00, 0x00, 0x00, 0x00, 0x00,
  0x00, 0x00, 0x00, 0x00, 0x00, 0x00, 0x00, 0x00, 0x00, 0x00, 0x00, 0x00,
  0x00, 0x00, 0x00, 0x00, 0x00, 0x00, 0x00, 0x00, 0x00, 0x00, 0x00, 0x00,
  0x00, 0x00, 0x00, 0x00, 0x00, 0x00, 0x00, 0x00, 0x00, 0x00, 0x00, 0x00,
  0x00, 0x00, 0x00, 0x00, 0x00, 0x00, 0x00, 0x00, 0x00, 0x00, 0x00, 0x00,
  0x00, 0x00, 0x00, 0x00, 0x00, 0x00, 0x00, 0x00, 0x00, 0x00, 0x00, 0x00,
  0x00, 0x00, 0x00, 0x00, 0x00, 0x00, 0x00, 0x00, 0x00, 0x00, 0x00, 0x00,
  0x00, 0x00, 0x00, 0x00, 0x00, 0x00, 0x00, 0x00, 0x00, 0x00, 0x00, 0x00,
  0x00, 0x00, 0x00, 0x00, 0x00, 0x00, 0x00, 0x00, 0x00, 0x00, 0x00, 0x00,
  0x00, 0x00, 0x00, 0x00, 0x00, 0x00, 0x00, 0x00, 0x00, 0x00, 0x00, 0x00,
  0x00, 0x00, 0x00, 0x00, 0x00, 0x00, 0x00, 0x00, 0x00, 0x00, 0x00, 0x00,
  0x15, 0x00, 0x00, 0x00, 0xa3, 0x54, 0xba, 0x34, 0x22, 0x02, 0xb4, 0x34,
  0x68, 0x90, 0xc1, 0x34, 0xee, 0x09, 0xc1, 0x34, 0xd9, 0x59, 0xb8, 0x34,
  0xdd, 0x59, 0xc9, 0x34, 0xb0, 0xb4, 0xac, 0x34, 0x29, 0xe5, 0xa6, 0x34,
  0x2c, 0x58, 0xb8, 0x34, 0xfb, 0xa1, 0xc1, 0x34, 0x85, 0x1b, 0xbd, 0x34,
  0x45, 0xa9, 0xc2, 0x34, 0x81, 0x5f, 0xba, 0x34, 0xee, 0x6d, 0xb5, 0x34,
  0xef, 0x4c, 0xac, 0x34, 0x64, 0x06, 0xc6, 0x34, 0x6f, 0x27, 0xaa, 0x34,
  0x5c, 0xa9, 0x9e, 0x34, 0x08, 0x62, 0xc9, 0x34, 0x46, 0xc4, 0xc1, 0x34,
  0x70, 0xde, 0xa8, 0x34, 0x6c, 0x00, 0x00, 0x00, 0x73, 0x65, 0x71, 0x75,
  0x65, 0x6e, 0x74, 0x69, 0x61, 0x6c, 0x5f, 0x35, 0x2f, 0x73, 0x65, 0x71,
  0x75, 0x65, 0x6e, 0x74, 0x69, 0x61, 0x6c, 0x5f, 0x34, 0x2f, 0x64, 0x65,
  0x70, 0x74, 0x68, 0x77, 0x69, 0x73, 0x65, 0x5f, 0x63, 0x6f, 0x6e, 0x76,
  0x32, 0x64, 0x5f, 0x32, 0x2f, 0x42, 0x69, 0x61, 0x73, 0x41, 0x64, 0x64,
  0x3b, 0x73, 0x65, 0x71, 0x75, 0x65, 0x6e, 0x74, 0x69, 0x61, 0x6c, 0x5f,
  0x35, 0x2f, 0x73, 0x65, 0x71, 0x75, 0x65, 0x6e, 0x74, 0x69, 0x61, 0x6c,
  0x5f, 0x34, 0x2f, 0x64, 0x65, 0x70, 0x74, 0x68, 0x77, 0x69, 0x73, 0x65,
  0x5f, 0x63, 0x6f, 0x6e, 0x76, 0x32, 0x64, 0x5f, 0x32, 0x2f, 0x64, 0x65,
  0x70, 0x74, 0x68, 0x77, 0x69, 0x73, 0x65, 0x32, 0x00, 0x00, 0x00, 0x00,
  0x01, 0x00, 0x00, 0x00, 0x15, 0x00, 0x00, 0x00, 0x36, 0xf5, 0xff, 0xff,
  0x14, 0x00, 0x00, 0x00, 0x24, 0x01, 0x00, 0x00, 0x12, 0x00, 0x00, 0x00,
  0x00, 0x00, 0x00, 0x02, 0x8c, 0x01, 0x00, 0x00, 0xac, 0xf4, 0xff, 0xff,
  0x08, 0x00, 0x00, 0x00, 0xb4, 0x00, 0x00, 0x00, 0x15, 0x00, 0x00, 0x00,
  0x00, 0x00, 0x00, 0x00, 0x00, 0x00, 0x00, 0x00, 0x00, 0x00, 0x00, 0x00,
  0x00, 0x00, 0x00, 0x00, 0x00, 0x00, 0x00, 0x00, 0x00, 0x00, 0x00, 0x00,
  0x00, 0x00, 0x00, 0x00, 0x00, 0x00, 0x00, 0x00, 0x00, 0x00, 0x00, 0x00,
  0x00, 0x00, 0x00, 0x00, 0x00, 0x00, 0x00, 0x00, 0x00, 0x00, 0x00, 0x00,
  0x00, 0x00, 0x00, 0x00, 0x00, 0x00, 0x00, 0x00, 0x00, 0x00, 0x00, 0x00,
  0x00, 0x00, 0x00, 0x00, 0x00, 0x00, 0x00, 0x00, 0x00, 0x00, 0x00, 0x00,
  0x00, 0x00, 0x00, 0x00, 0x00, 0x00, 0x00, 0x00, 0x00, 0x00, 0x00, 0x00,
  0x00, 0x00, 0x00, 0x00, 0x00, 0x00, 0x00, 0x00, 0x00, 0x00, 0x00, 0x00,
  0x00, 0x00, 0x00, 0x00, 0x00, 0x00, 0x00, 0x00, 0x00, 0x00, 0x00, 0x00,
  0x00, 0x00, 0x00, 0x00, 0x00, 0x00, 0x00, 0x00, 0x00, 0x00, 0x00, 0x00,
  0x00, 0x00, 0x00, 0x00, 0x00, 0x00, 0x00, 0x00, 0x00, 0x00, 0x00, 0x00,
  0x00, 0x00, 0x00, 0x00, 0x00, 0x00, 0x00, 0x00, 0x00, 0x00, 0x00, 0x00,
  0x00, 0x00, 0x00, 0x00, 0x00, 0x00, 0x00, 0x00, 0x00, 0x00, 0x00, 0x00,
  0x00, 0x00, 0x00, 0x00, 0x00, 0x00, 0x00, 0x00, 0x00, 0x00, 0x00, 0x00,
  0x00, 0x00, 0x00, 0x00, 0x15, 0x00, 0x00, 0x00, 0x75, 0xb6, 0x8b, 0x36,
  0x11, 0x6d, 0x8f, 0x36, 0x3b, 0x91, 0x8f, 0x36, 0x25, 0xb4, 0x8d, 0x36,
  0x09, 0xd9, 0x8d, 0x36, 0xa0, 0xd1, 0x8f, 0x36, 0x7b, 0xd3, 0x8f, 0x36,
  0x36, 0x12, 0x8b, 0x36, 0xe5, 0x08, 0x8f, 0x36, 0xc1, 0x13, 0x8e, 0x36,
  0x8e, 0xba, 0x8c, 0x36, 0xe5, 0xa9, 0x8d, 0x36, 0x6e, 0x73, 0x86, 0x36,
  0x7a, 0xe7, 0x8f, 0x36, 0xf4, 0xb3, 0x8d, 0x36, 0xaa, 0x82, 0x8f, 0x36,
  0x37, 0x58, 0x8b, 0x36, 0xb3, 0xf1, 0x8c, 0x36, 0x4e, 0x8b, 0x8b, 0x36,
  0x74, 0x15, 0x8f, 0x36, 0x90, 0x27, 0x8f, 0x36, 0x6c, 0x00, 0x00, 0x00,
  0x73, 0x65, 0x71, 0x75, 0x65, 0x6e, 0x74, 0x69, 0x61, 0x6c, 0x5f, 0x35,
  0x2f, 0x73, 0x65, 0x71, 0x75, 0x65, 0x6e, 0x74, 0x69, 0x61, 0x6c, 0x5f,
  0x34, 0x2f, 0x64, 0x65, 0x70, 0x74, 0x68, 0x77, 0x69, 0x73, 0x65, 0x5f,
  0x63, 0x6f, 0x6e, 0x76, 0x32, 0x64, 0x5f, 0x32, 0x2f, 0x42, 0x69, 0x61,
  0x73, 0x41, 0x64, 0x64, 0x3b, 0x73, 0x65, 0x71, 0x75, 0x65, 0x6e, 0x74,
  0x69, 0x61, 0x6c, 0x5f, 0x35, 0x2f, 0x73, 0x65, 0x71, 0x75, 0x65, 0x6e,
  0x74, 0x69, 0x61, 0x6c, 0x5f, 0x34, 0x2f, 0x64, 0x65, 0x70, 0x74, 0x68,
  0x77, 0x69, 0x73, 0x65, 0x5f, 0x63, 0x6f, 0x6e, 0x76, 0x32, 0x64, 0x5f,
  0x32, 0x2f, 0x64, 0x65, 0x70, 0x74, 0x68, 0x77, 0x69, 0x73, 0x65, 0x31,
  0x00, 0x00, 0x00, 0x00, 0x01, 0x00, 0x00, 0x00, 0x15, 0x00, 0x00, 0x00,
  0xde, 0xf6, 0xff, 0xff, 0x14, 0x00, 0x00, 0x00, 0x20, 0x01, 0x00, 0x00,
  0x12, 0x00, 0x00, 0x00, 0x00, 0x00, 0x00, 0x02, 0x84, 0x01, 0x00, 0x00,
  0x54, 0xf6, 0xff, 0xff, 0x08, 0x00, 0x00, 0x00, 0xb0, 0x00, 0x00, 0x00,
  0x15, 0x00, 0x00, 0x00, 0x00, 0x00, 0x00, 0x00, 0x00, 0x00, 0x00, 0x00,
  0x00, 0x00, 0x00, 0x00, 0x00, 0x00, 0x00, 0x00, 0x00, 0x00, 0x00, 0x00,
  0x00, 0x00, 0x00, 0x00, 0x00, 0x00, 0x00, 0x00, 0x00, 0x00, 0x00, 0x00,
  0x00, 0x00, 0x00, 0x00, 0x00, 0x00, 0x00, 0x00, 0x00, 0x00, 0x00, 0x00,
  0x00, 0x00, 0x00, 0x00, 0x00, 0x00, 0x00, 0x00, 0x00, 0x00, 0x00, 0x00,
  0x00, 0x00, 0x00, 0x00, 0x00, 0x00, 0x00, 0x00, 0x00, 0x00, 0x00, 0x00,
  0x00, 0x00, 0x00, 0x00, 0x00, 0x00, 0x00, 0x00, 0x00, 0x00, 0x00, 0x00,
  0x00, 0x00, 0x00, 0x00, 0x00, 0x00, 0x00, 0x00, 0x00, 0x00, 0x00, 0x00,
  0x00, 0x00, 0x00, 0x00, 0x00, 0x00, 0x00, 0x00, 0x00, 0x00, 0x00, 0x00,
  0x00, 0x00, 0x00, 0x00, 0x00, 0x00, 0x00, 0x00, 0x00, 0x00, 0x00, 0x00,
  0x00, 0x00, 0x00, 0x00, 0x00, 0x00, 0x00, 0x00, 0x00, 0x00, 0x00, 0x00,
  0x00, 0x00, 0x00, 0x00, 0x00, 0x00, 0x00, 0x00, 0x00, 0x00, 0x00, 0x00,
  0x00, 0x00, 0x00, 0x00, 0x00, 0x00, 0x00, 0x00, 0x00, 0x00, 0x00, 0x00,
  0x00, 0x00, 0x00, 0x00, 0x00, 0x00, 0x00, 0x00, 0x00, 0x00, 0x00, 0x00,
  0x00, 0x00, 0x00, 0x00, 0x15, 0x00, 0x00, 0x00, 0x3d, 0x9f, 0x9d, 0x37,
  0xad, 0xb5, 0x9d, 0x37, 0x7f, 0xd5, 0x9e, 0x37, 0x64, 0xcf, 0xa0, 0x37,
  0xed, 0x22, 0xa1, 0x37, 0x9b, 0x47, 0xa1, 0x37, 0x42, 0x42, 0xa0, 0x37,
  0x9d, 0xc7, 0xa0, 0x37, 0xbb, 0xa5, 0xa0, 0x37, 0x2b, 0x0c, 0x9f, 0x37,
  0xc5, 0x2d, 0xa1, 0x37, 0x17, 0x77, 0x9e, 0x37, 0x11, 0xce, 0xa0, 0x37,
  0x76, 0x7f, 0xa1, 0x37, 0x8e, 0x8b, 0xa0, 0x37, 0x90, 0xe5, 0xa0, 0x37,
  0xd7, 0x8d, 0xa1, 0x37, 0xf0, 0x2c, 0xa1, 0x37, 0xec, 0x19, 0xa1, 0x37,
  0xe7, 0x31, 0xa0, 0x37, 0x12, 0x63, 0xa1, 0x37, 0x6b, 0x00, 0x00, 0x00,
  0x73, 0x65, 0x71, 0x75, 0x65, 0x6e, 0x74, 0x69, 0x61, 0x6c, 0x5f, 0x35,
  0x2f, 0x73, 0x65, 0x71, 0x75, 0x65, 0x6e, 0x74, 0x69, 0x61, 0x6c, 0x5f,
  0x34, 0x2f, 0x64, 0x65, 0x70, 0x74, 0x68, 0x77, 0x69, 0x73, 0x65, 0x5f,
  0x63, 0x6f, 0x6e, 0x76, 0x32, 0x64, 0x5f, 0x32, 0x2f, 0x42, 0x69, 0x61,
  0x73, 0x41, 0x64, 0x64, 0x3b, 0x73, 0x65, 0x71, 0x75, 0x65, 0x6e, 0x74,
  0x69, 0x61, 0x6c, 0x5f, 0x35, 0x2f, 0x73, 0x65, 0x71, 0x75, 0x65, 0x6e,
  0x74, 0x69, 0x61, 0x6c, 0x5f, 0x34, 0x2f, 0x64, 0x65, 0x70, 0x74, 0x68,
  0x77, 0x69, 0x73, 0x65, 0x5f, 0x63, 0x6f, 0x6e, 0x76, 0x32, 0x64, 0x5f,
  0x32, 0x2f, 0x64, 0x65, 0x70, 0x74, 0x68, 0x77, 0x69, 0x73, 0x65, 0x00,
  0x01, 0x00, 0x00, 0x00, 0x15, 0x00, 0x00, 0x00, 0x7e, 0xf8, 0xff, 0xff,
  0x14, 0x00, 0x00, 0x00, 0x20, 0x01, 0x00, 0x00, 0x11, 0x00, 0x00, 0x00,
  0x00, 0x00, 0x00, 0x09, 0x40, 0x01, 0x00, 0x00, 0xf4, 0xf7, 0xff, 0xff,
  0x08, 0x00, 0x00, 0x00, 0xb0, 0x00, 0x00, 0x00, 0x15, 0x00, 0x00, 0x00,
  0x00, 0x00, 0x00, 0x00, 0x00, 0x00, 0x00, 0x00, 0x00, 0x00, 0x00, 0x00,
  0x00, 0x00, 0x00, 0x00, 0x00, 0x00, 0x00, 0x00, 0x00, 0x00, 0x00, 0x00,
  0x00, 0x00, 0x00, 0x00, 0x00, 0x00, 0x00, 0x00, 0x00, 0x00, 0x00, 0x00,
  0x00, 0x00, 0x00, 0x00, 0x00, 0x00, 0x00, 0x00, 0x00, 0x00, 0x00, 0x00,
  0x00, 0x00, 0x00, 0x00, 0x00, 0x00, 0x00, 0x00, 0x00, 0x00, 0x00, 0x00,
  0x00, 0x00, 0x00, 0x00, 0x00, 0x00, 0x00, 0x00, 0x00, 0x00, 0x00, 0x00,
  0x00, 0x00, 0x00, 0x00, 0x00, 0x00, 0x00, 0x00, 0x00, 0x00, 0x00, 0x00,
  0x00, 0x00, 0x00, 0x00, 0x00, 0x00, 0x00, 0x00, 0x00, 0x00, 0x00, 0x00,
  0x00, 0x00, 0x00, 0x00, 0x00, 0x00, 0x00, 0x00, 0x00, 0x00, 0x00, 0x00,
  0x00, 0x00, 0x00, 0x00, 0x00, 0x00, 0x00, 0x00, 0x00, 0x00, 0x00, 0x00,
  0x00, 0x00, 0x00, 0x00, 0x00, 0x00, 0x00, 0x00, 0x00, 0x00, 0x00, 0x00,
  0x00, 0x00, 0x00, 0x00, 0x00, 0x00, 0x00, 0x00, 0x00, 0x00, 0x00, 0x00,
  0x00, 0x00, 0x00, 0x00, 0x00, 0x00, 0x00, 0x00, 0x00, 0x00, 0x00, 0x00,
  0x00, 0x00, 0x00, 0x00, 0x00, 0x00, 0x00, 0x00, 0x00, 0x00, 0x00, 0x00,
  0x15, 0x00, 0x00, 0x00, 0x07, 0xca, 0xbf, 0x39, 0x54, 0xe5, 0xbf, 0x39,
  0x89, 0x43, 0xc1, 0x39, 0x18, 0xab, 0xc3, 0x39, 0xbc, 0x10, 0xc4, 0x39,
  0x5d, 0x3d, 0xc4, 0x39, 0x5e, 0xff, 0xc2, 0x39, 0xa1, 0xa1, 0xc3, 0x39,
  0x67, 0x78, 0xc3, 0x39, 0x0f, 0x86, 0xc1, 0x39, 0xee, 0x1d, 0xc4, 0x39,
  0xab, 0xd0, 0xc0, 0x39, 0x7b, 0xa9, 0xc3, 0x39, 0x54, 0x81, 0xc4, 0x39,
  0x8d, 0x58, 0xc3, 0x39, 0x12, 0xc6, 0xc3, 0x39, 0xd3, 0x92, 0xc4, 0x39,
  0xea, 0x1c, 0xc4, 0x39, 0xc7, 0x05, 0xc4, 0x39, 0x77, 0xeb, 0xc2, 0x39,
  0xc9, 0x5e, 0xc4, 0x39, 0x27, 0x00, 0x00, 0x00, 0x73, 0x65, 0x71, 0x75,
  0x65, 0x6e, 0x74, 0x69, 0x61, 0x6c, 0x5f, 0x35, 0x2f, 0x73, 0x65, 0x71,
  0x75, 0x65, 0x6e, 0x74, 0x69, 0x61, 0x6c, 0x5f, 0x32, 0x2f, 0x63, 0x6f,
  0x6e, 0x76, 0x32, 0x64, 0x2f, 0x43, 0x6f, 0x6e, 0x76, 0x32, 0x44, 0x00,
  0x04, 0x00, 0x00, 0x00, 0x15, 0x00, 0x00, 0x00, 0x0a, 0x00, 0x00, 0x00,
  0x0c, 0x00, 0x00, 0x00, 0x01, 0x00, 0x00, 0x00, 0xe6, 0xf9, 0xff, 0xff,
  0x14, 0x00, 0x00, 0x00, 0x34, 0x00, 0x00, 0x00, 0x10, 0x00, 0x00, 0x00,
  0x00, 0x00, 0x00, 0x02, 0xd4, 0x00, 0x00, 0x00, 0x5c, 0xf9, 0xff, 0xff,
  0x08, 0x00, 0x00, 0x00, 0x14, 0x00, 0x00, 0x00, 0x01, 0x00, 0x00, 0x00,
  0x00, 0x00, 0x00, 0x00, 0x00, 0x00, 0x00, 0x00, 0x00, 0x00, 0x00, 0x00,
  0x01, 0x00, 0x00, 0x00, 0xb1, 0x79, 0x4a, 0x39, 0xa6, 0x00, 0x00, 0x00,
  0x73, 0x65, 0x71, 0x75, 0x65, 0x6e, 0x74, 0x69, 0x61, 0x6c, 0x5f, 0x35,
  0x2f, 0x73, 0x65, 0x71, 0x75, 0x65, 0x6e, 0x74, 0x69, 0x61, 0x6c, 0x5f,
  0x31, 0x2f, 0x62, 0x61, 0x74, 0x63, 0x68, 0x5f, 0x6e, 0x6f, 0x72, 0x6d,
  0x61, 0x6c, 0x69, 0x7a, 0x61, 0x74, 0x69, 0x6f, 0x6e, 0x2f, 0x46, 0x75,
  0x73, 0x65, 0x64, 0x42, 0x61, 0x74, 0x63, 0x68, 0x4e, 0x6f, 0x72, 0x6d,
  0x56, 0x33, 0x3b, 0x73, 0x65, 0x71, 0x75, 0x65, 0x6e, 0x74, 0x69, 0x61,
  0x6c, 0x5f, 0x35, 0x2f, 0x73, 0x65, 0x71, 0x75, 0x65, 0x6e, 0x74, 0x69,
  0x61, 0x6c, 0x5f, 0x31, 0x2f, 0x64, 0x65, 0x70, 0x74, 0x68, 0x77, 0x69,
  0x73, 0x65, 0x5f, 0x63, 0x6f, 0x6e, 0x76, 0x32, 0x64, 0x2f, 0x64, 0x65,
  0x70, 0x74, 0x68, 0x77, 0x69, 0x73, 0x65, 0x3b, 0x73, 0x65, 0x71, 0x75,
  0x65, 0x6e, 0x74, 0x69, 0x61, 0x6c, 0x5f, 0x35, 0x2f, 0x73, 0x65, 0x71,
  0x75, 0x65, 0x6e, 0x74, 0x69, 0x61, 0x6c, 0x5f, 0x31, 0x2f, 0x64, 0x65,
  0x70, 0x74, 0x68, 0x77, 0x69, 0x73, 0x65, 0x5f, 0x63, 0x6f, 0x6e, 0x76,
  0x32, 0x64, 0x2f, 0x42, 0x69, 0x61, 0x73, 0x41, 0x64, 0x64, 0x00, 0x00,
  0x01, 0x00, 0x00, 0x00, 0x01, 0x00, 0x00, 0x00, 0xd6, 0xfa, 0xff, 0xff,
  0x28, 0x00, 0x00, 0x00, 0x48, 0x00, 0x00, 0x00, 0x0f, 0x00, 0x00, 0x00,
  0x00, 0x00, 0x00, 0x09, 0xe8, 0x00, 0x00, 0x00, 0x00, 0x00, 0x12, 0x00,
  0x10, 0x00, 0x00, 0x00, 0x00, 0x00, 0x0c, 0x00, 0x08, 0x00, 0x00, 0x00,
  0x00, 0x00, 0x04, 0x00, 0x12, 0x00, 0x00, 0x00, 0x03, 0x00, 0x00, 0x00,
  0x08, 0x00, 0x00, 0x00, 0x10, 0x00, 0x00, 0x00, 0x01, 0x00, 0x00, 0x00,
  0x00, 0x00, 0x00, 0x00, 0x00, 0x00, 0x00, 0x00, 0x01, 0x00, 0x00, 0x00,
  0x82, 0x21, 0xe1, 0x3a, 0xa7, 0x00, 0x00, 0x00, 0x73, 0x65, 0x71, 0x75,
  0x65, 0x6e, 0x74, 0x69, 0x61, 0x6c, 0x5f, 0x35, 0x2f, 0x73, 0x65, 0x71,
  0x75, 0x65, 0x6e, 0x74, 0x69, 0x61, 0x6c, 0x5f, 0x31, 0x2f, 0x62, 0x61,
  0x74, 0x63, 0x68, 0x5f, 0x6e, 0x6f, 0x72, 0x6d, 0x61, 0x6c, 0x69, 0x7a,
  0x61, 0x74, 0x69, 0x6f, 0x6e, 0x2f, 0x46, 0x75, 0x73, 0x65, 0x64, 0x42,
  0x61, 0x74, 0x63, 0x68, 0x4e, 0x6f, 0x72, 0x6d, 0x56, 0x33, 0x3b, 0x73,
  0x65, 0x71, 0x75, 0x65, 0x6e, 0x74, 0x69, 0x61, 0x6c, 0x5f, 0x35, 0x2f,
  0x73, 0x65, 0x71, 0x75, 0x65, 0x6e, 0x74, 0x69, 0x61, 0x6c, 0x5f, 0x31,
  0x2f, 0x64, 0x65, 0x70, 0x74, 0x68, 0x77, 0x69, 0x73, 0x65, 0x5f, 0x63,
  0x6f, 0x6e, 0x76, 0x32, 0x64, 0x2f, 0x64, 0x65, 0x70, 0x74, 0x68, 0x77,
  0x69, 0x73, 0x65, 0x3b, 0x73, 0x65, 0x71, 0x75, 0x65, 0x6e, 0x74, 0x69,
  0x61, 0x6c, 0x5f, 0x35, 0x2f, 0x73, 0x65, 0x71, 0x75, 0x65, 0x6e, 0x74,
  0x69, 0x61, 0x6c, 0x5f, 0x31, 0x2f, 0x64, 0x65, 0x70, 0x74, 0x68, 0x77,
  0x69, 0x73, 0x65, 0x5f, 0x63, 0x6f, 0x6e, 0x76, 0x32, 0x64, 0x2f, 0x42,
  0x69, 0x61, 0x73, 0x41, 0x64, 0x64, 0x31, 0x00, 0x04, 0x00, 0x00, 0x00,
  0x01, 0x00, 0x00, 0x00, 0x06, 0x00, 0x00, 0x00, 0x0a, 0x00, 0x00, 0x00,
  0x01, 0x00, 0x00, 0x00, 0xe6, 0xfb, 0xff, 0xff, 0x14, 0x00, 0x00, 0x00,
  0x34, 0x00, 0x00, 0x00, 0x0e, 0x00, 0x00, 0x00, 0x00, 0x00, 0x00, 0x09,
  0x38, 0x00, 0x00, 0x00, 0x5c, 0xfb, 0xff, 0xff, 0x08, 0x00, 0x00, 0x00,
  0x14, 0x00, 0x00, 0x00, 0x01, 0x00, 0x00, 0x00, 0x00, 0x00, 0x00, 0x00,
  0x00, 0x00, 0x00, 0x00, 0x00, 0x00, 0x00, 0x00, 0x01, 0x00, 0x00, 0x00,
  0x04, 0x02, 0x01, 0x3c, 0x08, 0x00, 0x00, 0x00, 0x4d, 0x61, 0x74, 0x4d,
  0x75, 0x6c, 0x5f, 0x31, 0x00, 0x00, 0x00, 0x00, 0x02, 0x00, 0x00, 0x00,
  0x39, 0x00, 0x00, 0x00, 0x70, 0x00, 0x00, 0x00, 0x3e, 0xfc, 0xff, 0xff,
  0x14, 0x00, 0x00, 0x00, 0x30, 0x00, 0x00, 0x00, 0x0d, 0x00, 0x00, 0x00,
  0x00, 0x00, 0x00, 0x09, 0x30, 0x00, 0x00, 0x00, 0xb4, 0xfb, 0xff, 0xff,
  0x08, 0x00, 0x00, 0x00, 0x10, 0x00, 0x00, 0x00, 0x01, 0x00, 0x00, 0x00,
  0x00, 0x00, 0x00, 0x00, 0x00, 0x00, 0x00, 0x00, 0x01, 0x00, 0x00, 0x00,
  0x04, 0x02, 0x01, 0x3c, 0x06, 0x00, 0x00, 0x00, 0x4d, 0x61, 0x74, 0x4d,
  0x75, 0x6c, 0x00, 0x00, 0x02, 0x00, 0x00, 0x00, 0x39, 0x00, 0x00, 0x00,
  0x70, 0x00, 0x00, 0x00, 0x8e, 0xfc, 0xff, 0xff, 0x14, 0x00, 0x00, 0x00,
  0x30, 0x00, 0x00, 0x00, 0x0c, 0x00, 0x00, 0x00, 0x00, 0x00, 0x00, 0x09,
  0x4c, 0x00, 0x00, 0x00, 0x04, 0xfc, 0xff, 0xff, 0x08, 0x00, 0x00, 0x00,
  0x10, 0x00, 0x00, 0x00, 0x01, 0x00, 0x00, 0x00, 0x80, 0xff, 0xff, 0xff,
  0xff, 0xff, 0xff, 0xff, 0x01, 0x00, 0x00, 0x00, 0x81, 0x80, 0x80, 0x3b,
  0x20, 0x00, 0x00, 0x00, 0x73, 0x65, 0x71, 0x75, 0x65, 0x6e, 0x74, 0x69,
  0x61, 0x6c, 0x5f, 0x35, 0x2f, 0x73, 0x74, 0x66, 0x74, 0x5f, 0x74, 0x66,
  0x6c, 0x69, 0x74, 0x65, 0x2f, 0x52, 0x65, 0x73, 0x68, 0x61, 0x70, 0x65,
  0x00, 0x00, 0x00, 0x00, 0x02, 0x00, 0x00, 0x00, 0x01, 0x00, 0x00, 0x00,
  0x70, 0x00, 0x00, 0x00, 0xfa, 0xfc, 0xff, 0xff, 0x14, 0x00, 0x00, 0x00,
  0x14, 0x00, 0x00, 0x00, 0x0b, 0x00, 0x00, 0x00, 0x00, 0x00, 0x00, 0x02,
  0x44, 0x00, 0x00, 0x00, 0xec, 0xfc, 0xff, 0xff, 0x37, 0x00, 0x00, 0x00,
  0x73, 0x65, 0x71, 0x75, 0x65, 0x6e, 0x74, 0x69, 0x61, 0x6c, 0x5f, 0x35,
  0x2f, 0x67, 0x6c, 0x6f, 0x62, 0x61, 0x6c, 0x5f, 0x6d, 0x61, 0x78, 0x5f,
  0x70, 0x6f, 0x6f, 0x6c, 0x69, 0x6e, 0x67, 0x32, 0x64, 0x2f, 0x4d, 0x61,
  0x78, 0x2f, 0x72, 0x65, 0x64, 0x75, 0x63, 0x74, 0x69, 0x6f, 0x6e, 0x5f,
  0x69, 0x6e, 0x64, 0x69, 0x63, 0x65, 0x73, 0x00, 0x01, 0x00, 0x00, 0x00,
  0x02, 0x00, 0x00, 0x00, 0x5a, 0xfd, 0xff, 0xff, 0x14, 0x00, 0x00, 0x00,
  0x14, 0x00, 0x00, 0x00, 0x0a, 0x00, 0x00, 0x00, 0x00, 0x00, 0x00, 0x02,
  0x38, 0x00, 0x00, 0x00, 0x4c, 0xfd, 0xff, 0xff, 0x2a, 0x00, 0x00, 0x00,
  0x73, 0x65, 0x71, 0x75, 0x65, 0x6e, 0x74, 0x69, 0x61, 0x6c, 0x5f, 0x35,
  0x2f, 0x6d, 0x61, 0x67, 0x6e, 0x69, 0x74, 0x75, 0x64, 0x65, 0x5f, 0x74,
  0x66, 0x6c, 0x69, 0x74, 0x65, 0x2f, 0x6e, 0x6f, 0x72, 0x6d, 0x2f, 0x53,
  0x71, 0x75, 0x65, 0x65, 0x7a, 0x65, 0x00, 0x00, 0x01, 0x00, 0x00, 0x00,
  0x04, 0x00, 0x00, 0x00, 0xae, 0xfd, 0xff, 0xff, 0x14, 0x00, 0x00, 0x00,
  0x14, 0x00, 0x00, 0x00, 0x09, 0x00, 0x00, 0x00, 0x00, 0x00, 0x00, 0x02,
  0x48, 0x00, 0x00, 0x00, 0xa0, 0xfd, 0xff, 0xff, 0x38, 0x00, 0x00, 0x00,
  0x73, 0x65, 0x71, 0x75, 0x65, 0x6e, 0x74, 0x69, 0x61, 0x6c, 0x5f, 0x35,
  0x2f, 0x6d, 0x61, 0x67, 0x6e, 0x69, 0x74, 0x75, 0x64, 0x65, 0x5f, 0x74,
  0x66, 0x6c, 0x69, 0x74, 0x65, 0x2f, 0x6e, 0x6f, 0x72, 0x6d, 0x2f, 0x53,
  0x75, 0x6d, 0x2f, 0x72, 0x65, 0x64, 0x75, 0x63, 0x74, 0x69, 0x6f, 0x6e,
  0x5f, 0x69, 0x6e, 0x64, 0x69, 0x63, 0x65, 0x73, 0x00, 0x00, 0x00, 0x00,
  0x01, 0x00, 0x00, 0x00, 0x01, 0x00, 0x00, 0x00, 0x12, 0xfe, 0xff, 0xff,
  0x14, 0x00, 0x00, 0x00, 0x14, 0x00, 0x00, 0x00, 0x08, 0x00, 0x00, 0x00,
  0x00, 0x00, 0x00, 0x02, 0x34, 0x00, 0x00, 0x00, 0x04, 0xfe, 0xff, 0xff,
  0x24, 0x00, 0x00, 0x00, 0x73, 0x65, 0x71, 0x75, 0x65, 0x6e, 0x74, 0x69,
  0x61, 0x6c, 0x5f, 0x35, 0x2f, 0x73, 0x74, 0x66, 0x74, 0x5f, 0x74, 0x66,
  0x6c, 0x69, 0x74, 0x65, 0x2f, 0x74, 0x72, 0x61, 0x6e, 0x73, 0x70, 0x6f,
  0x73, 0x65, 0x5f, 0x31, 0x00, 0x00, 0x00, 0x00, 0x01, 0x00, 0x00, 0x00,
  0x05, 0x00, 0x00, 0x00, 0x62, 0xfe, 0xff, 0xff, 0x14, 0x00, 0x00, 0x00,
  0x14, 0x00, 0x00, 0x00, 0x07, 0x00, 0x00, 0x00, 0x00, 0x00, 0x00, 0x02,
  0x38, 0x00, 0x00, 0x00, 0x54, 0xfe, 0xff, 0xff, 0x28, 0x00, 0x00, 0x00,
  0x73, 0x65, 0x71, 0x75, 0x65, 0x6e, 0x74, 0x69, 0x61, 0x6c, 0x5f, 0x35,
  0x2f, 0x73, 0x74, 0x66, 0x74, 0x5f, 0x74, 0x66, 0x6c, 0x69, 0x74, 0x65,
  0x2f, 0x52, 0x65, 0x73, 0x68, 0x61, 0x70, 0x65, 0x5f, 0x32, 0x2f, 0x73,
  0x68, 0x61, 0x70, 0x65, 0x00, 0x00, 0x00, 0x00, 0x01, 0x00, 0x00, 0x00,
  0x04, 0x00, 0x00, 0x00, 0xb6, 0xfe, 0xff, 0xff, 0x14, 0x00, 0x00, 0x00,
  0x14, 0x00, 0x00, 0x00, 0x06, 0x00, 0x00, 0x00, 0x00, 0x00, 0x00, 0x02,
  0x38, 0x00, 0x00, 0x00, 0xa8, 0xfe, 0xff, 0xff, 0x29, 0x00, 0x00, 0x00,
  0x73, 0x65, 0x71, 0x75, 0x65, 0x6e, 0x74, 0x69, 0x61, 0x6c, 0x5f, 0x35,
  0x2f, 0x73, 0x74, 0x66, 0x74, 0x5f, 0x74, 0x66, 0x6c, 0x69, 0x74, 0x65,
  0x2f, 0x47, 0x61, 0x74, 0x68, 0x65, 0x72, 0x56, 0x32, 0x2f, 0x69, 0x6e,
  0x64, 0x69, 0x63, 0x65, 0x73, 0x00, 0x00, 0x00, 0x02, 0x00, 0x00, 0x00,
  0x07, 0x00, 0x00, 0x00, 0x07, 0x00, 0x00, 0x00, 0x0e, 0xff, 0xff, 0xff,
  0x14, 0x00, 0x00, 0x00, 0x14, 0x00, 0x00, 0x00, 0x05, 0x00, 0x00, 0x00,
  0x00, 0x00, 0x00, 0x02, 0x38, 0x00, 0x00, 0x00, 0x00, 0xff, 0xff, 0xff,
  0x28, 0x00, 0x00, 0x00, 0x73, 0x65, 0x71, 0x75, 0x65, 0x6e, 0x74, 0x69,
  0x61, 0x6c, 0x5f, 0x35, 0x2f, 0x73, 0x74, 0x66, 0x74, 0x5f, 0x74, 0x66,
  0x6c, 0x69, 0x74, 0x65, 0x2f, 0x52, 0x65, 0x73, 0x68, 0x61, 0x70, 0x65,
  0x5f, 0x31, 0x2f, 0x73, 0x68, 0x61, 0x70, 0x65, 0x00, 0x00, 0x00, 0x00,
  0x01, 0x00, 0x00, 0x00, 0x04, 0x00, 0x00, 0x00, 0x62, 0xff, 0xff, 0xff,
  0x14, 0x00, 0x00, 0x00, 0x14, 0x00, 0x00, 0x00, 0x04, 0x00, 0x00, 0x00,
  0x00, 0x00, 0x00, 0x02, 0x30, 0x00, 0x00, 0x00, 0x54, 0xff, 0xff, 0xff,
  0x23, 0x00, 0x00, 0x00, 0x73, 0x65, 0x71, 0x75, 0x65, 0x6e, 0x74, 0x69,
  0x61, 0x6c, 0x5f, 0x35, 0x2f, 0x73, 0x74, 0x66, 0x74, 0x5f, 0x74, 0x66,
  0x6c, 0x69, 0x74, 0x65, 0x2f, 0x53, 0x6c, 0x69, 0x63, 0x65, 0x2f, 0x73,
  0x69, 0x7a, 0x65, 0x00, 0x01, 0x00, 0x00, 0x00, 0x03, 0x00, 0x00, 0x00,
  0xae, 0xff, 0xff, 0xff, 0x14, 0x00, 0x00, 0x00, 0x14, 0x00, 0x00, 0x00,
  0x03, 0x00, 0x00, 0x00, 0x00, 0x00, 0x00, 0x02, 0x34, 0x00, 0x00, 0x00,
  0xa0, 0xff, 0xff, 0xff, 0x24, 0x00, 0x00, 0x00, 0x73, 0x65, 0x71, 0x75,
  0x65, 0x6e, 0x74, 0x69, 0x61, 0x6c, 0x5f, 0x35, 0x2f, 0x73, 0x74, 0x66,
  0x74, 0x5f, 0x74, 0x66, 0x6c, 0x69, 0x74, 0x65, 0x2f, 0x53, 0x6c, 0x69,
  0x63, 0x65, 0x2f, 0x62, 0x65, 0x67, 0x69, 0x6e, 0x00, 0x00, 0x00, 0x00,
  0x01, 0x00, 0x00, 0x00, 0x03, 0x00, 0x00, 0x00, 0x00, 0x00, 0x0e, 0x00,
  0x18, 0x00, 0x14, 0x00, 0x13, 0x00, 0x0c, 0x00, 0x08, 0x00, 0x04, 0x00,
  0x0e, 0x00, 0x00, 0x00, 0x18, 0x00, 0x00, 0x00, 0x18, 0x00, 0x00, 0x00,
  0x02, 0x00, 0x00, 0x00, 0x00, 0x00, 0x00, 0x02, 0x38, 0x00, 0x00, 0x00,
  0x04, 0x00, 0x04, 0x00, 0x04, 0x00, 0x00, 0x00, 0x27, 0x00, 0x00, 0x00,
  0x73, 0x65, 0x71, 0x75, 0x65, 0x6e, 0x74, 0x69, 0x61, 0x6c, 0x5f, 0x35,
  0x2f, 0x73, 0x74, 0x66, 0x74, 0x5f, 0x74, 0x66, 0x6c, 0x69, 0x74, 0x65,
  0x2f, 0x74, 0x72, 0x61, 0x6e, 0x73, 0x70, 0x6f, 0x73, 0x65, 0x2f, 0x70,
  0x65, 0x72, 0x6d, 0x00, 0x01, 0x00, 0x00, 0x00, 0x03, 0x00, 0x00, 0x00,
  0x14, 0x00, 0x1c, 0x00, 0x18, 0x00, 0x17, 0x00, 0x10, 0x00, 0x0c, 0x00,
  0x08, 0x00, 0x00, 0x00, 0x00, 0x00, 0x04, 0x00, 0x14, 0x00, 0x00, 0x00,
  0x18, 0x00, 0x00, 0x00, 0x30, 0x00, 0x00, 0x00, 0x50, 0x00, 0x00, 0x00,
  0x01, 0x00, 0x00, 0x00, 0x00, 0x00, 0x00, 0x09, 0x64, 0x00, 0x00, 0x00,
  0x03, 0x00, 0x00, 0x00, 0xff, 0xff, 0xff, 0xff, 0x00, 0x04, 0x00, 0x00,
  0x01, 0x00, 0x00, 0x00, 0x0c, 0x00, 0x0c, 0x00, 0x00, 0x00, 0x00, 0x00,
  0x08, 0x00, 0x04, 0x00, 0x0c, 0x00, 0x00, 0x00, 0x08, 0x00, 0x00, 0x00,
  0x14, 0x00, 0x00, 0x00, 0x01, 0x00, 0x00, 0x00, 0x80, 0xff, 0xff, 0xff,
  0xff, 0xff, 0xff, 0xff, 0x00, 0x00, 0x00, 0x00, 0x01, 0x00, 0x00, 0x00,
  0x68, 0x80, 0x80, 0x3b, 0x19, 0x00, 0x00, 0x00, 0x73, 0x65, 0x72, 0x76,
  0x69, 0x6e, 0x67, 0x5f, 0x64, 0x65, 0x66, 0x61, 0x75, 0x6c, 0x74, 0x5f,
  0x69, 0x6e, 0x70, 0x75, 0x74, 0x5f, 0x32, 0x3a, 0x30, 0x00, 0x00, 0x00,
  0x03, 0x00, 0x00, 0x00, 0x01, 0x00, 0x00, 0x00, 0x00, 0x04, 0x00, 0x00,
  0x01, 0x00, 0x00, 0x00, 0x12, 0x00, 0x00, 0x00, 0x60, 0x01, 0x00, 0x00,
  0x40, 0x01, 0x00, 0x00, 0x30, 0x01, 0x00, 0x00, 0x10, 0x01, 0x00, 0x00,
  0xfc, 0x00, 0x00, 0x00, 0xe8, 0x00, 0x00, 0x00, 0xd4, 0x00, 0x00, 0x00,
  0xc0, 0x00, 0x00, 0x00, 0xac, 0x00, 0x00, 0x00, 0x9c, 0x00, 0x00, 0x00,
  0x8c, 0x00, 0x00, 0x00, 0x78, 0x00, 0x00, 0x00, 0x68, 0x00, 0x00, 0x00,
  0x54, 0x00, 0x00, 0x00, 0x40, 0x00, 0x00, 0x00, 0x2c, 0x00, 0x00, 0x00,
  0x18, 0x00, 0x00, 0x00, 0x04, 0x00, 0x00, 0x00, 0xf4, 0xfe, 0xff, 0xff,
  0x19, 0x00, 0x00, 0x00, 0x02, 0x00, 0x00, 0x00, 0x00, 0x00, 0x00, 0x19,
  0x04, 0xff, 0xff, 0xff, 0x52, 0x00, 0x00, 0x00, 0x02, 0x00, 0x00, 0x00,
  0x00, 0x00, 0x00, 0x52, 0x14, 0xff, 0xff, 0xff, 0x11, 0x00, 0x00, 0x00,
  0x02, 0x00, 0x00, 0x00, 0x00, 0x00, 0x00, 0x11, 0x24, 0xff, 0xff, 0xff,
  0x1c, 0x00, 0x00, 0x00, 0x02, 0x00, 0x00, 0x00, 0x00, 0x00, 0x00, 0x1c,
  0x34, 0xff, 0xff, 0xff, 0x03, 0x00, 0x00, 0x00, 0x03, 0x00, 0x00, 0x00,
  0x00, 0x00, 0x00, 0x03, 0x6c, 0xff, 0xff, 0xff, 0x62, 0x00, 0x00, 0x00,
  0x00, 0x00, 0x00, 0x62, 0x50, 0xff, 0xff, 0xff, 0x04, 0x00, 0x00, 0x00,
  0x03, 0x00, 0x00, 0x00, 0x00, 0x00, 0x00, 0x04, 0x88, 0xff, 0xff, 0xff,
  0x72, 0x00, 0x00, 0x00, 0x00, 0x00, 0x00, 0x72, 0x94, 0xff, 0xff, 0xff,
  0x4b, 0x00, 0x00, 0x00, 0x00, 0x00, 0x00, 0x4b, 0x78, 0xff, 0xff, 0xff,
  0x06, 0x00, 0x00, 0x00, 0x02, 0x00, 0x00, 0x00, 0x00, 0x00, 0x00, 0x06,
  0x88, 0xff, 0xff, 0xff, 0x4a, 0x00, 0x00, 0x00, 0x02, 0x00, 0x00, 0x00,
  0x00, 0x00, 0x00, 0x4a, 0x98, 0xff, 0xff, 0xff, 0x53, 0x00, 0x00, 0x00,
  0x02, 0x00, 0x00, 0x00, 0x00, 0x00, 0x00, 0x53, 0xa8, 0xff, 0xff, 0xff,
  0x09, 0x00, 0x00, 0x00, 0x05, 0x00, 0x00, 0x00, 0x00, 0x00, 0x00, 0x09,
  0xb8, 0xff, 0xff, 0xff, 0x12, 0x00, 0x00, 0x00, 0x02, 0x00, 0x00, 0x00,
  0x00, 0x00, 0x00, 0x12, 0xc8, 0xff, 0xff, 0xff, 0x24, 0x00, 0x00, 0x00,
  0x02, 0x00, 0x00, 0x00, 0x00, 0x00, 0x00, 0x24, 0x0c, 0x00, 0x0c, 0x00,
  0x0b, 0x00, 0x00, 0x00, 0x00, 0x00, 0x04, 0x00, 0x0c, 0x00, 0x00, 0x00,
  0x16, 0x00, 0x00, 0x00, 0x00, 0x00, 0x00, 0x16, 0xf0, 0xff, 0xff, 0xff,
  0x41, 0x00, 0x00, 0x00, 0x02, 0x00, 0x00, 0x00, 0x00, 0x00, 0x00, 0x41,
  0x0c, 0x00, 0x10, 0x00, 0x0f, 0x00, 0x00, 0x00, 0x08, 0x00, 0x04, 0x00,
  0x0c, 0x00, 0x00, 0x00, 0x27, 0x00, 0x00, 0x00, 0x02, 0x00, 0x00, 0x00,
  0x00, 0x00, 0x00, 0x27
};
unsigned int _data_du92wufe_EvoNAS_Results_evonas_20241216_124839_daliac_Generation_1_crimson_nautilus_1_models_model_tflite_untrained_tflite_len = 33040;
